start,end,id,type,position,regions,bounding_box,distances,vessel,loitering
2026-04-29T16:59:09Z,2026-05-04T13:52:19Z,43f0f6df45a8ac663f92263e597b3bde,loitering,"{'lat': 25.428, 'lon': 56.7484}","{'mpa': [], 'eez': ['8360'], 'rfmo': ['IOTC', 'RECOFI', 'IWC', 'ACAP'], 'fao': ['51', '51.3'], 'major_fao': ['51'], 'eez_12_nm': [], 'high_seas': [], 'mpa_no_take_partial': [], 'mpa_no_take': []}","[56.75728333333333, 25.41924, 56.739555, 25.43683]","{'start_distance_from_shore_km': 40.0, 'end_distance_from_shore_km': 38.0, 'start_distance_from_port_km': 16.223225, 'end_distance_from_port_km': 14.746888}","{'id': '77c8e4b10-0411-a997-aa77-4b326e2f9903', 'name': 'VALENTINA SEA', 'ssvid': '374232000', 'flag': 'PAN', 'type': 'cargo', 'public_authorizations': [], 'nextPort': {'id': 'omn-sohar', 'flag': 'OMN', 'name': None, 'portVisitEventId': 'cdd757d5576ea70bc984227c3acd3da6'}}","{'total_time_hours': 116.8861111111111, 'total_distance_km': 18.917672984124664, 'average_speed_knots': 0.08739041906885417, 'average_distance_from_shore_km': 38.003396592287785}"
2026-05-04T16:11:26Z,2026-05-04T20:40:00Z,d50580ae106915e305c3cf3759d763af,loitering,"{'lat': 25.4522, 'lon': 56.744}","{'mpa': [], 'eez': ['8360'], 'rfmo': ['IWC', 'IOTC', 'ACAP', 'RECOFI'], 'fao': ['51.3', '51'], 'major_fao': ['51'], 'eez_12_nm': [], 'high_seas': [], 'mpa_no_take_partial': [], 'mpa_no_take': []}","[56.74333333333333, 25.451666666666668, 56.74476333333333, 25.452761666666667]","{'start_distance_from_shore_km': 38.0, 'end_distance_from_shore_km': 38.0, 'start_distance_from_port_km': 15.118934999999999, 'end_distance_from_port_km': 15.118934999999999}","{'id': '98a594953-3b20-8717-936d-29338883bd30', 'name': 'WELL SAIL', 'ssvid': '538012177', 'flag': 'MHL', 'type': 'cargo', 'public_authorizations': [], 'nextPort': {'id': None, 'flag': None, 'name': None, 'portVisitEventId': None}}","{'total_time_hours': 4.476111111111111, 'total_distance_km': 1.3536224909592538, 'average_speed_knots': 0.1632885456059872, 'average_distance_from_shore_km': 38.06009898656612}"
2026-05-04T16:36:45Z,2026-05-04T18:49:19Z,fd4433359abc96a456559aa713999d3e,loitering,"{'lat': 25.4576, 'lon': 56.7362}","{'mpa': [], 'eez': ['8360'], 'rfmo': ['ACAP', 'RECOFI', 'IWC', 'IOTC'], 'fao': ['51.3', '51'], 'major_fao': ['51'], 'eez_12_nm': [], 'high_seas': [], 'mpa_no_take_partial': [], 'mpa_no_take': []}","[56.733333333333334, 25.458333333333332, 56.739133333333335, 25.456806666666665]","{'start_distance_from_shore_km': 37.0, 'end_distance_from_shore_km': 38.0, 'start_distance_from_port_km': 14.660782, 'end_distance_from_port_km': 15.5617}","{'id': 'e786b55b3-3a91-87a4-5bcc-bfa09a7f8817', 'name': 'M V INTREPID', 'ssvid': '215873000', 'flag': 'MLT', 'type': 'cargo', 'public_authorizations': [], 'nextPort': {'id': 'are-fujairah', 'flag': 'ARE', 'name': 'FUJAIRAH', 'portVisitEventId': 'e82dab52c8fee4aed68add02403a60fa'}}","{'total_time_hours': 2.2094444444444443, 'total_distance_km': 4.022383747059602, 'average_speed_knots': 0.9830133886352037, 'average_distance_from_shore_km': 37.565235929505405}"
2026-05-04T16:57:10Z,2026-05-04T18:58:21Z,307d2dc44636c5724c8cc45a2164725e,loitering,"{'lat': 25.4528, 'lon': 56.7448}","{'mpa': [], 'eez': ['8360'], 'rfmo': ['RECOFI', 'ACAP', 'IOTC', 'IWC'], 'fao': ['51.3', '51'], 'major_fao': ['51'], 'eez_12_nm': [], 'high_seas': [], 'mpa_no_take_partial': [], 'mpa_no_take': []}","[56.74478666666667, 25.452768333333335, 56.74476666666666, 25.452783333333333]","{'start_distance_from_shore_km': 38.0, 'end_distance_from_shore_km': 38.0, 'start_distance_from_port_km': 15.118934999999999, 'end_distance_from_port_km': 15.118934999999999}","{'id': '3dd4abce8-817b-bd9d-25e4-62db1f610fae', 'name': 'ABC TRADER', 'ssvid': '352001790', 'flag': 'PAN', 'type': 'bunker', 'public_authorizations': [], 'nextPort': {'id': 'are-khorfakkan', 'flag': 'ARE', 'name': 'KHOR FAKKAN', 'portVisitEventId': 'd71f6612f0ef37951868d8f8aecea4c9'}}","{'total_time_hours': 2.019722222222222, 'total_distance_km': 2.198831216998555, 'average_speed_knots': 0.5878401803010745, 'average_distance_from_shore_km': 38.182211313698}"
2026-05-04T16:58:10Z,2026-05-04T20:40:00Z,89210d0642c6503cac857945bf6df16d,loitering,"{'lat': 25.4527, 'lon': 56.7448}","{'mpa': [], 'eez': ['8360'], 'rfmo': ['ACAP', 'IOTC', 'RECOFI', 'IWC'], 'fao': ['51', '51.3'], 'major_fao': ['51'], 'eez_12_nm': [], 'high_seas': [], 'mpa_no_take_partial': [], 'mpa_no_take': []}","[56.744773333333335, 25.452743333333334, 56.744773333333335, 25.452743333333334]","{'start_distance_from_shore_km': 38.0, 'end_distance_from_shore_km': 38.0, 'start_distance_from_port_km': 15.118934999999999, 'end_distance_from_port_km': 15.118934999999999}","{'id': 'a7f3cf1f9-977b-39ee-be05-876b412db404', 'name': 'SSL GODAVARI', 'ssvid': '419001809', 'flag': 'IND', 'type': 'cargo', 'public_authorizations': [], 'nextPort': {'id': 'are-khorfakkan', 'flag': 'ARE', 'name': 'KHOR FAKKAN', 'portVisitEventId': 'bad584e04eb6d632bb318185b56d16de'}}","{'total_time_hours': 3.697222222222222, 'total_distance_km': 1.3749706460109832, 'average_speed_knots': 0.20080609447903455, 'average_distance_from_shore_km': 38.128062678062676}"
2026-05-04T16:59:29Z,2026-05-04T20:38:05Z,f8e12402778f9b00e31b7f5bf0deb862,loitering,"{'lat': 25.4528, 'lon': 56.7448}","{'mpa': [], 'eez': ['8360'], 'rfmo': ['ACAP', 'IOTC', 'RECOFI', 'IWC'], 'fao': ['51', '51.3'], 'major_fao': ['51'], 'eez_12_nm': [], 'high_seas': [], 'mpa_no_take_partial': [], 'mpa_no_take': []}","[56.74475, 25.452763333333333, 56.744775, 25.452755]","{'start_distance_from_shore_km': 38.0, 'end_distance_from_shore_km': 38.0, 'start_distance_from_port_km': 15.118934999999999, 'end_distance_from_port_km': 15.118934999999999}","{'id': '52890d262-210c-3b76-1800-a73877394f2f', 'name': 'AP DRZIC', 'ssvid': '538003467', 'flag': 'MHL', 'type': 'cargo', 'public_authorizations': [], 'nextPort': {'id': 'are-khorfakkan', 'flag': 'ARE', 'name': 'KHOR FAKKAN', 'portVisitEventId': 'd4c459360d7ccd92c9afc1ac01bdc590'}}","{'total_time_hours': 3.6433333333333335, 'total_distance_km': 0.6917025198883746, 'average_speed_knots': 0.10251312394726324, 'average_distance_from_shore_km': 38.035820451843044}"
2026-05-04T16:59:43Z,2026-05-04T18:56:12Z,fae7bc29ac80c6a464fe7b9332be2ed0,loitering,"{'lat': 25.4527, 'lon': 56.7448}","{'mpa': [], 'eez': ['8360'], 'rfmo': ['ACAP', 'IWC', 'IOTC', 'RECOFI'], 'fao': ['51.3', '51'], 'major_fao': ['51'], 'eez_12_nm': [], 'high_seas': [], 'mpa_no_take_partial': [], 'mpa_no_take': []}","[56.744765, 25.452755, 56.74480166666667, 25.452693333333333]","{'start_distance_from_shore_km': 38.0, 'end_distance_from_shore_km': 38.0, 'start_distance_from_port_km': 15.118934999999999, 'end_distance_from_port_km': 15.118934999999999}","{'id': '5208ad50e-e944-6f27-73c7-a828a63cf77b', 'name': 'RICHSING LOTUS', 'ssvid': '352005614', 'flag': 'PAN', 'type': 'cargo', 'public_authorizations': [], 'nextPort': {'id': 'are-fujairah', 'flag': 'ARE', 'name': 'FUJAIRAH', 'portVisitEventId': '8ec54ba851b1a1f03b2a378bab82fa9d'}}","{'total_time_hours': 1.9413888888888888, 'total_distance_km': 0.13535813782438838, 'average_speed_knots': 0.03764704116711313, 'average_distance_from_shore_km': 38.00000000000001}"
2026-05-04T17:16:37Z,2026-05-04T18:57:24Z,4dff2b65d1a0b353faee048f28280497,loitering,"{'lat': 25.4579, 'lon': 56.7422}","{'mpa': [], 'eez': ['8360'], 'rfmo': ['RECOFI', 'IOTC', 'ACAP', 'IWC'], 'fao': ['51', '51.3'], 'major_fao': ['51'], 'eez_12_nm': [], 'high_seas': [], 'mpa_no_take_partial': [], 'mpa_no_take': []}","[56.745655, 25.45902166666667, 56.73865166666667, 25.456823333333332]","{'start_distance_from_shore_km': 39.0, 'end_distance_from_shore_km': 38.0, 'start_distance_from_port_km': 16.474567999999998, 'end_distance_from_port_km': 15.5617}","{'id': '0fca88ae4-4806-43b6-d520-55d81e68569b', 'name': 'LATITUDE', 'ssvid': '620398002', 'flag': 'COM', 'type': 'cargo', 'public_authorizations': [], 'nextPort': {'id': 'are-khorfakkan', 'flag': 'ARE', 'name': 'KHOR FAKKAN', 'portVisitEventId': '6358f92cfe719d51d893d0bc0f1c3f63'}}","{'total_time_hours': 1.6797222222222221, 'total_distance_km': 3.647459529053664, 'average_speed_knots': 1.1724977868283393, 'average_distance_from_shore_km': 38.0156275435455}"
2026-05-04T17:20:04Z,2026-05-04T18:51:03Z,540e3cec6acfe4e309ee64a60bf5a5fc,loitering,"{'lat': 25.453, 'lon': 56.7421}","{'mpa': [], 'eez': ['8360'], 'rfmo': ['ACAP', 'RECOFI', 'IOTC', 'IWC'], 'fao': ['51', '51.3'], 'major_fao': ['51'], 'eez_12_nm': [], 'high_seas': [], 'mpa_no_take_partial': [], 'mpa_no_take': []}","[56.74475, 25.452733333333335, 56.739533333333334, 25.453216666666666]","{'start_distance_from_shore_km': 38.0, 'end_distance_from_shore_km': 38.0, 'start_distance_from_port_km': 15.118934999999999, 'end_distance_from_port_km': 15.118934999999999}","{'id': 'aa15adddf-f297-ae56-35af-97d8b512a0e4', 'name': 'LOFTY MOUNTAIN', 'ssvid': '538009911', 'flag': 'MHL', 'type': 'cargo', 'public_authorizations': [], 'nextPort': {'id': 'are-fujairah', 'flag': 'ARE', 'name': 'FUJAIRAH', 'portVisitEventId': '8da6c939b36052262ce3e17c61e6475c'}}","{'total_time_hours': 1.516388888888889, 'total_distance_km': 2.0167316954963437, 'average_speed_knots': 0.7181192157942792, 'average_distance_from_shore_km': 38.00000000000001}"
2026-05-04T17:58:18Z,2026-05-04T20:37:33Z,db35ab123c7491f1b1283dcdd0a8863e,loitering,"{'lat': 25.4528, 'lon': 56.7448}","{'mpa': [], 'eez': ['8360'], 'rfmo': ['RECOFI', 'ACAP', 'IWC', 'IOTC'], 'fao': ['51', '51.3'], 'major_fao': ['51'], 'eez_12_nm': [], 'high_seas': [], 'mpa_no_take_partial': [], 'mpa_no_take': []}","[56.744773333333335, 25.452755, 56.744773333333335, 25.452753333333334]","{'start_distance_from_shore_km': 38.0, 'end_distance_from_shore_km': 38.0, 'start_distance_from_port_km': 15.118934999999999, 'end_distance_from_port_km': 15.118934999999999}","{'id': 'd57b70cf5-5452-dbf3-6167-f5477c0b5c23', 'name': 'SHENG DA 8', 'ssvid': '413701410', 'flag': 'CHN', 'type': 'cargo', 'public_authorizations': [], 'nextPort': {'id': 'are-fujairah', 'flag': 'ARE', 'name': 'FUJAIRAH', 'portVisitEventId': '8b9d0a2d2a4a8833ef951582158128a5'}}","{'total_time_hours': 2.654166666666667, 'total_distance_km': 0.0, 'average_speed_knots': 0.0, 'average_distance_from_shore_km': 38.00000000000001}"
2026-05-05T06:46:23Z,2026-05-05T15:57:09Z,bdac5e3d3481f983b32c119e9f3a98bf,loitering,"{'lat': 25.4383, 'lon': 56.7418}","{'mpa': [], 'eez': ['8360'], 'rfmo': ['RECOFI', 'IOTC', 'IWC', 'ACAP'], 'fao': ['51.3', '51'], 'major_fao': ['51'], 'eez_12_nm': [], 'high_seas': [], 'mpa_no_take_partial': [], 'mpa_no_take': []}","[56.742805, 25.437576666666665, 56.74077, 25.439056666666666]","{'start_distance_from_shore_km': 38.0, 'end_distance_from_shore_km': 38.0, 'start_distance_from_port_km': 14.746888, 'end_distance_from_port_km': 14.746888}","{'id': '77c8e4b10-0411-a997-aa77-4b326e2f9903', 'name': 'VALENTINA SEA', 'ssvid': '374232000', 'flag': 'PAN', 'type': 'cargo', 'public_authorizations': [], 'nextPort': {'id': 'omn-sohar', 'flag': 'OMN', 'name': None, 'portVisitEventId': 'cdd757d5576ea70bc984227c3acd3da6'}}","{'total_time_hours': 9.179444444444444, 'total_distance_km': 0.8337113423820591, 'average_speed_knots': 0.04904088849405765, 'average_distance_from_shore_km': 38.00000000000001}"
2026-05-06T21:56:35Z,2026-05-07T20:55:21Z,58a959435dc6e41b97d4afb3a7c4c37e,loitering,"{'lat': 25.4368, 'lon': 56.7446}","{'mpa': [], 'eez': ['8360'], 'rfmo': ['IWC', 'IOTC', 'ACAP', 'RECOFI'], 'fao': ['51', '51.3'], 'major_fao': ['51'], 'eez_12_nm': [], 'high_seas': [], 'mpa_no_take_partial': [], 'mpa_no_take': []}","[56.740968333333335, 25.438996666666668, 56.748176666666666, 25.434551666666668]","{'start_distance_from_shore_km': 38.0, 'end_distance_from_shore_km': 39.0, 'start_distance_from_port_km': 14.746888, 'end_distance_from_port_km': 15.429979}","{'id': '77c8e4b10-0411-a997-aa77-4b326e2f9903', 'name': 'VALENTINA SEA', 'ssvid': '374232000', 'flag': 'PAN', 'type': 'cargo', 'public_authorizations': [], 'nextPort': {'id': 'omn-sohar', 'flag': 'OMN', 'name': None, 'portVisitEventId': 'cdd757d5576ea70bc984227c3acd3da6'}}","{'total_time_hours': 22.979444444444443, 'total_distance_km': 3.1657033438274547, 'average_speed_knots': 0.074385743413193, 'average_distance_from_shore_km': 38.016002518775764}"
2026-05-07T21:02:45Z,2026-05-08T10:51:45Z,b94b3a1b98c1f5edb9f9ee0549c1426f,loitering,"{'lat': 25.4372, 'lon': 56.7398}","{'mpa': [], 'eez': ['8360'], 'rfmo': ['IOTC', 'ACAP', 'IWC', 'RECOFI'], 'fao': ['51', '51.3'], 'major_fao': ['51'], 'eez_12_nm': [], 'high_seas': [], 'mpa_no_take_partial': [], 'mpa_no_take': []}","[56.739835, 25.437986666666667, 56.739718333333336, 25.436468333333334]","{'start_distance_from_shore_km': 38.0, 'end_distance_from_shore_km': 38.0, 'start_distance_from_port_km': 14.746888, 'end_distance_from_port_km': 14.746888}","{'id': '77c8e4b10-0411-a997-aa77-4b326e2f9903', 'name': 'VALENTINA SEA', 'ssvid': '374232000', 'flag': 'PAN', 'type': 'cargo', 'public_authorizations': [], 'nextPort': {'id': 'omn-sohar', 'flag': 'OMN', 'name': None, 'portVisitEventId': 'cdd757d5576ea70bc984227c3acd3da6'}}","{'total_time_hours': 13.816666666666666, 'total_distance_km': 0.5794191834448292, 'average_speed_knots': 0.02264376334044358, 'average_distance_from_shore_km': 38.00000000000001}"
2026-05-10T08:53:39Z,2026-05-17T11:21:38Z,e20d79a759b6ad4388810b69c9768d59,loitering,"{'lat': 25.4374, 'lon': 56.7407}","{'mpa': [], 'eez': ['8360'], 'rfmo': ['IOTC', 'ACAP', 'IWC', 'RECOFI'], 'fao': ['51.3', '51'], 'major_fao': ['51'], 'eez_12_nm': [], 'high_seas': [], 'mpa_no_take_partial': [], 'mpa_no_take': []}","[56.74025, 25.435756666666666, 56.74115, 25.43905]","{'start_distance_from_shore_km': 38.0, 'end_distance_from_shore_km': 38.0, 'start_distance_from_port_km': 14.746888, 'end_distance_from_port_km': 14.746888}","{'id': '77c8e4b10-0411-a997-aa77-4b326e2f9903', 'name': 'VALENTINA SEA', 'ssvid': '374232000', 'flag': 'PAN', 'type': 'cargo', 'public_authorizations': [], 'nextPort': {'id': 'omn-sohar', 'flag': 'OMN', 'name': None, 'portVisitEventId': 'cdd757d5576ea70bc984227c3acd3da6'}}","{'total_time_hours': 170.4663888888889, 'total_distance_km': 6.928396499636106, 'average_speed_knots': 0.021945879486282578, 'average_distance_from_shore_km': 38.0}"
2026-05-10T18:35:12Z,2026-05-11T09:31:02Z,4e4fe5d94ed43bc9d0d269f0845a0e50,loitering,"{'lat': 25.4002, 'lon': 56.8835}","{'mpa': [], 'eez': ['8360'], 'rfmo': ['RECOFI', 'IWC', 'IOTC', 'ACAP'], 'fao': ['51', '51.3'], 'major_fao': ['51'], 'eez_12_nm': [], 'high_seas': [], 'mpa_no_take_partial': [], 'mpa_no_take': []}","[56.84418333333333, 25.40185, 56.92291, 25.39859166666667]","{'start_distance_from_shore_km': 47.0, 'end_distance_from_shore_km': 55.0, 'start_distance_from_port_km': 24.107109, 'end_distance_from_port_km': 32.142807}","{'id': '5eee04c47-714e-762b-b590-c7a363334069', 'name': 'EILEEN', 'ssvid': '355753000', 'flag': 'PAN', 'type': 'cargo', 'public_authorizations': [], 'nextPort': {'id': 'mys-portklang', 'flag': 'MYS', 'name': 'PORT KLANG', 'portVisitEventId': '343bd897ee5f8e0da58eddcf33d4d0cb'}}","{'total_time_hours': 14.930555555555557, 'total_distance_km': 10.162972552121353, 'average_speed_knots': 0.3675393157630907, 'average_distance_from_shore_km': 53.103471789307086}"
2026-05-11T09:58:01Z,2026-05-11T19:38:05Z,35c96af4f92224b16b873ee90515356c,loitering,"{'lat': 25.4106, 'lon': 56.8011}","{'mpa': [], 'eez': ['8360'], 'rfmo': ['ACAP', 'RECOFI', 'IOTC', 'IWC'], 'fao': ['51.3', '51'], 'major_fao': ['51'], 'eez_12_nm': [], 'high_seas': [], 'mpa_no_take_partial': [], 'mpa_no_take': []}","[56.80067666666667, 25.40995, 56.80157, 25.411273333333334]","{'start_distance_from_shore_km': 43.0, 'end_distance_from_shore_km': 43.0, 'start_distance_from_port_km': 20.119178, 'end_distance_from_port_km': 20.119178}","{'id': '259bbd71f-f0e5-166e-5d88-8df7dfcc68a7', 'name': 'AVRA', 'ssvid': '538008378', 'flag': 'MHL', 'type': 'cargo', 'public_authorizations': [], 'nextPort': {'id': 'zaf-saldanhabay', 'flag': 'ZAF', 'name': 'SALDANHA BAY', 'portVisitEventId': 'dd5bf24349552b26b1c651cc8ac740f1'}}","{'total_time_hours': 9.667777777777777, 'total_distance_km': 0.5758454770645552, 'average_speed_knots': 0.032161649784184815, 'average_distance_from_shore_km': 43.0}"
2026-05-11T09:58:46Z,2026-05-11T18:59:17Z,05237db43bf1e31ac81041bcf756c458,loitering,"{'lat': 25.4098, 'lon': 56.8008}","{'mpa': [], 'eez': ['8360'], 'rfmo': ['RECOFI', 'ACAP', 'IWC', 'IOTC'], 'fao': ['51', '51.3'], 'major_fao': ['51'], 'eez_12_nm': [], 'high_seas': [], 'mpa_no_take_partial': [], 'mpa_no_take': []}","[56.80081333333333, 25.40977, 56.80081666666667, 25.40974]","{'start_distance_from_shore_km': 43.0, 'end_distance_from_shore_km': 43.0, 'start_distance_from_port_km': 20.119178, 'end_distance_from_port_km': 20.119178}","{'id': '5305bd047-75fc-5abd-23cc-9cc95d316494', 'name': 'KSL ANYANG', 'ssvid': '477466900', 'flag': 'HKG', 'type': 'cargo', 'public_authorizations': [], 'nextPort': {'id': 'are-fujairah', 'flag': 'ARE', 'name': 'FUJAIRAH', 'portVisitEventId': '9f2064234a52a3130158a71d8b8589b3'}}","{'total_time_hours': 9.008611111111112, 'total_distance_km': 0.6867098355060056, 'average_speed_knots': 0.04115991278878673, 'average_distance_from_shore_km': 43.00000000000001}"
2026-05-11T10:11:31Z,2026-05-11T13:59:00Z,f14acfbec7eb582f3206677e4d9a7adf,loitering,"{'lat': 25.4108, 'lon': 56.8002}","{'mpa': [], 'eez': ['8360'], 'rfmo': ['RECOFI', 'ACAP', 'IWC', 'IOTC'], 'fao': ['51.3', '51'], 'major_fao': ['51'], 'eez_12_nm': [], 'high_seas': [], 'mpa_no_take_partial': [], 'mpa_no_take': []}","[56.799591666666664, 25.41177, 56.80074333333334, 25.409798333333335]","{'start_distance_from_shore_km': 43.0, 'end_distance_from_shore_km': 43.0, 'start_distance_from_port_km': 20.119178, 'end_distance_from_port_km': 20.119178}","{'id': 'c4bc4da23-3139-b739-b303-6ea7b730115b', 'name': 'KAI QIANG 288', 'ssvid': '352006309', 'flag': 'PAN', 'type': 'cargo', 'public_authorizations': [], 'nextPort': {'id': 'chn-shanghai', 'flag': 'CHN', 'name': 'SHANGHAI', 'portVisitEventId': '3debfa54f1d96ed9f09fd7a0f96a4fee'}}","{'total_time_hours': 3.7913888888888887, 'total_distance_km': 4.592055500227736, 'average_speed_knots': 0.6539850386914258, 'average_distance_from_shore_km': 43.007326544069166}"
2026-05-11T10:58:19Z,2026-05-11T19:38:00Z,61231228282bf3bdd6f54a0a2fe1dd08,loitering,"{'lat': 25.4098, 'lon': 56.8008}","{'mpa': [], 'eez': ['8360'], 'rfmo': ['IWC', 'ACAP', 'RECOFI', 'IOTC'], 'fao': ['51.3', '51'], 'major_fao': ['51'], 'eez_12_nm': [], 'high_seas': [], 'mpa_no_take_partial': [], 'mpa_no_take': []}","[56.80084, 25.409765, 56.800801666666665, 25.409931666666665]","{'start_distance_from_shore_km': 43.0, 'end_distance_from_shore_km': 43.0, 'start_distance_from_port_km': 20.119178, 'end_distance_from_port_km': 20.119178}","{'id': '4769ba337-7a2a-3242-6d42-913377c7b431', 'name': 'CMA CGM VITORIA', 'ssvid': '419002023', 'flag': 'IND', 'type': 'cargo', 'public_authorizations': [], 'nextPort': {'id': 'omn-sohar', 'flag': 'OMN', 'name': None, 'portVisitEventId': '84e044e619d44d740e9e1a68b61f28a3'}}","{'total_time_hours': 8.661388888888888, 'total_distance_km': 1.7969932392593786, 'average_speed_knots': 0.1120257660462251, 'average_distance_from_shore_km': 43.0}"
2026-05-11T11:56:01Z,2026-05-11T19:37:12Z,55af5ac5ff5758a9cb86c695b2aca376,loitering,"{'lat': 25.4097, 'lon': 56.8009}","{'mpa': [], 'eez': ['8360'], 'rfmo': ['ACAP', 'IOTC', 'IWC', 'RECOFI'], 'fao': ['51.3', '51'], 'major_fao': ['51'], 'eez_12_nm': [], 'high_seas': [], 'mpa_no_take_partial': [], 'mpa_no_take': []}","[56.800875, 25.40967, 56.80084, 25.409801666666667]","{'start_distance_from_shore_km': 43.0, 'end_distance_from_shore_km': 43.0, 'start_distance_from_port_km': 20.119178, 'end_distance_from_port_km': 20.119178}","{'id': 'a2cec65e3-36ee-3b28-fc27-3b521c0f7233', 'name': 'VIRGO CONFIDENCE', 'ssvid': '538008171', 'flag': 'MHL', 'type': 'cargo', 'public_authorizations': [], 'nextPort': {'id': 'are-fujairah', 'flag': 'ARE', 'name': 'FUJAIRAH', 'portVisitEventId': '7e62b365b51ab4299f88466489af1f51'}}","{'total_time_hours': 7.686388888888889, 'total_distance_km': 1.7633958132251117, 'average_speed_knots': 0.12387579919520272, 'average_distance_from_shore_km': 43.0}"
2026-05-11T13:28:09Z,2026-05-11T14:47:10Z,9dbbda53d62c39fc64e29c22fc7dd125,loitering,"{'lat': 25.4096, 'lon': 56.8009}","{'mpa': [], 'eez': ['8360'], 'rfmo': ['IOTC', 'IWC', 'RECOFI', 'ACAP'], 'fao': ['51.3', '51'], 'major_fao': ['51'], 'eez_12_nm': [], 'high_seas': [], 'mpa_no_take_partial': [], 'mpa_no_take': []}","[56.80092833333333, 25.409446666666668, 56.80082, 25.409756666666667]","{'start_distance_from_shore_km': 43.0, 'end_distance_from_shore_km': 43.0, 'start_distance_from_port_km': 20.119178, 'end_distance_from_port_km': 20.119178}","{'id': 'b6a5d8d96-6b0c-3fd6-4794-64c25cd428dd', 'name': 'JIA HE', 'ssvid': '352776000', 'flag': 'PAN', 'type': 'cargo', 'public_authorizations': [], 'nextPort': {'id': 'are-fujairah', 'flag': 'ARE', 'name': 'FUJAIRAH', 'portVisitEventId': '058134a938afdb97ab260800fabcd8fc'}}","{'total_time_hours': 1.3169444444444445, 'total_distance_km': 0.03719671102611675, 'average_speed_knots': 0.015250922139848501, 'average_distance_from_shore_km': 43.0}"
2026-05-11T16:45:16Z,2026-05-11T19:19:44Z,2e0e4586eb33cfd2fc10cbcf848e608d,loitering,"{'lat': 25.4048, 'lon': 56.7976}","{'mpa': [], 'eez': ['8360'], 'rfmo': ['IWC', 'ACAP', 'RECOFI', 'IOTC'], 'fao': ['51', '51.3'], 'major_fao': ['51'], 'eez_12_nm': [], 'high_seas': [], 'mpa_no_take_partial': [], 'mpa_no_take': []}","[56.79783166666667, 25.402568333333335, 56.79745166666667, 25.407096666666668]","{'start_distance_from_shore_km': 43.0, 'end_distance_from_shore_km': 43.0, 'start_distance_from_port_km': 20.089258, 'end_distance_from_port_km': 20.119178}","{'id': 'c4bc4da23-3139-b739-b303-6ea7b730115b', 'name': 'KAI QIANG 288', 'ssvid': '352006309', 'flag': 'PAN', 'type': 'cargo', 'public_authorizations': [], 'nextPort': {'id': 'chn-shanghai', 'flag': 'CHN', 'name': 'SHANGHAI', 'portVisitEventId': '3debfa54f1d96ed9f09fd7a0f96a4fee'}}","{'total_time_hours': 2.5744444444444445, 'total_distance_km': 1.3540531054479024, 'average_speed_knots': 0.2839953249349376, 'average_distance_from_shore_km': 42.23435476909797}"
2026-05-15T10:18:01Z,2026-05-15T13:38:26Z,2766d0102c0b5be4e8c33151f80f573a,loitering,"{'lat': 25.4974, 'lon': 56.933}","{'mpa': [], 'eez': ['8469'], 'rfmo': ['IOTC', 'IWC', 'RECOFI', 'ACAP'], 'fao': ['51.3', '51'], 'major_fao': ['51'], 'eez_12_nm': [], 'high_seas': [], 'mpa_no_take_partial': [], 'mpa_no_take': []}","[56.933173333333336, 25.497851666666666, 56.932766666666666, 25.49703]","{'start_distance_from_shore_km': 50.0, 'end_distance_from_shore_km': 50.0, 'start_distance_from_port_km': 31.587992, 'end_distance_from_port_km': 31.587992}","{'id': '0537501f7-76d3-f3ce-bfd7-7a6c023ab32a', 'name': 'GOLDEN FOREST', 'ssvid': '352004988', 'flag': 'PAN', 'type': 'cargo', 'public_authorizations': [], 'nextPort': {'id': 'chn-guangzhou', 'flag': 'CHN', 'name': 'GUANGZHOU', 'portVisitEventId': 'c32d23adbbe087e96df96309cfac52d1'}}","{'total_time_hours': 3.3402777777777777, 'total_distance_km': 0.10006729826420979, 'average_speed_knots': 0.016175905746718962, 'average_distance_from_shore_km': 50.0}"
2026-05-16T08:59:00Z,2026-05-17T09:31:14Z,9de4ccd253a1e679e64965768242055a,loitering,"{'lat': 26.145, 'lon': 55.7394}","{'mpa': [], 'eez': ['8354'], 'rfmo': ['IWC', 'ACAP', 'IOTC', 'RECOFI'], 'fao': ['51.2', '51'], 'major_fao': ['51'], 'eez_12_nm': [], 'high_seas': [], 'mpa_no_take_partial': [], 'mpa_no_take': []}","[55.79821833333333, 26.157123333333335, 55.680573333333335, 26.132886666666668]","{'start_distance_from_shore_km': 30.0, 'end_distance_from_shore_km': 38.0, 'start_distance_from_port_km': 14.592659, 'end_distance_from_port_km': 17.864664}","{'id': 'bf65b2aca-a5cd-fab7-a2d2-d997efe361e7', 'name': 'EKOUO', 'ssvid': '352005197', 'flag': 'PAN', 'type': 'cargo', 'public_authorizations': [], 'nextPort': {'id': 'irn-asaluyeh', 'flag': 'IRN', 'name': None, 'portVisitEventId': '46403ef04376abb7df4e2cae68fe2f78'}}","{'total_time_hours': 24.537222222222223, 'total_distance_km': 13.03850279667311, 'average_speed_knots': 0.2869203460840044, 'average_distance_from_shore_km': 37.67931192033283}"
2026-05-16T09:08:37Z,2026-05-17T11:13:27Z,8f23fee03c2bed6daffbae3ff8bbaae1,loitering,"{'lat': 26.2587, 'lon': 55.8021}","{'mpa': [], 'eez': ['8354'], 'rfmo': ['ACAP', 'IOTC', 'IWC', 'RECOFI'], 'fao': ['51', '51.2'], 'major_fao': ['51'], 'eez_12_nm': [], 'high_seas': [], 'mpa_no_take_partial': [], 'mpa_no_take': []}","[55.92279833333333, 26.380625, 55.681385, 26.136778333333332]","{'start_distance_from_shore_km': 27.0, 'end_distance_from_shore_km': 38.0, 'start_distance_from_port_km': 5.103193, 'end_distance_from_port_km': 18.576719}","{'id': '1daf34951-1535-fa4a-fdb9-e50c6bb90666', 'name': 'XING HE', 'ssvid': '477205400', 'flag': 'HKG', 'type': 'cargo', 'public_authorizations': [], 'nextPort': {'id': 'are-abkfield', 'flag': 'ARE', 'name': 'ABK FIELD', 'portVisitEventId': '22d465a88c0e1fe6842e3b1e2915e9f1'}}","{'total_time_hours': 26.080555555555556, 'total_distance_km': 41.42797996927248, 'average_speed_knots': 0.857701040539035, 'average_distance_from_shore_km': 37.99047710248554}"
2026-05-16T09:39:36Z,2026-05-17T05:56:19Z,221f59c07fd17aa463fa0e0cffcb585a,loitering,"{'lat': 26.1469, 'lon': 55.7398}","{'mpa': [], 'eez': ['8354'], 'rfmo': ['RECOFI', 'ACAP', 'IOTC', 'IWC'], 'fao': ['51', '51.2'], 'major_fao': ['51'], 'eez_12_nm': [], 'high_seas': [], 'mpa_no_take_partial': [], 'mpa_no_take': []}","[55.798226666666665, 26.15712, 55.68142, 26.13676]","{'start_distance_from_shore_km': 30.0, 'end_distance_from_shore_km': 38.0, 'start_distance_from_port_km': 14.592659, 'end_distance_from_port_km': 18.576719}","{'id': 'fd3d42ae7-76e7-0573-a7d5-e8e0a6a7b621', 'name': 'GOHAR DARYA 1', 'ssvid': '422657000', 'flag': 'IRN', 'type': 'cargo', 'public_authorizations': [], 'nextPort': {'id': 'irn-lengeh', 'flag': 'IRN', 'name': 'LENGEH', 'portVisitEventId': '2aa114d5acce3c38375bc36303529a85'}}","{'total_time_hours': 20.278611111111115, 'total_distance_km': 11.873950672267634, 'average_speed_knots': 0.31616664545017126, 'average_distance_from_shore_km': 37.855133561419386}"
2026-05-16T12:14:26Z,2026-05-17T10:34:16Z,2418f13904721c33fbb46ad8f6fbba2c,loitering,"{'lat': 25.9335, 'lon': 55.5576}","{'mpa': [], 'eez': ['8360'], 'rfmo': ['RECOFI', 'IOTC', 'IWC', 'ACAP'], 'fao': ['51', '51.2'], 'major_fao': ['51'], 'eez_12_nm': [], 'high_seas': [], 'mpa_no_take_partial': [], 'mpa_no_take': []}","[55.43392, 25.730185, 55.68134, 26.136728333333334]","{'start_distance_from_shore_km': 20.0, 'end_distance_from_shore_km': 38.0, 'start_distance_from_port_km': 19.514875, 'end_distance_from_port_km': 18.576719}","{'id': '47afaa27c-c3ea-dd2f-6d48-98e04d9916c4', 'name': 'CHANG AN 258', 'ssvid': '636093343', 'flag': 'LBR', 'type': 'cargo', 'public_authorizations': [], 'nextPort': {'id': 'are-dubai', 'flag': 'ARE', 'name': 'DUBAI', 'portVisitEventId': '63f76b20b5283eeadd82d23c8aa26d02'}}","{'total_time_hours': 22.330555555555556, 'total_distance_km': 51.54230033339164, 'average_speed_knots': 1.2463019857044766, 'average_distance_from_shore_km': 37.98568125885599}"
2026-05-17T05:26:14Z,2026-05-17T11:23:14Z,4f1720b7a42670d7864151c211f75e3d,loitering,"{'lat': 26.1368, 'lon': 55.6814}","{'mpa': [], 'eez': ['48947'], 'rfmo': ['IOTC', 'RECOFI', 'IWC', 'ACAP'], 'fao': ['51', '51.2'], 'major_fao': ['51'], 'eez_12_nm': [], 'high_seas': [], 'mpa_no_take_partial': [], 'mpa_no_take': []}","[55.681398333333334, 26.13675, 55.681403333333336, 26.136756666666667]","{'start_distance_from_shore_km': 38.0, 'end_distance_from_shore_km': 38.0, 'start_distance_from_port_km': 18.576719, 'end_distance_from_port_km': 18.576719}","{'id': '555b99f59-9535-b410-f325-f892ea4d42d1', 'name': 'JUYANDEH', 'ssvid': '422055300', 'flag': 'IRN', 'type': 'cargo', 'public_authorizations': [], 'nextPort': {'id': 'irn-lengeh', 'flag': 'IRN', 'name': 'LENGEH', 'portVisitEventId': 'a3cf325da781adcd521a759cdab6ce51'}}","{'total_time_hours': 5.95, 'total_distance_km': 0.0507167784017272, 'average_speed_knots': 0.004602499083591411, 'average_distance_from_shore_km': 38.00000000000001}"
2026-05-17T05:32:01Z,2026-05-17T11:18:31Z,b9b50bf71e99cf9bc67755ce7088a478,loitering,"{'lat': 26.1368, 'lon': 55.6814}","{'mpa': [], 'eez': ['48947'], 'rfmo': ['IWC', 'RECOFI', 'ACAP', 'IOTC'], 'fao': ['51', '51.2'], 'major_fao': ['51'], 'eez_12_nm': [], 'high_seas': [], 'mpa_no_take_partial': [], 'mpa_no_take': []}","[55.681401666666666, 26.136755, 55.68138, 26.136751666666665]","{'start_distance_from_shore_km': 38.0, 'end_distance_from_shore_km': 38.0, 'start_distance_from_port_km': 18.576719, 'end_distance_from_port_km': 18.576719}","{'id': '3329451c6-68d4-6f29-a7bb-1ce170c90d5c', 'name': 'CY VICTORIOUS', 'ssvid': '312050000', 'flag': 'BLZ', 'type': 'cargo', 'public_authorizations': [], 'nextPort': {'id': 'are-dubai', 'flag': 'ARE', 'name': 'DUBAI', 'portVisitEventId': '93c36483d9e6bdf012871d44123c91d7'}}","{'total_time_hours': 5.775, 'total_distance_km': 0.06269253514419283, 'average_speed_knots': 0.0058616901951504706, 'average_distance_from_shore_km': 38.00000000000001}"
2026-05-17T05:46:50Z,2026-05-17T07:04:47Z,7c5d6802267f400853204044873d3891,loitering,"{'lat': 26.1369, 'lon': 55.6816}","{'mpa': [], 'eez': ['48947'], 'rfmo': ['IOTC', 'RECOFI', 'IWC', 'ACAP'], 'fao': ['51.2', '51'], 'major_fao': ['51'], 'eez_12_nm': [], 'high_seas': [], 'mpa_no_take_partial': [], 'mpa_no_take': []}","[55.68141333333333, 26.136721666666666, 55.68171, 26.13704]","{'start_distance_from_shore_km': 38.0, 'end_distance_from_shore_km': 38.0, 'start_distance_from_port_km': 18.576719, 'end_distance_from_port_km': 18.576719}","{'id': '5d0aa54aa-ad0c-a2af-698d-382e41c2b225', 'name': 'ASTRAM', 'ssvid': '603914000', 'flag': 'AGO', 'type': 'cargo', 'public_authorizations': [], 'nextPort': {'id': 'are-dubai', 'flag': 'ARE', 'name': 'DUBAI', 'portVisitEventId': '439885ac0b91269981805e80f2d6e267'}}","{'total_time_hours': 1.2991666666666666, 'total_distance_km': 0.04262489158775866, 'average_speed_knots': 0.017715664048266525, 'average_distance_from_shore_km': 38.00000000000001}"
2026-05-17T05:49:07Z,2026-05-17T11:10:18Z,5a115ef567ec90d2df723c2dacace88c,loitering,"{'lat': 26.1373, 'lon': 55.6813}","{'mpa': [], 'eez': ['48947'], 'rfmo': ['IOTC', 'ACAP', 'IWC', 'RECOFI'], 'fao': ['51', '51.2'], 'major_fao': ['51'], 'eez_12_nm': [], 'high_seas': [], 'mpa_no_take_partial': [], 'mpa_no_take': []}","[55.681255, 26.136655, 55.681245, 26.137975]","{'start_distance_from_shore_km': 38.0, 'end_distance_from_shore_km': 38.0, 'start_distance_from_port_km': 18.576719, 'end_distance_from_port_km': 18.576719}","{'id': '2ff384dc5-5238-8a8a-9506-7c9b76a161f2', 'name': 'MAHAN  11', 'ssvid': '422068300', 'flag': 'IRN', 'type': 'cargo', 'public_authorizations': [], 'nextPort': {'id': 'irn-lengeh', 'flag': 'IRN', 'name': 'LENGEH', 'portVisitEventId': '03f353135c1e54050846a936629dbfbb'}}","{'total_time_hours': 5.353055555555556, 'total_distance_km': 0.5029068107634722, 'average_speed_knots': 0.05072765473060271, 'average_distance_from_shore_km': 38.00000000000001}"
2026-05-17T05:51:33Z,2026-05-17T11:00:33Z,dfbffddf91d5ed4f82d1dc2a3849cda2,loitering,"{'lat': 26.1368, 'lon': 55.6814}","{'mpa': [], 'eez': ['48947'], 'rfmo': ['RECOFI', 'IOTC', 'ACAP', 'IWC'], 'fao': ['51.2', '51'], 'major_fao': ['51'], 'eez_12_nm': [], 'high_seas': [], 'mpa_no_take_partial': [], 'mpa_no_take': []}","[55.68141, 26.136751666666665, 55.68140666666667, 26.136755]","{'start_distance_from_shore_km': 38.0, 'end_distance_from_shore_km': 38.0, 'start_distance_from_port_km': 18.576719, 'end_distance_from_port_km': 18.576719}","{'id': 'eaed86a21-101e-c109-25c0-17f11bec6cce', 'name': 'MAPLE UNITY', 'ssvid': '477931100', 'flag': 'HKG', 'type': 'cargo', 'public_authorizations': [], 'nextPort': {'id': 'are-dubai', 'flag': 'ARE', 'name': 'DUBAI', 'portVisitEventId': '721fb63a32d809b67514e4c427add526'}}","{'total_time_hours': 5.15, 'total_distance_km': 0.36994818963210213, 'average_speed_knots': 0.0387875809549479, 'average_distance_from_shore_km': 38.0}"
2026-05-17T05:57:07Z,2026-05-17T11:24:01Z,dd59fb28d184724879dbc024721c957a,loitering,"{'lat': 26.1368, 'lon': 55.6814}","{'mpa': [], 'eez': ['48947'], 'rfmo': ['IWC', 'ACAP', 'IOTC', 'RECOFI'], 'fao': ['51', '51.2'], 'major_fao': ['51'], 'eez_12_nm': [], 'high_seas': [], 'mpa_no_take_partial': [], 'mpa_no_take': []}","[55.6814, 26.13675, 55.681383333333336, 26.13675]","{'start_distance_from_shore_km': 38.0, 'end_distance_from_shore_km': 38.0, 'start_distance_from_port_km': 18.576719, 'end_distance_from_port_km': 18.576719}","{'id': 'ad7a29102-206a-c74b-338b-dec263dd945b', 'name': 'YARA J', 'ssvid': '341595001', 'flag': 'KNA', 'type': 'cargo', 'public_authorizations': [], 'nextPort': {'id': 'are-sharjah', 'flag': 'ARE', 'name': 'SHARJAH', 'portVisitEventId': '9a125ab0b5734b591291d6cd7b30b94e'}}","{'total_time_hours': 5.448333333333333, 'total_distance_km': 0.13138137733093624, 'average_speed_knots': 0.013020544852350428, 'average_distance_from_shore_km': 38.00000000000001}"
2026-05-17T05:59:00Z,2026-05-17T07:19:09Z,bd5bac15765ad59de7b740931e51cb13,loitering,"{'lat': 26.1369, 'lon': 55.6806}","{'mpa': [], 'eez': ['48947'], 'rfmo': ['IWC', 'ACAP', 'RECOFI', 'IOTC'], 'fao': ['51.2', '51'], 'major_fao': ['51'], 'eez_12_nm': [], 'high_seas': [], 'mpa_no_take_partial': [], 'mpa_no_take': []}","[55.681401666666666, 26.136755, 55.67981666666667, 26.137016666666668]","{'start_distance_from_shore_km': 38.0, 'end_distance_from_shore_km': 38.0, 'start_distance_from_port_km': 18.576719, 'end_distance_from_port_km': 18.576719}","{'id': '1abc1b60e-effe-aead-7053-697ccd289b83', 'name': 'VICTORY ARI', 'ssvid': '305049000', 'flag': 'ATG', 'type': 'cargo', 'public_authorizations': [], 'nextPort': {'id': None, 'flag': None, 'name': None, 'portVisitEventId': None}}","{'total_time_hours': 1.3358333333333332, 'total_distance_km': 1.3045607569779554, 'average_speed_knots': 0.527316124455343, 'average_distance_from_shore_km': 38.00000000000001}"
2026-05-17T06:37:06Z,2026-05-17T07:47:04Z,4078f11566bdbd0c8456d9b59e7ffcc7,loitering,"{'lat': 26.1367, 'lon': 55.6814}","{'mpa': [], 'eez': ['48947'], 'rfmo': ['IWC', 'ACAP', 'IOTC', 'RECOFI'], 'fao': ['51.2', '51'], 'major_fao': ['51'], 'eez_12_nm': [], 'high_seas': [], 'mpa_no_take_partial': [], 'mpa_no_take': []}","[55.681405, 26.136728333333334, 55.68142666666667, 26.136766666666666]","{'start_distance_from_shore_km': 38.0, 'end_distance_from_shore_km': 38.0, 'start_distance_from_port_km': 18.576719, 'end_distance_from_port_km': 18.576719}","{'id': '4534938c2-216c-9eab-e473-daa700294bf6', 'name': 'SHAHIN POHL', 'ssvid': '620999592', 'flag': 'COM', 'type': 'cargo', 'public_authorizations': [], 'nextPort': {'id': 'irn-lengeh', 'flag': 'IRN', 'name': 'LENGEH', 'portVisitEventId': '771924331083d7fa40eb3c7eb01f9f2f'}}","{'total_time_hours': 1.1661111111111109, 'total_distance_km': 0.0, 'average_speed_knots': 0.0, 'average_distance_from_shore_km': 38.00000000000001}"
2026-05-17T09:28:16Z,2026-05-17T10:47:05Z,be7814283817c8782c6618d56d7373ca,loitering,"{'lat': 26.1367, 'lon': 55.6814}","{'mpa': [], 'eez': ['48947'], 'rfmo': ['IWC', 'RECOFI', 'ACAP', 'IOTC'], 'fao': ['51', '51.2'], 'major_fao': ['51'], 'eez_12_nm': [], 'high_seas': [], 'mpa_no_take_partial': [], 'mpa_no_take': []}","[55.681401666666666, 26.13672, 55.68138666666667, 26.136703333333333]","{'start_distance_from_shore_km': 38.0, 'end_distance_from_shore_km': 38.0, 'start_distance_from_port_km': 18.576719, 'end_distance_from_port_km': 18.576719}","{'id': '4817b5afa-a7be-2a32-3f75-ddada7ed8636', 'name': 'LIVERPOOL STRAIT', 'ssvid': '255721000', 'flag': 'PRT', 'type': 'cargo', 'public_authorizations': [], 'nextPort': {'id': 'are-dubai', 'flag': 'ARE', 'name': 'DUBAI', 'portVisitEventId': '54a0d0e7038fc9130f436435f7241572'}}","{'total_time_hours': 1.313611111111111, 'total_distance_km': 0.0, 'average_speed_knots': 0.0, 'average_distance_from_shore_km': 38.00000000000001}"
2026-05-17T09:54:08Z,2026-05-17T11:22:03Z,d5b326857bed579d43cd26229dae264b,loitering,"{'lat': 26.1368, 'lon': 55.6814}","{'mpa': [], 'eez': ['48947'], 'rfmo': ['IWC', 'RECOFI', 'ACAP', 'IOTC'], 'fao': ['51.2', '51'], 'major_fao': ['51'], 'eez_12_nm': [], 'high_seas': [], 'mpa_no_take_partial': [], 'mpa_no_take': []}","[55.68140666666667, 26.136765, 55.68143, 26.136761666666665]","{'start_distance_from_shore_km': 38.0, 'end_distance_from_shore_km': 38.0, 'start_distance_from_port_km': 18.576719, 'end_distance_from_port_km': 18.576719}","{'id': '5ab347f64-434e-6eba-605d-2c6c7065dead', 'name': 'ARMITAN', 'ssvid': '422159000', 'flag': 'IRN', 'type': 'cargo', 'public_authorizations': [], 'nextPort': {'id': 'omn-khasab', 'flag': 'OMN', 'name': 'KHASAB', 'portVisitEventId': '2552b89305cc7de59518a3f3a2ac538e'}}","{'total_time_hours': 1.4652777777777777, 'total_distance_km': 0.3930157191700664, 'average_speed_knots': 0.14482681348840132, 'average_distance_from_shore_km': 38.00000000000001}"
2026-05-17T09:57:19Z,2026-05-17T11:06:29Z,ea0d990b8501d38692b51060b82217d7,loitering,"{'lat': 26.1368, 'lon': 55.6814}","{'mpa': [], 'eez': ['48947'], 'rfmo': ['RECOFI', 'ACAP', 'IWC', 'IOTC'], 'fao': ['51.2', '51'], 'major_fao': ['51'], 'eez_12_nm': [], 'high_seas': [], 'mpa_no_take_partial': [], 'mpa_no_take': []}","[55.681331666666665, 26.13677, 55.681383333333336, 26.136758333333333]","{'start_distance_from_shore_km': 38.0, 'end_distance_from_shore_km': 38.0, 'start_distance_from_port_km': 18.576719, 'end_distance_from_port_km': 18.576719}","{'id': '01ae92943-3687-3437-5e1a-1232c97543a3', 'name': 'MIRA', 'ssvid': '341782001', 'flag': 'KNA', 'type': 'cargo', 'public_authorizations': [], 'nextPort': {'id': 'are-minasaqr', 'flag': 'ARE', 'name': 'MINA SAQR', 'portVisitEventId': 'e8832ed6115365d1af8b190d205a1f55'}}","{'total_time_hours': 1.1527777777777777, 'total_distance_km': 0.012872400244558314, 'average_speed_knots': 0.006029384173464041, 'average_distance_from_shore_km': 38.00000000000001}"
2026-05-17T11:10:16Z,2026-05-17T14:47:08Z,7d1aedca1b79a48bb87bdc6afeac42ba,loitering,"{'lat': 26.1331, 'lon': 55.6763}","{'mpa': [], 'eez': ['48947'], 'rfmo': ['ACAP', 'RECOFI', 'IWC', 'IOTC'], 'fao': ['51.2', '51'], 'major_fao': ['51'], 'eez_12_nm': [], 'high_seas': [], 'mpa_no_take_partial': [], 'mpa_no_take': []}","[55.681383333333336, 26.13675, 55.671173333333336, 26.1295]","{'start_distance_from_shore_km': 38.0, 'end_distance_from_shore_km': 37.0, 'start_distance_from_port_km': 18.576719, 'end_distance_from_port_km': 18.656705000000002}","{'id': '9632504d8-8318-237b-5898-4d48e45ca69d', 'name': 'MO JOUD', 'ssvid': '630001095', 'flag': 'GNB', 'type': 'cargo', 'public_authorizations': [], 'nextPort': {'id': 'are-dubai', 'flag': 'ARE', 'name': 'DUBAI', 'portVisitEventId': '0abe1b29f5c25b5988d24bfe9b5fefbb'}}","{'total_time_hours': 3.6144444444444446, 'total_distance_km': 1.5354467781167436, 'average_speed_knots': 0.22937824800783146, 'average_distance_from_shore_km': 37.059252997233315}"
2026-06-01T13:08:53Z,2026-06-01T15:23:06Z,dd2f5b1546046cfe1dacc7dbb5320a9e,loitering,"{'lat': 25.7382, 'lon': 56.7656}","{'mpa': [], 'eez': ['8354'], 'rfmo': ['IOTC', 'RECOFI', 'ACAP', 'IWC'], 'fao': ['51', '51.3'], 'major_fao': ['51'], 'eez_12_nm': [], 'high_seas': [], 'mpa_no_take_partial': [], 'mpa_no_take': []}","[56.76832, 25.726196666666667, 56.76286, 25.750256666666665]","{'start_distance_from_shore_km': 40.0, 'end_distance_from_shore_km': 38.0, 'start_distance_from_port_km': 12.88349, 'end_distance_from_port_km': 13.397965000000001}","{'id': 'd35096583-345f-0a4f-9a21-821a9cafffd4', 'name': 'TOROS M', 'ssvid': '355851000', 'flag': 'PAN', 'type': 'cargo', 'public_authorizations': [], 'nextPort': {'id': None, 'flag': None, 'name': None, 'portVisitEventId': None}}","{'total_time_hours': 2.2369444444444446, 'total_distance_km': 2.730674990167091, 'average_speed_knots': 0.6591341786019622, 'average_distance_from_shore_km': 38.000000000000014}"
2026-06-10T18:42:05Z,2026-06-11T00:21:37Z,ee7aca9af623c15d4cb8bcd9a55a8b54,loitering,"{'lat': 25.5, 'lon': 57.0}","{'mpa': [], 'eez': ['8469'], 'rfmo': ['RECOFI', 'IOTC', 'IWC', 'ACAP'], 'fao': ['51', '51.3'], 'major_fao': ['51'], 'eez_12_nm': [], 'high_seas': [], 'mpa_no_take_partial': [], 'mpa_no_take': []}","[57.0, 25.5, 57.0, 25.5]","{'start_distance_from_shore_km': 45.0, 'end_distance_from_shore_km': 45.0, 'start_distance_from_port_km': 37.967434000000004, 'end_distance_from_port_km': 37.967434000000004}","{'id': '464a3e49b-bf3d-24c2-1884-4251ff835351', 'name': 'SAMIA -1', 'ssvid': '620999314', 'flag': 'COM', 'type': 'cargo', 'public_authorizations': [], 'nextPort': {'id': 'omn-muscat', 'flag': 'OMN', 'name': 'MUSCAT', 'portVisitEventId': '026701caf740056f10fdc8a5b600f8e0'}}","{'total_time_hours': 5.658888888888889, 'total_distance_km': 0.0, 'average_speed_knots': 0.0, 'average_distance_from_shore_km': 45.0}"
2026-06-11T13:59:09Z,2026-06-11T14:59:09Z,558d2fd1addb46a015fdc37ced3025c1,loitering,"{'lat': 25.4942, 'lon': 56.7322}","{'mpa': [], 'eez': ['8360'], 'rfmo': ['IWC', 'RECOFI', 'ACAP', 'IOTC'], 'fao': ['51', '51.3'], 'major_fao': ['51'], 'eez_12_nm': [], 'high_seas': [], 'mpa_no_take_partial': [], 'mpa_no_take': []}","[56.735818333333334, 25.491801666666667, 56.72862166666667, 25.496595]","{'start_distance_from_shore_km': 38.0, 'end_distance_from_shore_km': 37.0, 'start_distance_from_port_km': 17.255627, 'end_distance_from_port_km': 16.533371}","{'id': 'ca02aea32-2fd7-821e-5031-42a83618dd99', 'name': 'MAERSK GAIRLOCH', 'ssvid': '563078400', 'flag': 'SGP', 'type': 'cargo', 'public_authorizations': [], 'nextPort': {'id': 'are-khorfakkan', 'flag': 'ARE', 'name': 'KHOR FAKKAN', 'portVisitEventId': '9600816fdf301810772c9e0d5e4a4888'}}","{'total_time_hours': 1.0, 'total_distance_km': 0.7479642229284845, 'average_speed_knots': 0.4038683709117087, 'average_distance_from_shore_km': 37.0961432506887}"
2026-06-11T13:59:20Z,2026-06-12T07:59:01Z,f775c5e86f14ecfd98c3a8dadd7c7b0b,loitering,"{'lat': 25.6599, 'lon': 56.9068}","{'mpa': [], 'eez': ['8469'], 'rfmo': ['ACAP', 'IOTC', 'IWC', 'RECOFI'], 'fao': ['51.3', '51'], 'major_fao': ['51'], 'eez_12_nm': [], 'high_seas': [], 'mpa_no_take_partial': [], 'mpa_no_take': []}","[56.907135, 25.660603333333334, 56.90637, 25.659293333333334]","{'start_distance_from_shore_km': 42.0, 'end_distance_from_shore_km': 42.0, 'start_distance_from_port_km': 25.080814, 'end_distance_from_port_km': 25.080814}","{'id': 'd75911582-263e-18e6-4af3-bd4f2bb87f2e', 'name': 'PREY EAGLE', 'ssvid': '352003521', 'flag': 'PAN', 'type': 'cargo', 'public_authorizations': [], 'nextPort': {'id': None, 'flag': None, 'name': None, 'portVisitEventId': None}}","{'total_time_hours': 17.994722222222222, 'total_distance_km': 1.2191843761991763, 'average_speed_knots': 0.0365833320718174, 'average_distance_from_shore_km': 42.0}"
2026-06-12T08:24:07Z,2026-06-13T05:59:12Z,3669d069ebeac6336af55f790976d1c3,loitering,"{'lat': 25.6599, 'lon': 56.9078}","{'mpa': [], 'eez': ['8469'], 'rfmo': ['IWC', 'RECOFI', 'ACAP', 'IOTC'], 'fao': ['51', '51.3'], 'major_fao': ['51'], 'eez_12_nm': [], 'high_seas': [], 'mpa_no_take_partial': [], 'mpa_no_take': []}","[56.908046666666664, 25.658056666666667, 56.907468333333334, 25.661691666666666]","{'start_distance_from_shore_km': 42.0, 'end_distance_from_shore_km': 42.0, 'start_distance_from_port_km': 25.080814, 'end_distance_from_port_km': 25.080814}","{'id': 'd75911582-263e-18e6-4af3-bd4f2bb87f2e', 'name': 'PREY EAGLE', 'ssvid': '352003521', 'flag': 'PAN', 'type': 'cargo', 'public_authorizations': [], 'nextPort': {'id': None, 'flag': None, 'name': None, 'portVisitEventId': None}}","{'total_time_hours': 21.584722222222222, 'total_distance_km': 1.3858645551712823, 'average_speed_knots': 0.034668363462304175, 'average_distance_from_shore_km': 42.0}"
2026-06-13T06:13:13Z,2026-06-18T14:57:41Z,589e093bd12eef0701d557c31cf1536f,loitering,"{'lat': 25.6599, 'lon': 56.9078}","{'mpa': [], 'eez': ['8469'], 'rfmo': ['ACAP', 'IOTC', 'IWC', 'RECOFI'], 'fao': ['51.3', '51'], 'major_fao': ['51'], 'eez_12_nm': [], 'high_seas': [], 'mpa_no_take_partial': [], 'mpa_no_take': []}","[56.907291666666666, 25.660893333333334, 56.90822333333333, 25.658821666666668]","{'start_distance_from_shore_km': 42.0, 'end_distance_from_shore_km': 42.0, 'start_distance_from_port_km': 25.080814, 'end_distance_from_port_km': 25.080814}","{'id': 'd75911582-263e-18e6-4af3-bd4f2bb87f2e', 'name': 'PREY EAGLE', 'ssvid': '352003521', 'flag': 'PAN', 'type': 'cargo', 'public_authorizations': [], 'nextPort': {'id': None, 'flag': None, 'name': None, 'portVisitEventId': None}}","{'total_time_hours': 128.7411111111111, 'total_distance_km': 7.309165534746563, 'average_speed_knots': 0.030655581764121347, 'average_distance_from_shore_km': 42.00013364698972}"
2026-06-13T07:10:37Z,2026-06-14T02:59:27Z,4721e921fa81c2c81c965ba2bc24f96e,loitering,"{'lat': 25.4704, 'lon': 56.8473}","{'mpa': [], 'eez': ['8360'], 'rfmo': ['IOTC', 'RECOFI', 'IWC', 'ACAP'], 'fao': ['51', '51.3'], 'major_fao': ['51'], 'eez_12_nm': [], 'high_seas': [], 'mpa_no_take_partial': [], 'mpa_no_take': []}","[56.876545, 25.38378833333333, 56.81796, 25.557008333333332]","{'start_distance_from_shore_km': 51.0, 'end_distance_from_shore_km': 46.0, 'start_distance_from_port_km': 28.129618999999998, 'end_distance_from_port_km': 18.741008}","{'id': '0411d39aa-acb5-0f63-3515-de7e0d23ecb3', 'name': 'NEW LOTUS', 'ssvid': '356444000', 'flag': 'PAN', 'type': 'cargo', 'public_authorizations': [], 'nextPort': {'id': 'omn-sohar', 'flag': 'OMN', 'name': None, 'portVisitEventId': 'b815273ef97e99f7e1b33f3d890b2e48'}}","{'total_time_hours': 19.813888888888886, 'total_distance_km': 25.518265978295798, 'average_speed_knots': 0.6954092356448164, 'average_distance_from_shore_km': 49.320366822694005}"
2026-06-14T05:59:14Z,2026-06-14T13:59:05Z,4b7a7d3cd032d48000b8487874e65513,loitering,"{'lat': 25.4336, 'lon': 56.7519}","{'mpa': [], 'eez': ['8360'], 'rfmo': ['ACAP', 'RECOFI', 'IWC', 'IOTC'], 'fao': ['51', '51.3'], 'major_fao': ['51'], 'eez_12_nm': [], 'high_seas': [], 'mpa_no_take_partial': [], 'mpa_no_take': []}","[56.80036666666667, 25.4181, 56.70336, 25.449068333333333]","{'start_distance_from_shore_km': 44.0, 'end_distance_from_shore_km': 34.0, 'start_distance_from_port_km': 20.210322, 'end_distance_from_port_km': 11.47883}","{'id': '8d959df02-2467-5bba-4f88-112dd49733d0', 'name': 'ERICA', 'ssvid': '352960000', 'flag': 'PAN', 'type': 'cargo', 'public_authorizations': [], 'nextPort': {'id': 'omn-sohar', 'flag': 'OMN', 'name': None, 'portVisitEventId': 'e1e2910c44c7168ac56105f640b1fcfa'}}","{'total_time_hours': 7.9975000000000005, 'total_distance_km': 10.270438432895714, 'average_speed_knots': 0.6934158307365027, 'average_distance_from_shore_km': 39.01506578262229}"
2026-06-14T07:59:57Z,2026-06-14T17:58:35Z,dd2a0533efc0b9900245fd748154794d,loitering,"{'lat': 25.5778, 'lon': 56.8097}","{'mpa': [], 'eez': ['8360'], 'rfmo': ['ACAP', 'IWC', 'IOTC', 'RECOFI'], 'fao': ['51.3', '51'], 'major_fao': ['51'], 'eez_12_nm': [], 'high_seas': [], 'mpa_no_take_partial': [], 'mpa_no_take': []}","[56.86882166666667, 25.502665, 56.750505, 25.652928333333332]","{'start_distance_from_shore_km': 50.0, 'end_distance_from_shore_km': 41.0, 'start_distance_from_port_km': 26.380817999999998, 'end_distance_from_port_km': 9.290687}","{'id': '0411d39aa-acb5-0f63-3515-de7e0d23ecb3', 'name': 'NEW LOTUS', 'ssvid': '356444000', 'flag': 'PAN', 'type': 'cargo', 'public_authorizations': [], 'nextPort': {'id': 'omn-sohar', 'flag': 'OMN', 'name': None, 'portVisitEventId': 'b815273ef97e99f7e1b33f3d890b2e48'}}","{'total_time_hours': 9.977222222222222, 'total_distance_km': 25.66359294224738, 'average_speed_knots': 1.3888867363724355, 'average_distance_from_shore_km': 43.82022690077946}"
2026-06-14T18:57:15Z,2026-06-14T21:35:53Z,bb26fcfebd936b52a8db796fa9be3b18,loitering,"{'lat': 25.66, 'lon': 56.7558}","{'mpa': [], 'eez': ['8360'], 'rfmo': ['RECOFI', 'IOTC', 'IWC', 'ACAP'], 'fao': ['51.3', '51'], 'major_fao': ['51'], 'eez_12_nm': [], 'high_seas': [], 'mpa_no_take_partial': [], 'mpa_no_take': []}","[56.764678333333336, 25.660113333333335, 56.746945, 25.659818333333334]","{'start_distance_from_shore_km': 42.0, 'end_distance_from_shore_km': 41.0, 'start_distance_from_port_km': 10.083957, 'end_distance_from_port_km': 9.088495}","{'id': '0411d39aa-acb5-0f63-3515-de7e0d23ecb3', 'name': 'NEW LOTUS', 'ssvid': '356444000', 'flag': 'PAN', 'type': 'cargo', 'public_authorizations': [], 'nextPort': {'id': 'omn-sohar', 'flag': 'OMN', 'name': None, 'portVisitEventId': 'b815273ef97e99f7e1b33f3d890b2e48'}}","{'total_time_hours': 2.6438888888888887, 'total_distance_km': 4.2104180777670965, 'average_speed_knots': 0.8598863197457374, 'average_distance_from_shore_km': 41.016837103605006}"
2026-06-14T23:59:01Z,2026-06-16T05:59:31Z,f71472893c51da950d64b0047db1a561,loitering,"{'lat': 25.4759, 'lon': 56.8153}","{'mpa': [], 'eez': ['8360'], 'rfmo': ['ACAP', 'IWC', 'IOTC', 'RECOFI'], 'fao': ['51', '51.3'], 'major_fao': ['51'], 'eez_12_nm': [], 'high_seas': [], 'mpa_no_take_partial': [], 'mpa_no_take': []}","[56.941813333333336, 25.386503333333334, 56.68874, 25.56539]","{'start_distance_from_shore_km': 56.0, 'end_distance_from_shore_km': 33.0, 'start_distance_from_port_km': 34.154562, 'end_distance_from_port_km': 7.784663999999999}","{'id': '8d959df02-2467-5bba-4f88-112dd49733d0', 'name': 'ERICA', 'ssvid': '352960000', 'flag': 'PAN', 'type': 'cargo', 'public_authorizations': [], 'nextPort': {'id': 'omn-sohar', 'flag': 'OMN', 'name': None, 'portVisitEventId': 'e1e2910c44c7168ac56105f640b1fcfa'}}","{'total_time_hours': 30.008333333333333, 'total_distance_km': 45.93926312329287, 'average_speed_knots': 0.8266109748124836, 'average_distance_from_shore_km': 42.48865430996897}"
2026-06-15T07:59:26Z,2026-06-15T15:25:31Z,a866d51ef50da0a2aad690ae807ecf5c,loitering,"{'lat': 25.5476, 'lon': 56.7665}","{'mpa': [], 'eez': ['8360'], 'rfmo': ['IWC', 'RECOFI', 'ACAP', 'IOTC'], 'fao': ['51.3', '51'], 'major_fao': ['51'], 'eez_12_nm': [], 'high_seas': [], 'mpa_no_take_partial': [], 'mpa_no_take': []}","[56.81227833333333, 25.508703333333333, 56.72065833333333, 25.586525]","{'start_distance_from_shore_km': 45.0, 'end_distance_from_shore_km': 37.0, 'start_distance_from_port_km': 20.871188999999998, 'end_distance_from_port_km': 8.309552}","{'id': '0411d39aa-acb5-0f63-3515-de7e0d23ecb3', 'name': 'NEW LOTUS', 'ssvid': '356444000', 'flag': 'PAN', 'type': 'cargo', 'public_authorizations': [], 'nextPort': {'id': 'omn-sohar', 'flag': 'OMN', 'name': None, 'portVisitEventId': 'b815273ef97e99f7e1b33f3d890b2e48'}}","{'total_time_hours': 7.434722222222222, 'total_distance_km': 14.701044709562114, 'average_speed_knots': 1.0676833473493519, 'average_distance_from_shore_km': 39.24393515930687}"
2026-06-16T02:56:31Z,2026-06-16T16:37:35Z,02123eac957e90a6be4a05b37eb05d90,loitering,"{'lat': 25.4302, 'lon': 57.1257}","{'mpa': [], 'eez': ['8469'], 'rfmo': ['IWC', 'IOTC', 'RECOFI', 'ACAP'], 'fao': ['51', '51.3'], 'major_fao': ['51'], 'eez_12_nm': [], 'high_seas': [], 'mpa_no_take_partial': [], 'mpa_no_take': []}","[57.17271, 25.387523333333334, 57.07863666666667, 25.47296]","{'start_distance_from_shore_km': 46.0, 'end_distance_from_shore_km': 42.0, 'start_distance_from_port_km': 49.069609, 'end_distance_from_port_km': 43.778531}","{'id': '182a4d3b3-37e8-9ca6-8b7c-bd0320795734', 'name': 'CICCIO', 'ssvid': '305007400', 'flag': 'ATG', 'type': 'cargo', 'public_authorizations': [], 'nextPort': {'id': 'are-jebelali', 'flag': 'ARE', 'name': 'JEBEL ALI', 'portVisitEventId': '5e8f98020069f3f7c316dca95bf1bbf0'}}","{'total_time_hours': 13.684444444444445, 'total_distance_km': 18.033082087944486, 'average_speed_knots': 0.7115440747478932, 'average_distance_from_shore_km': 45.69025958272683}"
2026-06-17T10:18:00Z,2026-06-17T15:10:52Z,bccfb8e3e38f706e02a8f1759e8828a2,loitering,"{'lat': 25.4135, 'lon': 57.1994}","{'mpa': [], 'eez': ['8469'], 'rfmo': ['IWC', 'IOTC', 'ACAP', 'RECOFI'], 'fao': ['51', '51.3'], 'major_fao': ['51'], 'eez_12_nm': [], 'high_seas': [], 'mpa_no_take_partial': [], 'mpa_no_take': []}","[57.226886666666665, 25.376048333333333, 57.171978333333335, 25.450926666666668]","{'start_distance_from_shore_km': 46.0, 'end_distance_from_shore_km': 40.0, 'start_distance_from_port_km': 49.182012, 'end_distance_from_port_km': 42.594352}","{'id': '01d6bdf45-5cc5-ad5e-c54e-fae7d19777e9', 'name': 'TEACHER O', 'ssvid': '353999000', 'flag': 'PAN', 'type': 'cargo', 'public_authorizations': [], 'nextPort': {'id': 'are-dubai', 'flag': 'ARE', 'name': 'DUBAI', 'portVisitEventId': '8ebaf3f8a6cb45706f374d48fe7ab55d'}}","{'total_time_hours': 4.881111111111111, 'total_distance_km': 10.279854257493806, 'average_speed_knots': 1.1371749420396902, 'average_distance_from_shore_km': 40.757682676986114}"
2026-06-18T08:42:35Z,2026-06-18T13:11:07Z,0e680372777e274a15ad4419ef3770d3,loitering,"{'lat': 25.483, 'lon': 56.8494}","{'mpa': [], 'eez': ['8360'], 'rfmo': ['IWC', 'IOTC', 'RECOFI', 'ACAP'], 'fao': ['51.3', '51'], 'major_fao': ['51'], 'eez_12_nm': [], 'high_seas': [], 'mpa_no_take_partial': [], 'mpa_no_take': []}","[56.856946666666666, 25.464423333333333, 56.84188833333333, 25.501506666666668]","{'start_distance_from_shore_km': 50.0, 'end_distance_from_shore_km': 48.0, 'start_distance_from_port_km': 26.948456999999998, 'end_distance_from_port_km': 23.920443}","{'id': 'e6fcc4d53-307c-32ae-3e98-da9e0ac9cf16', 'name': 'STAR ADVANCE', 'ssvid': '649235000', 'flag': 'MLI', 'type': 'cargo', 'public_authorizations': [], 'nextPort': {'id': None, 'flag': None, 'name': None, 'portVisitEventId': None}}","{'total_time_hours': 4.475555555555555, 'total_distance_km': 4.120142982065049, 'average_speed_knots': 0.49707778325192126, 'average_distance_from_shore_km': 48.57280287984112}"
2026-06-21T03:50:07Z,2026-06-22T13:02:34Z,acb4ef70f5b645fd4901cfa6737cf389,loitering,"{'lat': 25.435, 'lon': 56.7702}","{'mpa': [], 'eez': ['8360'], 'rfmo': ['RECOFI', 'ACAP', 'IWC', 'IOTC'], 'fao': ['51', '51.3'], 'major_fao': ['51'], 'eez_12_nm': [], 'high_seas': [], 'mpa_no_take_partial': [], 'mpa_no_take': []}","[56.770986666666666, 25.43306, 56.769333333333336, 25.436855]","{'start_distance_from_shore_km': 41.0, 'end_distance_from_shore_km': 41.0, 'start_distance_from_port_km': 17.396572, 'end_distance_from_port_km': 17.642889}","{'id': '77c8e4b10-0411-a997-aa77-4b326e2f9903', 'name': 'VALENTINA SEA', 'ssvid': '374232000', 'flag': 'PAN', 'type': 'cargo', 'public_authorizations': [], 'nextPort': {'id': 'sau-rastanura', 'flag': 'SAU', 'name': 'RAS TANURA', 'portVisitEventId': '3a28f0d5a7c00a8955a6e047b6bfbcdf'}}","{'total_time_hours': 33.207499999999996, 'total_distance_km': 0.9014748688770505, 'average_speed_knots': 0.014658058829918537, 'average_distance_from_shore_km': 41.00000000000001}"
2026-06-22T13:59:08Z,2026-06-23T01:58:49Z,83cbddbb2c5d3ce2111a62ca11584c6e,loitering,"{'lat': 26.2579, 'lon': 55.7388}","{'mpa': [], 'eez': ['8469'], 'rfmo': ['RECOFI', 'IOTC', 'IWC', 'ACAP'], 'fao': ['51.2', '51'], 'major_fao': ['51'], 'eez_12_nm': [], 'high_seas': [], 'mpa_no_take_partial': [], 'mpa_no_take': []}","[55.72533333333333, 26.252580000000002, 55.75217333333333, 26.263248333333333]","{'start_distance_from_shore_km': 40.0, 'end_distance_from_shore_km': 39.0, 'start_distance_from_port_km': 26.060398, 'end_distance_from_port_km': 26.262178}","{'id': 'a76db1e7c-c9dc-cffa-d5ff-dc9cf8d44576', 'name': 'GEMMA', 'ssvid': '511873000', 'flag': 'PLW', 'type': 'cargo', 'public_authorizations': [], 'nextPort': {'id': 'omn-sohar', 'flag': 'OMN', 'name': None, 'portVisitEventId': '1233a3e794994450bc28211cc70d01b0'}}","{'total_time_hours': 11.994722222222222, 'total_distance_km': 9.889682245274122, 'average_speed_knots': 0.4451959047836718, 'average_distance_from_shore_km': 39.64300176800147}"
2026-06-23T09:58:26Z,2026-06-23T15:59:36Z,20e82188330abbcba7a7eb4a4d7ab85e,loitering,"{'lat': 25.597, 'lon': 56.7438}","{'mpa': [], 'eez': ['8360'], 'rfmo': ['IOTC', 'ACAP', 'IWC', 'RECOFI'], 'fao': ['51.3', '51'], 'major_fao': ['51'], 'eez_12_nm': [], 'high_seas': [], 'mpa_no_take_partial': [], 'mpa_no_take': []}","[56.75300166666667, 25.56795333333333, 56.734523333333335, 25.62604]","{'start_distance_from_shore_km': 39.0, 'end_distance_from_shore_km': 38.0, 'start_distance_from_port_km': 12.044529, 'end_distance_from_port_km': 8.020323000000001}","{'id': '8e53c8fa7-78e0-56ab-d1a8-367af2d8400b', 'name': 'SEA ACE', 'ssvid': '649151000', 'flag': 'MLI', 'type': 'bunker', 'public_authorizations': [], 'nextPort': {'id': 'are-khorfakkan', 'flag': 'ARE', 'name': 'KHOR FAKKAN', 'portVisitEventId': '592fa9eba7e5e7ebd340949810a4b5dd'}}","{'total_time_hours': 6.019444444444445, 'total_distance_km': 8.279058150672128, 'average_speed_knots': 0.742648896574966, 'average_distance_from_shore_km': 38.9089991280804}"
2026-06-25T04:59:34Z,2026-06-25T08:59:25Z,7e9cbcb4c36167d657e6f13500c0fd77,loitering,"{'lat': 25.4512, 'lon': 56.7978}","{'mpa': [], 'eez': ['8360'], 'rfmo': ['RECOFI', 'IOTC', 'ACAP', 'IWC'], 'fao': ['51.3', '51'], 'major_fao': ['51'], 'eez_12_nm': [], 'high_seas': [], 'mpa_no_take_partial': [], 'mpa_no_take': []}","[56.82671166666667, 25.43946, 56.768985, 25.462913333333333]","{'start_distance_from_shore_km': 47.0, 'end_distance_from_shore_km': 41.0, 'start_distance_from_port_km': 23.523141, 'end_distance_from_port_km': 18.328986}","{'id': 'c65747f4d-dfe6-66a4-0d71-bcf610c25654', 'name': 'CARIBBEAN HARMONY', 'ssvid': '477850700', 'flag': 'HKG', 'type': 'cargo', 'public_authorizations': [], 'nextPort': {'id': None, 'flag': None, 'name': None, 'portVisitEventId': None}}","{'total_time_hours': 3.9975, 'total_distance_km': 9.339148793627098, 'average_speed_knots': 1.2614726528090718, 'average_distance_from_shore_km': 43.582797038267245}"
2026-06-26T06:59:03Z,2026-06-26T10:59:21Z,04d23043ffde0499473feec50b6a833f,loitering,"{'lat': 25.4575, 'lon': 56.7347}","{'mpa': [], 'eez': ['8360'], 'rfmo': ['RECOFI', 'IOTC', 'IWC', 'ACAP'], 'fao': ['51', '51.3'], 'major_fao': ['51'], 'eez_12_nm': [], 'high_seas': [], 'mpa_no_take_partial': [], 'mpa_no_take': []}","[56.73748, 25.451286666666668, 56.732, 25.463726666666666]","{'start_distance_from_shore_km': 38.0, 'end_distance_from_shore_km': 37.0, 'start_distance_from_port_km': 15.118934999999999, 'end_distance_from_port_km': 14.660782}","{'id': 'c14fe3ad3-3179-1da5-ef46-44069714ed2c', 'name': 'MYRMIDON', 'ssvid': '636025416', 'flag': 'LBR', 'type': 'cargo', 'public_authorizations': [], 'nextPort': {'id': 'qat-doha', 'flag': 'QAT', 'name': None, 'portVisitEventId': 'c1a5563abdf212e258088ae068f5f82e'}}","{'total_time_hours': 4.005, 'total_distance_km': 3.4763939610923895, 'average_speed_knots': 0.4686897804704688, 'average_distance_from_shore_km': 37.987272601507925}"
2026-06-29T07:59:10Z,2026-06-29T14:59:22Z,29b0065538e3ac38bc7ae199d64cd416,loitering,"{'lat': 25.4169, 'lon': 57.0724}","{'mpa': [], 'eez': ['8469'], 'rfmo': ['IWC', 'ACAP', 'RECOFI', 'IOTC'], 'fao': ['51.3', '51'], 'major_fao': ['51'], 'eez_12_nm': [], 'high_seas': [], 'mpa_no_take_partial': [], 'mpa_no_take': []}","[57.10100833333333, 25.352355, 57.043791666666664, 25.48139]","{'start_distance_from_shore_km': 53.0, 'end_distance_from_shore_km': 44.0, 'start_distance_from_port_km': 50.288957, 'end_distance_from_port_km': 42.530578}","{'id': 'bc3c36e91-1b93-54b5-6b4a-94c251065171', 'name': 'HAWKS VICTORY', 'ssvid': '352003217', 'flag': 'PAN', 'type': 'cargo', 'public_authorizations': [], 'nextPort': {'id': 'mdv-male', 'flag': 'MDV', 'name': None, 'portVisitEventId': '0f7f4a4b0878e0a9d4bde55312732bb4'}}","{'total_time_hours': 7.003333333333333, 'total_distance_km': 18.792345867212543, 'average_speed_knots': 1.4488893389663677, 'average_distance_from_shore_km': 48.15008705286485}"
2026-06-29T15:59:09Z,2026-06-29T22:59:10Z,af7198566f45f45bf6c311bb4382518e,loitering,"{'lat': 25.5405, 'lon': 57.0371}","{'mpa': [], 'eez': ['8469'], 'rfmo': ['IWC', 'RECOFI', 'IOTC', 'ACAP'], 'fao': ['51', '51.3'], 'major_fao': ['51'], 'eez_12_nm': [], 'high_seas': [], 'mpa_no_take_partial': [], 'mpa_no_take': []}","[57.04202166666666, 25.501041666666666, 57.03225166666667, 25.57989]","{'start_distance_from_shore_km': 42.0, 'end_distance_from_shore_km': 36.0, 'start_distance_from_port_km': 41.70557, 'end_distance_from_port_km': 36.600887}","{'id': 'bc3c36e91-1b93-54b5-6b4a-94c251065171', 'name': 'HAWKS VICTORY', 'ssvid': '352003217', 'flag': 'PAN', 'type': 'cargo', 'public_authorizations': [], 'nextPort': {'id': 'mdv-male', 'flag': 'MDV', 'name': None, 'portVisitEventId': '0f7f4a4b0878e0a9d4bde55312732bb4'}}","{'total_time_hours': 7.000277777777778, 'total_distance_km': 14.625646657901276, 'average_speed_knots': 1.1281291498092827, 'average_distance_from_shore_km': 37.50601932520197}"
2026-06-30T09:59:07Z,2026-06-30T11:59:08Z,ed98835c34db2bb5e64e411c481dd853,loitering,"{'lat': 25.4616, 'lon': 56.7909}","{'mpa': [], 'eez': ['8360'], 'rfmo': ['RECOFI', 'IWC', 'IOTC', 'ACAP'], 'fao': ['51', '51.3'], 'major_fao': ['51'], 'eez_12_nm': [], 'high_seas': [], 'mpa_no_take_partial': [], 'mpa_no_take': []}","[56.80267666666666, 25.451351666666667, 56.77914166666667, 25.471885]","{'start_distance_from_shore_km': 44.0, 'end_distance_from_shore_km': 42.0, 'start_distance_from_port_km': 20.840387, 'end_distance_from_port_km': 19.679781}","{'id': 'c65747f4d-dfe6-66a4-0d71-bcf610c25654', 'name': 'CARIBBEAN HARMONY', 'ssvid': '477850700', 'flag': 'HKG', 'type': 'cargo', 'public_authorizations': [], 'nextPort': {'id': None, 'flag': None, 'name': None, 'portVisitEventId': None}}","{'total_time_hours': 2.000277777777778, 'total_distance_km': 6.636248635340434, 'average_speed_knots': 1.7913949951774726, 'average_distance_from_shore_km': 43.01499724821134}"
2026-06-30T13:59:05Z,2026-06-30T16:59:00Z,9665b796a83b330b9fa46ecb77fbd5f8,loitering,"{'lat': 25.6822, 'lon': 56.731}","{'mpa': [], 'eez': ['8354'], 'rfmo': ['IOTC', 'IWC', 'ACAP', 'RECOFI'], 'fao': ['51', '51.3'], 'major_fao': ['51'], 'eez_12_nm': [], 'high_seas': [], 'mpa_no_take_partial': [], 'mpa_no_take': []}","[56.725741666666664, 25.65731, 56.73627166666667, 25.70706]","{'start_distance_from_shore_km': 39.0, 'end_distance_from_shore_km': 39.0, 'start_distance_from_port_km': 7.103296, 'end_distance_from_port_km': 9.16754}","{'id': '5d5ae2e41-18ac-317a-d91c-bb973a98c94b', 'name': 'KMTC MUMBAI', 'ssvid': '441225000', 'flag': 'KOR', 'type': 'cargo', 'public_authorizations': [], 'nextPort': {'id': 'are-khorfakkan', 'flag': 'ARE', 'name': 'KHOR FAKKAN', 'portVisitEventId': '9a192057910dccaedc63717ecc4a555f'}}","{'total_time_hours': 2.998611111111111, 'total_distance_km': 7.365118969404798, 'average_speed_knots': 1.326229360337873, 'average_distance_from_shore_km': 38.65834791417258}"
2026-06-30T17:59:00Z,2026-07-01T03:59:20Z,f2e5061c7d445e53c924a498f4c473bb,loitering,"{'lat': 25.6533, 'lon': 56.7508}","{'mpa': [], 'eez': ['8360'], 'rfmo': ['IOTC', 'IWC', 'RECOFI', 'ACAP'], 'fao': ['51', '51.3'], 'major_fao': ['51'], 'eez_12_nm': [], 'high_seas': [], 'mpa_no_take_partial': [], 'mpa_no_take': []}","[56.75457, 25.673165, 56.74699666666667, 25.633441666666666]","{'start_distance_from_shore_km': 41.0, 'end_distance_from_shore_km': 40.0, 'start_distance_from_port_km': 9.019838, 'end_distance_from_port_km': 10.025403}","{'id': '5d5ae2e41-18ac-317a-d91c-bb973a98c94b', 'name': 'KMTC MUMBAI', 'ssvid': '441225000', 'flag': 'KOR', 'type': 'cargo', 'public_authorizations': [], 'nextPort': {'id': 'are-khorfakkan', 'flag': 'ARE', 'name': 'KHOR FAKKAN', 'portVisitEventId': '9a192057910dccaedc63717ecc4a555f'}}","{'total_time_hours': 10.005555555555556, 'total_distance_km': 14.115853468252016, 'average_speed_knots': 0.7617719050627509, 'average_distance_from_shore_km': 42.87109942123685}"
2026-06-30T22:59:03Z,2026-07-01T00:59:03Z,b9b5fe7cd180d161385ef1fc165de113,loitering,"{'lat': 26.0512, 'lon': 55.6742}","{'mpa': [], 'eez': ['8360'], 'rfmo': ['IWC', 'RECOFI', 'IOTC', 'ACAP'], 'fao': ['51', '51.2'], 'major_fao': ['51'], 'eez_12_nm': [], 'high_seas': [], 'mpa_no_take_partial': [], 'mpa_no_take': []}","[55.68765, 26.043763333333334, 55.66076666666667, 26.058568333333334]","{'start_distance_from_shore_km': 36.0, 'end_distance_from_shore_km': 39.0, 'start_distance_from_port_km': 13.036011, 'end_distance_from_port_km': 16.328857}","{'id': '18780f9bc-cac7-a006-2635-651ca657c892', 'name': 'CENTURION SIGNIFER', 'ssvid': '352002288', 'flag': 'PAN', 'type': 'cargo', 'public_authorizations': [], 'nextPort': {'id': 'are-fujairah', 'flag': 'ARE', 'name': 'FUJAIRAH', 'portVisitEventId': '13cd64d56d2c2a98ac2752b9d2d08dc3'}}","{'total_time_hours': 2.0, 'total_distance_km': 5.1429726747213085, 'average_speed_knots': 1.3884915428513251, 'average_distance_from_shore_km': 37.42678193124898}"
2026-07-01T01:59:01Z,2026-07-01T03:59:03Z,49679c5c3bc270c09a1b428ca161c8a1,loitering,"{'lat': 26.0548, 'lon': 55.6689}","{'mpa': [], 'eez': ['8360'], 'rfmo': ['IWC', 'IOTC', 'ACAP', 'RECOFI'], 'fao': ['51.2', '51'], 'major_fao': ['51'], 'eez_12_nm': [], 'high_seas': [], 'mpa_no_take_partial': [], 'mpa_no_take': []}","[55.65911333333333, 26.048283333333334, 55.67859166666667, 26.06124833333333]","{'start_distance_from_shore_km': 38.0, 'end_distance_from_shore_km': 37.0, 'start_distance_from_port_km': 16.139120000000002, 'end_distance_from_port_km': 14.378730000000001}","{'id': '18780f9bc-cac7-a006-2635-651ca657c892', 'name': 'CENTURION SIGNIFER', 'ssvid': '352002288', 'flag': 'PAN', 'type': 'cargo', 'public_authorizations': [], 'nextPort': {'id': 'are-fujairah', 'flag': 'ARE', 'name': 'FUJAIRAH', 'portVisitEventId': '13cd64d56d2c2a98ac2752b9d2d08dc3'}}","{'total_time_hours': 2.0005555555555556, 'total_distance_km': 5.334280071213294, 'average_speed_knots': 1.4397404800838152, 'average_distance_from_shore_km': 37.31396309556595}"
2026-07-01T04:59:03Z,2026-07-01T09:59:12Z,df0db0f124ca801f0651c499453fbb77,loitering,"{'lat': 26.019, 'lon': 55.6251}","{'mpa': [], 'eez': ['8360'], 'rfmo': ['IWC', 'ACAP', 'RECOFI', 'IOTC'], 'fao': ['51.2', '51'], 'major_fao': ['51'], 'eez_12_nm': [], 'high_seas': [], 'mpa_no_take_partial': [], 'mpa_no_take': []}","[55.622395, 26.027405, 55.62784333333333, 26.010533333333335]","{'start_distance_from_shore_km': 38.0, 'end_distance_from_shore_km': 36.0, 'start_distance_from_port_km': 19.983158, 'end_distance_from_port_km': 19.115423999999997}","{'id': '18780f9bc-cac7-a006-2635-651ca657c892', 'name': 'CENTURION SIGNIFER', 'ssvid': '352002288', 'flag': 'PAN', 'type': 'cargo', 'public_authorizations': [], 'nextPort': {'id': 'are-fujairah', 'flag': 'ARE', 'name': 'FUJAIRAH', 'portVisitEventId': '13cd64d56d2c2a98ac2752b9d2d08dc3'}}","{'total_time_hours': 5.0025, 'total_distance_km': 4.338301208518925, 'average_speed_knots': 0.46826491813692767, 'average_distance_from_shore_km': 37.04540672240987}"
2026-07-01T15:56:07Z,2026-07-01T17:59:40Z,c926aa88066da1347b995b0d942df725,loitering,"{'lat': 25.496, 'lon': 56.9283}","{'mpa': [], 'eez': ['8469'], 'rfmo': ['IWC', 'ACAP', 'IOTC', 'RECOFI'], 'fao': ['51.3', '51'], 'major_fao': ['51'], 'eez_12_nm': [], 'high_seas': [], 'mpa_no_take_partial': [], 'mpa_no_take': []}","[56.922673333333336, 25.488713333333333, 56.934005, 25.50324833333333]","{'start_distance_from_shore_km': 51.0, 'end_distance_from_shore_km': 50.0, 'start_distance_from_port_km': 31.239498, 'end_distance_from_port_km': 31.587992}","{'id': '7c6dde963-3e9e-ca4e-0500-1f82cb555871', 'name': 'AK CARL', 'ssvid': '667002421', 'flag': 'SLE', 'type': 'cargo', 'public_authorizations': [], 'nextPort': {'id': 'are-sharjah', 'flag': 'ARE', 'name': 'SHARJAH', 'portVisitEventId': '176b6693afcd0674e4179832fe8f24b9'}}","{'total_time_hours': 2.0591666666666666, 'total_distance_km': 4.821421782644304, 'average_speed_knots': 1.2642781839911361, 'average_distance_from_shore_km': 49.80831439647106}"
2026-07-04T14:59:15Z,2026-07-04T16:58:23Z,d618914f28a8134784157b0e94e6f9fa,loitering,"{'lat': 25.5561, 'lon': 56.8827}","{'mpa': [], 'eez': ['8469'], 'rfmo': ['IWC', 'IOTC', 'RECOFI', 'ACAP'], 'fao': ['51.3', '51'], 'major_fao': ['51'], 'eez_12_nm': [], 'high_seas': [], 'mpa_no_take_partial': [], 'mpa_no_take': []}","[56.89080666666667, 25.545108333333335, 56.87452833333333, 25.567188333333334]","{'start_distance_from_shore_km': 49.0, 'end_distance_from_shore_km': 49.0, 'start_distance_from_port_km': 25.660262, 'end_distance_from_port_km': 23.048162}","{'id': 'c14fe3ad3-3179-1da5-ef46-44069714ed2c', 'name': 'MYRMIDON', 'ssvid': '636025416', 'flag': 'LBR', 'type': 'cargo', 'public_authorizations': [], 'nextPort': {'id': 'are-fujairah', 'flag': 'ARE', 'name': 'FUJAIRAH', 'portVisitEventId': '3ac840783963010aa2d6c007f9675f3f'}}","{'total_time_hours': 1.9855555555555555, 'total_distance_km': 3.4038876628246575, 'average_speed_knots': 0.9256614838092099, 'average_distance_from_shore_km': 49.12432282261425}"
2026-07-05T16:59:03Z,2026-07-05T20:59:03Z,6417ca0390662ae8cf8df89cee4b3baf,loitering,"{'lat': 25.527, 'lon': 56.7655}","{'mpa': [], 'eez': ['8360'], 'rfmo': ['RECOFI', 'IWC', 'ACAP', 'IOTC'], 'fao': ['51', '51.3'], 'major_fao': ['51'], 'eez_12_nm': [], 'high_seas': [], 'mpa_no_take_partial': [], 'mpa_no_take': []}","[56.76623333333333, 25.508323333333333, 56.764695, 25.545636666666667]","{'start_distance_from_shore_km': 41.0, 'end_distance_from_shore_km': 40.0, 'start_distance_from_port_km': 17.970081999999998, 'end_distance_from_port_km': 14.171398}","{'id': 'ca02aea32-2fd7-821e-5031-42a83618dd99', 'name': 'MAERSK GAIRLOCH', 'ssvid': '563078400', 'flag': 'SGP', 'type': 'cargo', 'public_authorizations': [], 'nextPort': {'id': 'are-khorfakkan', 'flag': 'ARE', 'name': 'KHOR FAKKAN', 'portVisitEventId': '47a8a6fe370a5ff42eed75be9fadbed5'}}","{'total_time_hours': 4.0, 'total_distance_km': 4.028617096727627, 'average_speed_knots': 0.5438198024740317, 'average_distance_from_shore_km': 40.92399197731517}"
2026-07-05T21:59:04Z,2026-07-06T00:59:05Z,0adbe8133cc84fb24b073c3c942568ac,loitering,"{'lat': 25.4993, 'lon': 56.7803}","{'mpa': [], 'eez': ['8360'], 'rfmo': ['IWC', 'RECOFI', 'IOTC', 'ACAP'], 'fao': ['51', '51.3'], 'major_fao': ['51'], 'eez_12_nm': [], 'high_seas': [], 'mpa_no_take_partial': [], 'mpa_no_take': []}","[56.77282833333334, 25.510598333333334, 56.78776166666667, 25.48791]","{'start_distance_from_shore_km': 41.0, 'end_distance_from_shore_km': 43.0, 'start_distance_from_port_km': 17.970081999999998, 'end_distance_from_port_km': 20.965879}","{'id': 'ca02aea32-2fd7-821e-5031-42a83618dd99', 'name': 'MAERSK GAIRLOCH', 'ssvid': '563078400', 'flag': 'SGP', 'type': 'cargo', 'public_authorizations': [], 'nextPort': {'id': 'are-khorfakkan', 'flag': 'ARE', 'name': 'KHOR FAKKAN', 'portVisitEventId': '47a8a6fe370a5ff42eed75be9fadbed5'}}","{'total_time_hours': 3.000277777777778, 'total_distance_km': 2.414903540967293, 'average_speed_knots': 0.43460762409819337, 'average_distance_from_shore_km': 41.82089540701198}"
2026-07-06T01:59:04Z,2026-07-06T05:59:04Z,97431b08aa3231e65c6a7c0fd20cf614,loitering,"{'lat': 25.4825, 'lon': 56.7718}","{'mpa': [], 'eez': ['8360'], 'rfmo': ['IOTC', 'RECOFI', 'ACAP', 'IWC'], 'fao': ['51', '51.3'], 'major_fao': ['51'], 'eez_12_nm': [], 'high_seas': [], 'mpa_no_take_partial': [], 'mpa_no_take': []}","[56.77688666666667, 25.492278333333335, 56.766623333333335, 25.472755]","{'start_distance_from_shore_km': 42.0, 'end_distance_from_shore_km': 41.0, 'start_distance_from_port_km': 20.307609, 'end_distance_from_port_km': 18.761693}","{'id': 'ca02aea32-2fd7-821e-5031-42a83618dd99', 'name': 'MAERSK GAIRLOCH', 'ssvid': '563078400', 'flag': 'SGP', 'type': 'cargo', 'public_authorizations': [], 'nextPort': {'id': 'are-khorfakkan', 'flag': 'ARE', 'name': 'KHOR FAKKAN', 'portVisitEventId': '47a8a6fe370a5ff42eed75be9fadbed5'}}","{'total_time_hours': 4.0, 'total_distance_km': 6.933892571903118, 'average_speed_knots': 0.9360006171575482, 'average_distance_from_shore_km': 41.69323922219916}"
2026-07-06T06:59:00Z,2026-07-06T09:59:03Z,fc9ecec742119cc6e20674c05c66110a,loitering,"{'lat': 25.5378, 'lon': 56.7629}","{'mpa': [], 'eez': ['8360'], 'rfmo': ['RECOFI', 'IWC', 'IOTC', 'ACAP'], 'fao': ['51.3', '51'], 'major_fao': ['51'], 'eez_12_nm': [], 'high_seas': [], 'mpa_no_take_partial': [], 'mpa_no_take': []}","[56.780498333333334, 25.539414999999998, 56.745218333333334, 25.536136666666668]","{'start_distance_from_shore_km': 42.0, 'end_distance_from_shore_km': 39.0, 'start_distance_from_port_km': 16.435890999999998, 'end_distance_from_port_km': 14.168108}","{'id': 'ca02aea32-2fd7-821e-5031-42a83618dd99', 'name': 'MAERSK GAIRLOCH', 'ssvid': '563078400', 'flag': 'SGP', 'type': 'cargo', 'public_authorizations': [], 'nextPort': {'id': 'are-khorfakkan', 'flag': 'ARE', 'name': 'KHOR FAKKAN', 'portVisitEventId': '47a8a6fe370a5ff42eed75be9fadbed5'}}","{'total_time_hours': 3.0008333333333335, 'total_distance_km': 3.6129745253388204, 'average_speed_knots': 0.6501028077763652, 'average_distance_from_shore_km': 40.438202247191015}"
2026-07-06T10:59:01Z,2026-07-06T21:59:10Z,86996a8148ffda714d3ad4c763fb9892,loitering,"{'lat': 25.4517, 'lon': 56.852}","{'mpa': [], 'eez': ['8360'], 'rfmo': ['IOTC', 'RECOFI', 'ACAP', 'IWC'], 'fao': ['51.3', '51'], 'major_fao': ['51'], 'eez_12_nm': [], 'high_seas': [], 'mpa_no_take_partial': [], 'mpa_no_take': []}","[56.90123166666667, 25.428155, 56.80272166666666, 25.47515]","{'start_distance_from_shore_km': 53.0, 'end_distance_from_shore_km': 44.0, 'start_distance_from_port_km': 30.314238, 'end_distance_from_port_km': 21.964562}","{'id': '7f4f39e3a-a7d3-34be-2478-537c600e6d73', 'name': 'MIRADOR EXPRESS', 'ssvid': '636020941', 'flag': 'LBR', 'type': 'cargo', 'public_authorizations': [], 'nextPort': {'id': 'are-khorfakkan', 'flag': 'ARE', 'name': 'KHOR FAKKAN', 'portVisitEventId': '333603264209d745a00224a1d46d31b9'}}","{'total_time_hours': 11.0025, 'total_distance_km': 16.51711197642262, 'average_speed_knots': 0.8105909552473898, 'average_distance_from_shore_km': 47.94312939574983}"
2026-07-06T12:59:02Z,2026-07-17T05:58:05Z,accdcd4eed090c7f401bad55e84bf71b,loitering,"{'lat': 25.7554, 'lon': 56.9313}","{'mpa': [], 'eez': ['8469'], 'rfmo': ['IWC', 'RECOFI', 'IOTC', 'ACAP'], 'fao': ['51.3', '51'], 'major_fao': ['51'], 'eez_12_nm': [], 'high_seas': [], 'mpa_no_take_partial': [], 'mpa_no_take': []}","[56.94434833333333, 25.75736, 56.918303333333334, 25.753386666666668]","{'start_distance_from_shore_km': 36.0, 'end_distance_from_shore_km': 38.0, 'start_distance_from_port_km': 29.782807000000002, 'end_distance_from_port_km': 27.525602}","{'id': '503ab5c58-857c-c718-8bac-4a3d3ac9b7a8', 'name': 'EMMA', 'ssvid': '750801000', 'flag': 'GUY', 'type': 'bunker', 'public_authorizations': [], 'nextPort': {'id': 'are-khorfakkan', 'flag': 'ARE', 'name': 'KHOR FAKKAN', 'portVisitEventId': '44f8ebe5a695aeca8ea03585ee9a4222'}}","{'total_time_hours': 256.9841666666667, 'total_distance_km': 23.791050832115726, 'average_speed_knots': 0.04998805928314068, 'average_distance_from_shore_km': 37.99812313727164}"
2026-07-06T12:59:04Z,2026-07-08T04:59:05Z,d83c4a6f95177e95edc9c80fb6898268,loitering,"{'lat': 25.514, 'lon': 56.7744}","{'mpa': [], 'eez': ['8360'], 'rfmo': ['IOTC', 'RECOFI', 'ACAP', 'IWC'], 'fao': ['51.3', '51'], 'major_fao': ['51'], 'eez_12_nm': [], 'high_seas': [], 'mpa_no_take_partial': [], 'mpa_no_take': []}","[56.77522666666667, 25.52276833333333, 56.773495, 25.505251666666666]","{'start_distance_from_shore_km': 42.0, 'end_distance_from_shore_km': 41.0, 'start_distance_from_port_km': 17.878035, 'end_distance_from_port_km': 17.970081999999998}","{'id': 'ca02aea32-2fd7-821e-5031-42a83618dd99', 'name': 'MAERSK GAIRLOCH', 'ssvid': '563078400', 'flag': 'SGP', 'type': 'cargo', 'public_authorizations': [], 'nextPort': {'id': 'are-khorfakkan', 'flag': 'ARE', 'name': 'KHOR FAKKAN', 'portVisitEventId': '47a8a6fe370a5ff42eed75be9fadbed5'}}","{'total_time_hours': 40.000277777777775, 'total_distance_km': 24.890058088419618, 'average_speed_knots': 0.33598657184117614, 'average_distance_from_shore_km': 39.99486369418909}"
2026-07-06T17:14:56Z,2026-07-06T23:58:46Z,b123e9770bba3bed546d5bca8873ac08,loitering,"{'lat': 25.4246, 'lon': 56.8858}","{'mpa': [], 'eez': ['8360'], 'rfmo': ['RECOFI', 'IOTC', 'IWC', 'ACAP'], 'fao': ['51.3', '51'], 'major_fao': ['51'], 'eez_12_nm': [], 'high_seas': [], 'mpa_no_take_partial': [], 'mpa_no_take': []}","[56.91092, 25.463305, 56.860616666666665, 25.385961666666667]","{'start_distance_from_shore_km': 53.0, 'end_distance_from_shore_km': 49.0, 'start_distance_from_port_km': 31.837488, 'end_distance_from_port_km': 26.118199}","{'id': '2e63d5be0-0504-646b-3786-56f867061951', 'name': 'ICE QUEEN', 'ssvid': '354447000', 'flag': 'PAN', 'type': 'cargo', 'public_authorizations': [], 'nextPort': {'id': None, 'flag': None, 'name': None, 'portVisitEventId': None}}","{'total_time_hours': 6.730555555555555, 'total_distance_km': 13.784139134100528, 'average_speed_knots': 1.1058284332998893, 'average_distance_from_shore_km': 49.036964344128236}"
2026-07-08T12:59:01Z,2026-07-09T09:59:05Z,382a5e9d2e1b9861ad60e85908a9a3e0,loitering,"{'lat': 25.4718, 'lon': 56.8544}","{'mpa': [], 'eez': ['8360'], 'rfmo': ['ACAP', 'IWC', 'RECOFI', 'IOTC'], 'fao': ['51.3', '51'], 'major_fao': ['51'], 'eez_12_nm': [], 'high_seas': [], 'mpa_no_take_partial': [], 'mpa_no_take': []}","[56.929005, 25.443563333333334, 56.77981166666667, 25.500038333333332]","{'start_distance_from_shore_km': 54.0, 'end_distance_from_shore_km': 42.0, 'start_distance_from_port_km': 33.438898, 'end_distance_from_port_km': 19.467953}","{'id': '60d44afdc-cb73-15bf-e828-347fa005b57a', 'name': 'BYD ZHENGZHOU', 'ssvid': '477155100', 'flag': 'HKG', 'type': 'cargo', 'public_authorizations': [], 'nextPort': {'id': 'are-khorfakkan', 'flag': 'ARE', 'name': 'KHOR FAKKAN', 'portVisitEventId': '352b83636e8367b3d7837330c8b4014a'}}","{'total_time_hours': 21.001111111111115, 'total_distance_km': 18.111175215650952, 'average_speed_knots': 0.46565404204235067, 'average_distance_from_shore_km': 49.9171002312152}"
2026-07-08T13:59:15Z,2026-07-09T09:59:43Z,641c1a3cfc1fa2da9daacbf323af6c46,loitering,"{'lat': 25.4068, 'lon': 56.7297}","{'mpa': [], 'eez': ['8360'], 'rfmo': ['ACAP', 'RECOFI', 'IWC', 'IOTC'], 'fao': ['51', '51.3'], 'major_fao': ['51'], 'eez_12_nm': [], 'high_seas': [], 'mpa_no_take_partial': [], 'mpa_no_take': []}","[56.756008333333334, 25.34327, 56.70345666666667, 25.470348333333334]","{'start_distance_from_shore_km': 39.0, 'end_distance_from_shore_km': 34.0, 'start_distance_from_port_km': 16.41982, 'end_distance_from_port_km': 12.705162}","{'id': '2840e1681-1e83-95fa-a6e0-2629bce51a90', 'name': 'XIN HAI TONG 32', 'ssvid': '538004326', 'flag': 'MHL', 'type': 'cargo', 'public_authorizations': [], 'nextPort': {'id': None, 'flag': None, 'name': None, 'portVisitEventId': None}}","{'total_time_hours': 20.00777777777778, 'total_distance_km': 20.11972468419426, 'average_speed_knots': 0.5429779532514064, 'average_distance_from_shore_km': 39.73742020802415}"
2026-07-09T03:57:14Z,2026-07-10T07:13:37Z,1a362d2510d180af2880e9b77d920dd2,loitering,"{'lat': 25.4806, 'lon': 56.7598}","{'mpa': [], 'eez': ['8360'], 'rfmo': ['RECOFI', 'IOTC', 'ACAP', 'IWC'], 'fao': ['51.3', '51'], 'major_fao': ['51'], 'eez_12_nm': [], 'high_seas': [], 'mpa_no_take_partial': [], 'mpa_no_take': []}","[56.479056666666665, 25.500278333333334, 57.040573333333334, 25.460866666666668]","{'start_distance_from_shore_km': 12.0, 'end_distance_from_shore_km': 45.0, 'start_distance_from_port_km': 11.119492000000001, 'end_distance_from_port_km': 43.453848}","{'id': '798dd4518-8048-ed21-19d5-f684fc73df90', 'name': 'CMA CGM DOLPHIN', 'ssvid': '229921000', 'flag': 'MLT', 'type': 'cargo', 'public_authorizations': [], 'nextPort': {'id': None, 'flag': None, 'name': None, 'portVisitEventId': None}}","{'total_time_hours': 27.273055555555555, 'total_distance_km': 57.81246353296544, 'average_speed_knots': 1.1445814329667883, 'average_distance_from_shore_km': 40.31010502925005}"
2026-07-09T03:57:51Z,2026-07-10T07:14:07Z,b044b6441bd921a00da6ee13ed160231,loitering,"{'lat': 25.4849, 'lon': 56.7608}","{'mpa': [], 'eez': ['8360'], 'rfmo': ['IOTC', 'ACAP', 'RECOFI', 'IWC'], 'fao': ['51.3', '51'], 'major_fao': ['51'], 'eez_12_nm': [], 'high_seas': [], 'mpa_no_take_partial': [], 'mpa_no_take': []}","[56.48111, 25.508786666666666, 57.04040666666667, 25.461035]","{'start_distance_from_shore_km': 12.0, 'end_distance_from_shore_km': 45.0, 'start_distance_from_port_km': 12.231441, 'end_distance_from_port_km': 43.453848}","{'id': '0ea0b6988-81cf-7745-920b-b71ce169eb13', 'name': 'DEDE KORKUT', 'ssvid': '311001829', 'flag': 'BHS', 'type': 'cargo', 'public_authorizations': [], 'nextPort': {'id': 'pak-karachi', 'flag': 'PAK', 'name': 'KARACHI', 'portVisitEventId': 'd345b80185ae716f19b430c0c47fbe93'}}","{'total_time_hours': 27.27111111111111, 'total_distance_km': 59.97625233600088, 'average_speed_knots': 1.1875051721455678, 'average_distance_from_shore_km': 40.306929100170656}"
2026-07-09T07:48:19Z,2026-07-10T07:28:30Z,a2d71b724398d13956063cc9104b31cb,loitering,"{'lat': 25.4727, 'lon': 56.7633}","{'mpa': [], 'eez': ['8360'], 'rfmo': ['IOTC', 'RECOFI', 'ACAP', 'IWC'], 'fao': ['51', '51.3'], 'major_fao': ['51'], 'eez_12_nm': [], 'high_seas': [], 'mpa_no_take_partial': [], 'mpa_no_take': []}","[56.4863, 25.48425, 57.04035, 25.4611]","{'start_distance_from_shore_km': 13.0, 'end_distance_from_shore_km': 45.0, 'start_distance_from_port_km': 8.895595, 'end_distance_from_port_km': 43.453848}","{'id': 'e763e1cf0-0aa8-5b00-d414-18c180640619', 'name': 'HAI NAM 87', 'ssvid': '574004320', 'flag': 'VNM', 'type': 'cargo', 'public_authorizations': [], 'nextPort': {'id': 'omn-sohar', 'flag': 'OMN', 'name': 'SOHAR', 'portVisitEventId': 'd3ef53d3d5c7b4c2563cb23824845ae6'}}","{'total_time_hours': 23.66972222222222, 'total_distance_km': 55.889471964038236, 'average_speed_knots': 1.2749579545212393, 'average_distance_from_shore_km': 44.98498551336641}"
2026-07-14T18:59:06Z,2026-07-15T02:59:17Z,bf068a27d7c4164d5d44d29454fcc2e6,loitering,"{'lat': 25.5154, 'lon': 57.0871}","{'mpa': [], 'eez': ['8469'], 'rfmo': ['IOTC', 'IWC', 'RECOFI', 'ACAP'], 'fao': ['51', '51.3'], 'major_fao': ['51'], 'eez_12_nm': [], 'high_seas': [], 'mpa_no_take_partial': [], 'mpa_no_take': []}","[57.16251166666667, 25.49152, 57.01165666666667, 25.539213333333333]","{'start_distance_from_shore_km': 36.0, 'end_distance_from_shore_km': 41.0, 'start_distance_from_port_km': 38.615344, 'end_distance_from_port_km': 37.466297}","{'id': '182a4d3b3-37e8-9ca6-8b7c-bd0320795734', 'name': 'CICCIO', 'ssvid': '305007400', 'flag': 'ATG', 'type': 'cargo', 'public_authorizations': [], 'nextPort': {'id': None, 'flag': None, 'name': None, 'portVisitEventId': None}}","{'total_time_hours': 8.003055555555555, 'total_distance_km': 18.649940834175506, 'average_speed_knots': 1.258289707919031, 'average_distance_from_shore_km': 38.75199070589674}"
2026-07-14T19:59:09Z,2026-07-15T13:59:21Z,64e9cfbbc7c37528aa6cd9b4d830f79d,loitering,"{'lat': 25.4317, 'lon': 57.1117}","{'mpa': [], 'eez': ['8469'], 'rfmo': ['RECOFI', 'IOTC', 'IWC', 'ACAP'], 'fao': ['51.3', '51'], 'major_fao': ['51'], 'eez_12_nm': [], 'high_seas': [], 'mpa_no_take_partial': [], 'mpa_no_take': []}","[57.167703333333336, 25.380326666666665, 57.055755, 25.48308]","{'start_distance_from_shore_km': 47.0, 'end_distance_from_shore_km': 42.0, 'start_distance_from_port_km': 50.153828000000004, 'end_distance_from_port_km': 43.767691}","{'id': '32153c846-6e97-8fd5-b371-c5c2c6f0bc77', 'name': 'NIRVANA I', 'ssvid': '268257901', 'flag': 'SMR', 'type': 'cargo', 'public_authorizations': [], 'nextPort': {'id': 'are-khorfakkan', 'flag': 'ARE', 'name': 'KHOR FAKKAN', 'portVisitEventId': 'ca4c4551c8880fa913933801ace3cfc8'}}","{'total_time_hours': 18.003333333333334, 'total_distance_km': 21.228122162659627, 'average_speed_knots': 0.6366748187178648, 'average_distance_from_shore_km': 44.43506447048855}"
2026-07-15T06:59:27Z,2026-07-16T15:59:25Z,75c77952ca8fb5e7d0f37732d01810c8,loitering,"{'lat': 25.437, 'lon': 57.2057}","{'mpa': [], 'eez': ['8469'], 'rfmo': ['ACAP', 'IOTC', 'RECOFI', 'IWC'], 'fao': ['51', '51.3'], 'major_fao': ['51'], 'eez_12_nm': [], 'high_seas': [], 'mpa_no_take_partial': [], 'mpa_no_take': []}","[57.30220666666666, 25.328753333333335, 57.10916666666667, 25.545293333333333]","{'start_distance_from_shore_km': 50.0, 'end_distance_from_shore_km': 33.0, 'start_distance_from_port_km': 54.52243, 'end_distance_from_port_km': 34.518977}","{'id': '182a4d3b3-37e8-9ca6-8b7c-bd0320795734', 'name': 'CICCIO', 'ssvid': '305007400', 'flag': 'ATG', 'type': 'cargo', 'public_authorizations': [], 'nextPort': {'id': None, 'flag': None, 'name': None, 'portVisitEventId': None}}","{'total_time_hours': 32.99944444444445, 'total_distance_km': 43.45604679173552, 'average_speed_knots': 0.7110540347426412, 'average_distance_from_shore_km': 43.06830031170639}"
2026-07-15T18:58:02Z,2026-07-16T01:57:58Z,7807183956b97f81617706677a8f8b24,loitering,"{'lat': 25.5185, 'lon': 56.9621}","{'mpa': [], 'eez': ['8469'], 'rfmo': ['RECOFI', 'IOTC', 'IWC', 'ACAP'], 'fao': ['51', '51.3'], 'major_fao': ['51'], 'eez_12_nm': [], 'high_seas': [], 'mpa_no_take_partial': [], 'mpa_no_take': []}","[56.98441166666667, 25.45140333333333, 56.9397, 25.585598333333333]","{'start_distance_from_shore_km': 50.0, 'end_distance_from_shore_km': 43.0, 'start_distance_from_port_km': 38.564538999999996, 'end_distance_from_port_km': 29.416725}","{'id': '4980cf4b9-9939-8c52-4ddf-0cdf31fd88ec', 'name': 'FUTURE OCEAN', 'ssvid': '352978235', 'flag': 'PAN', 'type': 'cargo', 'public_authorizations': [], 'nextPort': {'id': None, 'flag': None, 'name': None, 'portVisitEventId': None}}","{'total_time_hours': 6.998888888888889, 'total_distance_km': 19.148164155497458, 'average_speed_knots': 1.4772604157013944, 'average_distance_from_shore_km': 45.49073205975381}"
2026-07-15T19:59:01Z,2026-07-16T03:59:41Z,fcf367a0379508426e7042fc3377fdf7,loitering,"{'lat': 25.4594, 'lon': 56.9731}","{'mpa': [], 'eez': ['8469'], 'rfmo': ['RECOFI', 'IWC', 'IOTC', 'ACAP'], 'fao': ['51', '51.3'], 'major_fao': ['51'], 'eez_12_nm': [], 'high_seas': [], 'mpa_no_take_partial': [], 'mpa_no_take': []}","[56.96632, 25.421781666666668, 56.97987333333333, 25.496998333333334]","{'start_distance_from_shore_km': 53.0, 'end_distance_from_shore_km': 46.0, 'start_distance_from_port_km': 37.228523, 'end_distance_from_port_km': 36.120434}","{'id': '18b08d8ef-f236-6246-2219-ce0da5fcf338', 'name': 'QUEEN WIN', 'ssvid': '636019401', 'flag': 'LBR', 'type': 'cargo', 'public_authorizations': [], 'nextPort': {'id': 'are-fujairah', 'flag': 'ARE', 'name': 'FUJAIRAH', 'portVisitEventId': 'b8cc01e8f21268eca91dec1475023a31'}}","{'total_time_hours': 8.011111111111111, 'total_distance_km': 12.360198775538175, 'average_speed_knots': 0.8330896087136265, 'average_distance_from_shore_km': 48.62698181290618}"
2026-07-17T03:07:54Z,2026-07-17T10:27:48Z,4bc69f3fd9b335ce5e5613ad690fc926,loitering,"{'lat': 25.4599, 'lon': 56.8967}","{'mpa': [], 'eez': ['8360'], 'rfmo': ['IOTC', 'IWC', 'ACAP', 'RECOFI'], 'fao': ['51.3', '51'], 'major_fao': ['51'], 'eez_12_nm': [], 'high_seas': [], 'mpa_no_take_partial': [], 'mpa_no_take': []}","[56.896726666666666, 25.459666666666667, 56.896585, 25.460055]","{'start_distance_from_shore_km': 53.0, 'end_distance_from_shore_km': 53.0, 'start_distance_from_port_km': 30.856291000000002, 'end_distance_from_port_km': 30.856291000000002}","{'id': '82f7db874-4cf8-3579-ab27-4d540d4bd33a', 'name': 'VISHVA EKTA', 'ssvid': '419000175', 'flag': 'IND', 'type': 'cargo', 'public_authorizations': [], 'nextPort': {'id': None, 'flag': None, 'name': None, 'portVisitEventId': None}}","{'total_time_hours': 7.331666666666667, 'total_distance_km': 0.9740489928625812, 'average_speed_knots': 0.07173599189752392, 'average_distance_from_shore_km': 52.99999999999999}"
2026-07-17T03:07:56Z,2026-07-18T04:48:11Z,a2eafaa0899cf859a7ead85101150052,loitering,"{'lat': 25.46, 'lon': 56.8968}","{'mpa': [], 'eez': ['8360'], 'rfmo': ['RECOFI', 'IOTC', 'ACAP', 'IWC'], 'fao': ['51', '51.3'], 'major_fao': ['51'], 'eez_12_nm': [], 'high_seas': [], 'mpa_no_take_partial': [], 'mpa_no_take': []}","[56.896696666666664, 25.45987166666667, 56.89680333333333, 25.460051666666665]","{'start_distance_from_shore_km': 53.0, 'end_distance_from_shore_km': 53.0, 'start_distance_from_port_km': 30.856291000000002, 'end_distance_from_port_km': 30.856291000000002}","{'id': '98a594953-3b20-8717-936d-29338883bd30', 'name': 'WELL SAIL', 'ssvid': '538012177', 'flag': 'MHL', 'type': 'cargo', 'public_authorizations': [], 'nextPort': {'id': None, 'flag': None, 'name': None, 'portVisitEventId': None}}","{'total_time_hours': 25.670833333333334, 'total_distance_km': 4.44802107404463, 'average_speed_knots': 0.09355906797642587, 'average_distance_from_shore_km': 52.99999999999999}"
2026-07-17T03:08:01Z,2026-07-17T19:59:15Z,31ea55d3b807d6d07b25f10b1c975d93,loitering,"{'lat': 25.4595, 'lon': 56.8958}","{'mpa': [], 'eez': ['8360'], 'rfmo': ['RECOFI', 'IOTC', 'ACAP', 'IWC'], 'fao': ['51', '51.3'], 'major_fao': ['51'], 'eez_12_nm': [], 'high_seas': [], 'mpa_no_take_partial': [], 'mpa_no_take': []}","[56.894891666666666, 25.459245, 56.89669833333333, 25.459853333333335]","{'start_distance_from_shore_km': 53.0, 'end_distance_from_shore_km': 53.0, 'start_distance_from_port_km': 29.876621, 'end_distance_from_port_km': 30.856291000000002}","{'id': 'a31ed3e15-539a-56fe-ed2c-c594caa31d09', 'name': 'ZOI', 'ssvid': '352003548', 'flag': 'PAN', 'type': 'cargo', 'public_authorizations': [], 'nextPort': {'id': None, 'flag': None, 'name': None, 'portVisitEventId': None}}","{'total_time_hours': 16.85388888888889, 'total_distance_km': 0.64353864376888, 'average_speed_knots': 0.020617382212526514, 'average_distance_from_shore_km': 53.0}"
2026-07-17T03:08:09Z,2026-07-17T05:59:31Z,44f4f84705d43b89ab874577d55138e0,loitering,"{'lat': 25.4599, 'lon': 56.8967}","{'mpa': [], 'eez': ['8360'], 'rfmo': ['IOTC', 'RECOFI', 'ACAP', 'IWC'], 'fao': ['51.3', '51'], 'major_fao': ['51'], 'eez_12_nm': [], 'high_seas': [], 'mpa_no_take_partial': [], 'mpa_no_take': []}","[56.896675, 25.45987166666667, 56.896663333333336, 25.459865]","{'start_distance_from_shore_km': 53.0, 'end_distance_from_shore_km': 53.0, 'start_distance_from_port_km': 30.856291000000002, 'end_distance_from_port_km': 30.856291000000002}","{'id': 'ec8e80990-08e0-d5ed-35fa-8fc35392707d', 'name': 'AS NORA', 'ssvid': '538090658', 'flag': 'MHL', 'type': 'cargo', 'public_authorizations': [], 'nextPort': {'id': None, 'flag': None, 'name': None, 'portVisitEventId': None}}","{'total_time_hours': 2.8561111111111113, 'total_distance_km': 0.1833363980272745, 'average_speed_knots': 0.03466032363054036, 'average_distance_from_shore_km': 52.99999999999999}"
2026-07-17T03:08:23Z,2026-07-17T07:59:02Z,1f0f47b1a024591cd3363fc2feb9eb37,loitering,"{'lat': 25.4598, 'lon': 56.8968}","{'mpa': [], 'eez': ['8360'], 'rfmo': ['IOTC', 'ACAP', 'IWC', 'RECOFI'], 'fao': ['51.3', '51'], 'major_fao': ['51'], 'eez_12_nm': [], 'high_seas': [], 'mpa_no_take_partial': [], 'mpa_no_take': []}","[56.896588333333334, 25.459853333333335, 56.896948333333334, 25.459696666666666]","{'start_distance_from_shore_km': 53.0, 'end_distance_from_shore_km': 53.0, 'start_distance_from_port_km': 30.856291000000002, 'end_distance_from_port_km': 30.856291000000002}","{'id': 'a68ff9a7a-a2a5-c6dd-6bff-d7af64ae75f7', 'name': 'PEARL IVY', 'ssvid': '356972000', 'flag': 'PAN', 'type': 'cargo', 'public_authorizations': [], 'nextPort': {'id': None, 'flag': None, 'name': None, 'portVisitEventId': None}}","{'total_time_hours': 4.844166666666666, 'total_distance_km': 0.9986790911698379, 'average_speed_knots': 0.11131812896875268, 'average_distance_from_shore_km': 53.0}"
2026-07-17T03:08:24Z,2026-07-17T08:59:44Z,2673345e8711fac8256f852b1288fd10,loitering,"{'lat': 25.4599, 'lon': 56.8967}","{'mpa': [], 'eez': ['8360'], 'rfmo': ['IWC', 'IOTC', 'ACAP', 'RECOFI'], 'fao': ['51.3', '51'], 'major_fao': ['51'], 'eez_12_nm': [], 'high_seas': [], 'mpa_no_take_partial': [], 'mpa_no_take': []}","[56.89668666666667, 25.459848333333333, 56.89670666666667, 25.459876666666666]","{'start_distance_from_shore_km': 53.0, 'end_distance_from_shore_km': 53.0, 'start_distance_from_port_km': 30.856291000000002, 'end_distance_from_port_km': 30.856291000000002}","{'id': '3eedc074c-ceaf-4cf3-78aa-79ab835c2e84', 'name': 'SHEN LI', 'ssvid': '352003591', 'flag': 'PAN', 'type': 'cargo', 'public_authorizations': [], 'nextPort': {'id': None, 'flag': None, 'name': None, 'portVisitEventId': None}}","{'total_time_hours': 5.855555555555555, 'total_distance_km': 0.44420098309843287, 'average_speed_knots': 0.040960988355436004, 'average_distance_from_shore_km': 53.0}"
2026-07-17T03:08:35Z,2026-07-18T14:11:05Z,79f61dbc9618ad74b5e7de92f179b990,loitering,"{'lat': 25.4599, 'lon': 56.8967}","{'mpa': [], 'eez': ['8360'], 'rfmo': ['ACAP', 'IWC', 'RECOFI', 'IOTC'], 'fao': ['51.3', '51'], 'major_fao': ['51'], 'eez_12_nm': [], 'high_seas': [], 'mpa_no_take_partial': [], 'mpa_no_take': []}","[56.89662166666667, 25.45991666666667, 56.896695, 25.459876666666666]","{'start_distance_from_shore_km': 53.0, 'end_distance_from_shore_km': 53.0, 'start_distance_from_port_km': 30.856291000000002, 'end_distance_from_port_km': 30.856291000000002}","{'id': '13bcabc80-006c-7c99-e98e-c36a4e810b5c', 'name': 'CHRISTOS', 'ssvid': '636017202', 'flag': 'LBR', 'type': 'cargo', 'public_authorizations': [], 'nextPort': {'id': 'are-fujairah', 'flag': 'ARE', 'name': 'FUJAIRAH', 'portVisitEventId': '7cf72ad084523e4f431ef9b0961640d2'}}","{'total_time_hours': 35.04166666666667, 'total_distance_km': 1.8678992181797356, 'average_speed_knots': 0.02878244635507562, 'average_distance_from_shore_km': 52.999999999999986}"
2026-07-17T03:08:43Z,2026-07-18T14:08:59Z,4de5a946ece16d621e47e7b9a1c494ee,loitering,"{'lat': 25.4585, 'lon': 56.8958}","{'mpa': [], 'eez': ['8360'], 'rfmo': ['IWC', 'RECOFI', 'IOTC', 'ACAP'], 'fao': ['51', '51.3'], 'major_fao': ['51'], 'eez_12_nm': [], 'high_seas': [], 'mpa_no_take_partial': [], 'mpa_no_take': []}","[56.896696666666664, 25.45987, 56.89481166666667, 25.457095]","{'start_distance_from_shore_km': 53.0, 'end_distance_from_shore_km': 53.0, 'start_distance_from_port_km': 30.856291000000002, 'end_distance_from_port_km': 29.876621}","{'id': '1a1e6153d-de24-09c2-04a5-ebc5d865a79b', 'name': 'MANTA ASLI', 'ssvid': '538007019', 'flag': 'MHL', 'type': 'cargo', 'public_authorizations': [], 'nextPort': {'id': None, 'flag': None, 'name': None, 'portVisitEventId': None}}","{'total_time_hours': 35.004444444444445, 'total_distance_km': 0.9021553656864364, 'average_speed_knots': 0.013916087948477329, 'average_distance_from_shore_km': 53.0}"
2026-07-17T03:08:48Z,2026-07-18T07:59:46Z,5f9d2f748314555a12ab8f3d922d1313,loitering,"{'lat': 25.46, 'lon': 56.8964}","{'mpa': [], 'eez': ['8360'], 'rfmo': ['RECOFI', 'IWC', 'ACAP', 'IOTC'], 'fao': ['51.3', '51'], 'major_fao': ['51'], 'eez_12_nm': [], 'high_seas': [], 'mpa_no_take_partial': [], 'mpa_no_take': []}","[56.89605, 25.46019666666667, 56.896681666666666, 25.459888333333332]","{'start_distance_from_shore_km': 53.0, 'end_distance_from_shore_km': 53.0, 'start_distance_from_port_km': 30.856291000000002, 'end_distance_from_port_km': 30.856291000000002}","{'id': 'c1f709436-617c-21ad-c7b7-61298522fc5c', 'name': 'TIAN SHENG 27', 'ssvid': '414384000', 'flag': 'CHN', 'type': 'cargo', 'public_authorizations': [], 'nextPort': {'id': None, 'flag': None, 'name': None, 'portVisitEventId': None}}","{'total_time_hours': 28.849444444444444, 'total_distance_km': 0.07475827708354377, 'average_speed_knots': 0.0013992033851335016, 'average_distance_from_shore_km': 53.00000000000001}"
2026-07-17T03:08:59Z,2026-07-17T11:40:15Z,a8d78a7ed245617ff7eacdecb67805b4,loitering,"{'lat': 25.46, 'lon': 56.8967}","{'mpa': [], 'eez': ['8360'], 'rfmo': ['IOTC', 'RECOFI', 'IWC', 'ACAP'], 'fao': ['51', '51.3'], 'major_fao': ['51'], 'eez_12_nm': [], 'high_seas': [], 'mpa_no_take_partial': [], 'mpa_no_take': []}","[56.896696666666664, 25.45987, 56.896785, 25.460153333333334]","{'start_distance_from_shore_km': 53.0, 'end_distance_from_shore_km': 53.0, 'start_distance_from_port_km': 30.856291000000002, 'end_distance_from_port_km': 30.856291000000002}","{'id': '1ad61b730-034b-a0b5-b718-f72bdd0509d8', 'name': 'OCEAN WEALTH', 'ssvid': '352003496', 'flag': 'PAN', 'type': 'cargo', 'public_authorizations': [], 'nextPort': {'id': None, 'flag': None, 'name': None, 'portVisitEventId': None}}","{'total_time_hours': 8.52111111111111, 'total_distance_km': 1.9703273764709741, 'average_speed_knots': 0.1248536321247245, 'average_distance_from_shore_km': 53.0}"
2026-07-17T03:09:15Z,2026-07-18T15:21:00Z,0a53475c5b71b38e02a7a81ca6792207,loitering,"{'lat': 25.4598, 'lon': 56.8967}","{'mpa': [], 'eez': ['8360'], 'rfmo': ['ACAP', 'IOTC', 'RECOFI', 'IWC'], 'fao': ['51.3', '51'], 'major_fao': ['51'], 'eez_12_nm': [], 'high_seas': [], 'mpa_no_take_partial': [], 'mpa_no_take': []}","[56.896701666666665, 25.45981, 56.89669, 25.459863333333335]","{'start_distance_from_shore_km': 53.0, 'end_distance_from_shore_km': 53.0, 'start_distance_from_port_km': 30.856291000000002, 'end_distance_from_port_km': 30.856291000000002}","{'id': 'f04040255-55c4-0298-d4f6-564dda0982f7', 'name': 'JAG RADHA', 'ssvid': '419001217', 'flag': 'IND', 'type': 'cargo', 'public_authorizations': [], 'nextPort': {'id': None, 'flag': None, 'name': None, 'portVisitEventId': None}}","{'total_time_hours': 36.19583333333333, 'total_distance_km': 2.42238497980351, 'average_speed_knots': 0.03613629332383177, 'average_distance_from_shore_km': 53.0}"
2026-07-17T03:09:17Z,2026-07-17T05:59:30Z,b79b252ac628b5ada46f7aa09c921cd7,loitering,"{'lat': 25.4594, 'lon': 56.8964}","{'mpa': [], 'eez': ['8360'], 'rfmo': ['RECOFI', 'IOTC', 'ACAP', 'IWC'], 'fao': ['51', '51.3'], 'major_fao': ['51'], 'eez_12_nm': [], 'high_seas': [], 'mpa_no_take_partial': [], 'mpa_no_take': []}","[56.89677, 25.459663333333335, 56.89610166666667, 25.459115]","{'start_distance_from_shore_km': 53.0, 'end_distance_from_shore_km': 53.0, 'start_distance_from_port_km': 30.856291000000002, 'end_distance_from_port_km': 30.856291000000002}","{'id': '62f4c4282-21b6-3e5b-4878-79b5aa4eedeb', 'name': 'TRISTAR SPIRIT', 'ssvid': '470917000', 'flag': 'ARE', 'type': 'bunker', 'public_authorizations': [], 'nextPort': {'id': None, 'flag': None, 'name': None, 'portVisitEventId': None}}","{'total_time_hours': 2.8369444444444443, 'total_distance_km': 2.5126174921835247, 'average_speed_knots': 0.47822752117799555, 'average_distance_from_shore_km': 53.00000000000001}"
2026-07-17T03:09:26Z,2026-07-17T04:54:47Z,699acad80458e2eebdf0b623350ee0f4,loitering,"{'lat': 25.4591, 'lon': 56.8958}","{'mpa': [], 'eez': ['8360'], 'rfmo': ['RECOFI', 'ACAP', 'IOTC', 'IWC'], 'fao': ['51.3', '51'], 'major_fao': ['51'], 'eez_12_nm': [], 'high_seas': [], 'mpa_no_take_partial': [], 'mpa_no_take': []}","[56.89667333333333, 25.45988, 56.895, 25.458333333333332]","{'start_distance_from_shore_km': 53.0, 'end_distance_from_shore_km': 53.0, 'start_distance_from_port_km': 30.856291000000002, 'end_distance_from_port_km': 30.856291000000002}","{'id': '2b944addb-bede-c3ea-a6cc-ef983548aa9c', 'name': 'DIAMOND STAR', 'ssvid': '373549000', 'flag': 'PAN', 'type': 'cargo', 'public_authorizations': [], 'nextPort': {'id': None, 'flag': None, 'name': None, 'portVisitEventId': None}}","{'total_time_hours': 1.7558333333333334, 'total_distance_km': 0.24016859196588597, 'average_speed_knots': 0.07385704710490465, 'average_distance_from_shore_km': 53.0}"
2026-07-17T03:09:38Z,2026-07-18T14:49:03Z,8888595678a93d3162e54be5dcd8e1c3,loitering,"{'lat': 25.4598, 'lon': 56.8967}","{'mpa': [], 'eez': ['8360'], 'rfmo': ['RECOFI', 'IWC', 'IOTC', 'ACAP'], 'fao': ['51.3', '51'], 'major_fao': ['51'], 'eez_12_nm': [], 'high_seas': [], 'mpa_no_take_partial': [], 'mpa_no_take': []}","[56.89675, 25.45985, 56.89665, 25.459716666666665]","{'start_distance_from_shore_km': 53.0, 'end_distance_from_shore_km': 53.0, 'start_distance_from_port_km': 30.856291000000002, 'end_distance_from_port_km': 30.856291000000002}","{'id': 'aa15adddf-f297-ae56-35af-97d8b512a0e4', 'name': 'LOFTY MOUNTAIN', 'ssvid': '538009911', 'flag': 'MHL', 'type': 'cargo', 'public_authorizations': [], 'nextPort': {'id': None, 'flag': None, 'name': None, 'portVisitEventId': None}}","{'total_time_hours': 35.65694444444445, 'total_distance_km': 13.109805958448566, 'average_speed_knots': 0.19852314968484608, 'average_distance_from_shore_km': 52.99999999999999}"
2026-07-17T03:09:39Z,2026-07-18T14:06:05Z,83b952fc27217a44bb19755a1ceade3c,loitering,"{'lat': 25.4598, 'lon': 56.8965}","{'mpa': [], 'eez': ['8360'], 'rfmo': ['ACAP', 'IOTC', 'IWC', 'RECOFI'], 'fao': ['51.3', '51'], 'major_fao': ['51'], 'eez_12_nm': [], 'high_seas': [], 'mpa_no_take_partial': [], 'mpa_no_take': []}","[56.89621666666667, 25.45961, 56.89673333333333, 25.460031666666666]","{'start_distance_from_shore_km': 53.0, 'end_distance_from_shore_km': 53.0, 'start_distance_from_port_km': 30.856291000000002, 'end_distance_from_port_km': 30.856291000000002}","{'id': '5b8da9b94-4157-2918-14ac-9e83e073873b', 'name': 'EIDER S', 'ssvid': '636019052', 'flag': 'LBR', 'type': 'cargo', 'public_authorizations': [], 'nextPort': {'id': None, 'flag': None, 'name': None, 'portVisitEventId': None}}","{'total_time_hours': 34.940555555555555, 'total_distance_km': 0.5234454919908108, 'average_speed_knots': 0.008089108777600051, 'average_distance_from_shore_km': 53.0}"
2026-07-17T03:10:05Z,2026-07-18T14:14:46Z,5f52a809c6ff9f5dd32a870560be4977,loitering,"{'lat': 25.4599, 'lon': 56.8967}","{'mpa': [], 'eez': ['8360'], 'rfmo': ['IWC', 'ACAP', 'IOTC', 'RECOFI'], 'fao': ['51.3', '51'], 'major_fao': ['51'], 'eez_12_nm': [], 'high_seas': [], 'mpa_no_take_partial': [], 'mpa_no_take': []}","[56.89669833333333, 25.459873333333334, 56.89669333333333, 25.45987166666667]","{'start_distance_from_shore_km': 53.0, 'end_distance_from_shore_km': 53.0, 'start_distance_from_port_km': 30.856291000000002, 'end_distance_from_port_km': 30.856291000000002}","{'id': 'f18c27b99-9e31-f922-5484-691b4c120e76', 'name': 'HMT FORTUNE', 'ssvid': '352004443', 'flag': 'PAN', 'type': 'cargo', 'public_authorizations': [], 'nextPort': {'id': None, 'flag': None, 'name': None, 'portVisitEventId': None}}","{'total_time_hours': 35.07805555555556, 'total_distance_km': 0.3098077562241944, 'average_speed_knots': 0.004768873390706295, 'average_distance_from_shore_km': 53.0}"
2026-07-17T03:10:09Z,2026-07-17T04:59:06Z,e44e97da60cfd53332943c9517a4681a,loitering,"{'lat': 25.4598, 'lon': 56.8968}","{'mpa': [], 'eez': ['8360'], 'rfmo': ['IWC', 'RECOFI', 'IOTC', 'ACAP'], 'fao': ['51', '51.3'], 'major_fao': ['51'], 'eez_12_nm': [], 'high_seas': [], 'mpa_no_take_partial': [], 'mpa_no_take': []}","[56.89671666666667, 25.4598, 56.896966666666664, 25.45985]","{'start_distance_from_shore_km': 53.0, 'end_distance_from_shore_km': 53.0, 'start_distance_from_port_km': 30.856291000000002, 'end_distance_from_port_km': 30.856291000000002}","{'id': '1d9f3898d-dae5-739f-cc42-1f58251100a8', 'name': 'DALIA', 'ssvid': '353131000', 'flag': 'PAN', 'type': 'cargo', 'public_authorizations': [], 'nextPort': {'id': None, 'flag': None, 'name': None, 'portVisitEventId': None}}","{'total_time_hours': 1.8158333333333334, 'total_distance_km': 1.063628464348658, 'average_speed_knots': 0.316280913634266, 'average_distance_from_shore_km': 53.0}"
2026-07-17T03:10:10Z,2026-07-17T05:58:51Z,1cdf79e8db7629bd90dcc6eef84776f8,loitering,"{'lat': 25.4599, 'lon': 56.8966}","{'mpa': [], 'eez': ['8360'], 'rfmo': ['IWC', 'IOTC', 'RECOFI', 'ACAP'], 'fao': ['51', '51.3'], 'major_fao': ['51'], 'eez_12_nm': [], 'high_seas': [], 'mpa_no_take_partial': [], 'mpa_no_take': []}","[56.89648666666667, 25.459888333333332, 56.896703333333335, 25.459861666666665]","{'start_distance_from_shore_km': 53.0, 'end_distance_from_shore_km': 53.0, 'start_distance_from_port_km': 30.856291000000002, 'end_distance_from_port_km': 30.856291000000002}","{'id': '69f94aefd-dbaf-84d8-507b-ee0d89b47696', 'name': 'SILVER STAR 5', 'ssvid': '677019500', 'flag': 'TZA', 'type': 'bunker', 'public_authorizations': [], 'nextPort': {'id': None, 'flag': None, 'name': None, 'portVisitEventId': None}}","{'total_time_hours': 2.8113888888888887, 'total_distance_km': 0.034367821983974645, 'average_speed_knots': 0.006600701658010893, 'average_distance_from_shore_km': 53.00000000000001}"
2026-07-17T03:10:14Z,2026-07-18T10:59:12Z,9565c452f0fdebc30a5d1674cac51a61,loitering,"{'lat': 25.4253, 'lon': 56.9208}","{'mpa': [], 'eez': ['8360'], 'rfmo': ['ACAP', 'IWC', 'IOTC', 'RECOFI'], 'fao': ['51', '51.3'], 'major_fao': ['51'], 'eez_12_nm': [], 'high_seas': [], 'mpa_no_take_partial': [], 'mpa_no_take': []}","[56.92765, 25.290891666666667, 56.91399333333333, 25.559623333333334]","{'start_distance_from_shore_km': 56.0, 'end_distance_from_shore_km': 47.0, 'start_distance_from_port_km': 34.182805, 'end_distance_from_port_km': 27.210691}","{'id': '4980cf4b9-9939-8c52-4ddf-0cdf31fd88ec', 'name': 'FUTURE OCEAN', 'ssvid': '352978235', 'flag': 'PAN', 'type': 'cargo', 'public_authorizations': [], 'nextPort': {'id': None, 'flag': None, 'name': None, 'portVisitEventId': None}}","{'total_time_hours': 31.81611111111111, 'total_distance_km': 52.919652123866356, 'average_speed_knots': 0.8981087003688764, 'average_distance_from_shore_km': 48.36965957305403}"
2026-07-17T03:10:15Z,2026-07-18T03:48:53Z,ab4cd599cc96f1ad8165d954d4e54913,loitering,"{'lat': 25.46, 'lon': 56.8966}","{'mpa': [], 'eez': ['8360'], 'rfmo': ['ACAP', 'RECOFI', 'IOTC', 'IWC'], 'fao': ['51', '51.3'], 'major_fao': ['51'], 'eez_12_nm': [], 'high_seas': [], 'mpa_no_take_partial': [], 'mpa_no_take': []}","[56.89666666666667, 25.46, 56.89655666666667, 25.45995]","{'start_distance_from_shore_km': 53.0, 'end_distance_from_shore_km': 53.0, 'start_distance_from_port_km': 30.856291000000002, 'end_distance_from_port_km': 30.856291000000002}","{'id': 'd12270d00-0c9c-d85f-9ca7-5fa9245a51c9', 'name': 'HOPE 1', 'ssvid': '305008400', 'flag': 'ATG', 'type': 'cargo', 'public_authorizations': [], 'nextPort': {'id': None, 'flag': None, 'name': None, 'portVisitEventId': None}}","{'total_time_hours': 24.643888888888892, 'total_distance_km': 2.467122675587278, 'average_speed_knots': 0.05405557863247208, 'average_distance_from_shore_km': 53.00000000000001}"
2026-07-17T03:10:37Z,2026-07-17T08:59:01Z,da55ead7d47b114b643954ae76229860,loitering,"{'lat': 25.4591, 'lon': 56.8967}","{'mpa': [], 'eez': ['8360'], 'rfmo': ['IWC', 'RECOFI', 'ACAP', 'IOTC'], 'fao': ['51', '51.3'], 'major_fao': ['51'], 'eez_12_nm': [], 'high_seas': [], 'mpa_no_take_partial': [], 'mpa_no_take': []}","[56.89666666666667, 25.458333333333332, 56.89671833333333, 25.459846666666667]","{'start_distance_from_shore_km': 53.0, 'end_distance_from_shore_km': 53.0, 'start_distance_from_port_km': 30.856291000000002, 'end_distance_from_port_km': 30.856291000000002}","{'id': 'a2cec65e3-36ee-3b28-fc27-3b521c0f7233', 'name': 'VIRGO CONFIDENCE', 'ssvid': '538008171', 'flag': 'MHL', 'type': 'cargo', 'public_authorizations': [], 'nextPort': {'id': 'are-fujairah', 'flag': 'ARE', 'name': 'FUJAIRAH', 'portVisitEventId': 'e028e99fb89c844ac6267c1696b7d44e'}}","{'total_time_hours': 5.806666666666667, 'total_distance_km': 1.995133686290764, 'average_speed_knots': 0.1855257188949016, 'average_distance_from_shore_km': 52.99999999999999}"
2026-07-17T03:11:41Z,2026-07-17T04:53:15Z,73e3e3e495192a93f9d891b262583962,loitering,"{'lat': 25.459, 'lon': 56.8967}","{'mpa': [], 'eez': ['8360'], 'rfmo': ['IOTC', 'IWC', 'RECOFI', 'ACAP'], 'fao': ['51', '51.3'], 'major_fao': ['51'], 'eez_12_nm': [], 'high_seas': [], 'mpa_no_take_partial': [], 'mpa_no_take': []}","[56.89668666666667, 25.459706666666666, 56.89666666666667, 25.458333333333332]","{'start_distance_from_shore_km': 53.0, 'end_distance_from_shore_km': 53.0, 'start_distance_from_port_km': 30.856291000000002, 'end_distance_from_port_km': 30.856291000000002}","{'id': 'b6a5d8d96-6b0c-3fd6-4794-64c25cd428dd', 'name': 'JIA HE', 'ssvid': '352776000', 'flag': 'PAN', 'type': 'cargo', 'public_authorizations': [], 'nextPort': {'id': None, 'flag': None, 'name': None, 'portVisitEventId': None}}","{'total_time_hours': 1.6927777777777777, 'total_distance_km': 0.15967214022150966, 'average_speed_knots': 0.050931705015718004, 'average_distance_from_shore_km': 53.000000000000014}"
2026-07-17T03:12:18Z,2026-07-18T13:54:25Z,b0626bba9be70ffa41c496b04f62bd91,loitering,"{'lat': 25.4599, 'lon': 56.8967}","{'mpa': [], 'eez': ['8360'], 'rfmo': ['ACAP', 'IWC', 'IOTC', 'RECOFI'], 'fao': ['51', '51.3'], 'major_fao': ['51'], 'eez_12_nm': [], 'high_seas': [], 'mpa_no_take_partial': [], 'mpa_no_take': []}","[56.896703333333335, 25.459873333333334, 56.89671, 25.459878333333332]","{'start_distance_from_shore_km': 53.0, 'end_distance_from_shore_km': 53.0, 'start_distance_from_port_km': 30.856291000000002, 'end_distance_from_port_km': 30.856291000000002}","{'id': '0af8da10b-b7df-3e4e-cadb-4797c4fadef3', 'name': 'HYDERABAD', 'ssvid': '463042101', 'flag': 'PAK', 'type': 'cargo', 'public_authorizations': [], 'nextPort': {'id': None, 'flag': None, 'name': None, 'portVisitEventId': None}}","{'total_time_hours': 34.70194444444444, 'total_distance_km': 1.814323551389198, 'average_speed_knots': 0.02823058940719917, 'average_distance_from_shore_km': 53.00000000000001}"
2026-07-17T03:12:23Z,2026-07-18T12:48:52Z,53b1a794ca8bd9cb8cdd0419024f3dfd,loitering,"{'lat': 25.4603, 'lon': 56.897}","{'mpa': [], 'eez': ['8360'], 'rfmo': ['RECOFI', 'IOTC', 'ACAP', 'IWC'], 'fao': ['51.3', '51'], 'major_fao': ['51'], 'eez_12_nm': [], 'high_seas': [], 'mpa_no_take_partial': [], 'mpa_no_take': []}","[56.89720166666667, 25.460796666666667, 56.896708333333336, 25.459878333333332]","{'start_distance_from_shore_km': 53.0, 'end_distance_from_shore_km': 53.0, 'start_distance_from_port_km': 30.856291000000002, 'end_distance_from_port_km': 30.856291000000002}","{'id': '99f2b1c70-05fb-5555-7530-7aef838fc4eb', 'name': 'GCL SABARMATI', 'ssvid': '563136500', 'flag': 'SGP', 'type': 'cargo', 'public_authorizations': [], 'nextPort': {'id': None, 'flag': None, 'name': None, 'portVisitEventId': None}}","{'total_time_hours': 33.60805555555555, 'total_distance_km': 3.752476941380907, 'average_speed_knots': 0.060288386841065245, 'average_distance_from_shore_km': 53.0}"
2026-07-17T03:12:58Z,2026-07-18T21:59:23Z,ee70c79e033543a20e36c121926d2652,loitering,"{'lat': 25.4585, 'lon': 56.8938}","{'mpa': [], 'eez': ['8360'], 'rfmo': ['IWC', 'RECOFI', 'IOTC', 'ACAP'], 'fao': ['51', '51.3'], 'major_fao': ['51'], 'eez_12_nm': [], 'high_seas': [], 'mpa_no_take_partial': [], 'mpa_no_take': []}","[56.89669833333333, 25.459875, 56.890948333333334, 25.45707]","{'start_distance_from_shore_km': 53.0, 'end_distance_from_shore_km': 53.0, 'start_distance_from_port_km': 30.856291000000002, 'end_distance_from_port_km': 29.876621}","{'id': '97f423ac7-76b4-d7b1-cf25-28e412921c73', 'name': 'STAR ANGELINA', 'ssvid': '538006065', 'flag': 'MHL', 'type': 'cargo', 'public_authorizations': [], 'nextPort': {'id': None, 'flag': None, 'name': None, 'portVisitEventId': None}}","{'total_time_hours': 42.77361111111111, 'total_distance_km': 5.656095205703745, 'average_speed_knots': 0.07140026310567221, 'average_distance_from_shore_km': 53.0}"
2026-07-17T03:13:28Z,2026-07-18T14:59:09Z,bc53a793dc0cae3216bbe79801285e55,loitering,"{'lat': 25.4617, 'lon': 56.8987}","{'mpa': [], 'eez': ['8360'], 'rfmo': ['ACAP', 'RECOFI', 'IOTC', 'IWC'], 'fao': ['51.3', '51'], 'major_fao': ['51'], 'eez_12_nm': [], 'high_seas': [], 'mpa_no_take_partial': [], 'mpa_no_take': []}","[56.89669833333333, 25.45987166666667, 56.900735, 25.46353]","{'start_distance_from_shore_km': 53.0, 'end_distance_from_shore_km': 53.0, 'start_distance_from_port_km': 30.856291000000002, 'end_distance_from_port_km': 30.856291000000002}","{'id': 'd6242b910-0e09-5983-9ff3-115d743c9a3d', 'name': 'FREE SAILING', 'ssvid': '352005937', 'flag': 'PAN', 'type': 'cargo', 'public_authorizations': [], 'nextPort': {'id': None, 'flag': None, 'name': None, 'portVisitEventId': None}}","{'total_time_hours': 35.76138888888889, 'total_distance_km': 2.8473789881892513, 'average_speed_knots': 0.042992224420214054, 'average_distance_from_shore_km': 52.99999999999999}"
2026-07-17T03:19:47Z,2026-07-18T14:06:16Z,0b2287bdc8f3546db1af67723fa54336,loitering,"{'lat': 25.4601, 'lon': 56.8977}","{'mpa': [], 'eez': ['8360'], 'rfmo': ['IOTC', 'ACAP', 'IWC', 'RECOFI'], 'fao': ['51.3', '51'], 'major_fao': ['51'], 'eez_12_nm': [], 'high_seas': [], 'mpa_no_take_partial': [], 'mpa_no_take': []}","[56.898781666666665, 25.460335, 56.89669, 25.459876666666666]","{'start_distance_from_shore_km': 53.0, 'end_distance_from_shore_km': 53.0, 'start_distance_from_port_km': 30.856291000000002, 'end_distance_from_port_km': 30.856291000000002}","{'id': '4d7c4bd60-0678-ee7b-c9a7-32d3bc17018a', 'name': 'HESTER', 'ssvid': '311001994', 'flag': 'BHS', 'type': 'cargo', 'public_authorizations': [], 'nextPort': {'id': None, 'flag': None, 'name': None, 'portVisitEventId': None}}","{'total_time_hours': 34.77472222222222, 'total_distance_km': 1.3049201552208627, 'average_speed_knots': 0.020261858923713846, 'average_distance_from_shore_km': 52.99999999999999}"
2026-07-17T03:40:17Z,2026-07-18T14:08:24Z,dedf41ccfa520c3cb740fdae876068e0,loitering,"{'lat': 25.4599, 'lon': 56.8967}","{'mpa': [], 'eez': ['8360'], 'rfmo': ['RECOFI', 'ACAP', 'IOTC', 'IWC'], 'fao': ['51', '51.3'], 'major_fao': ['51'], 'eez_12_nm': [], 'high_seas': [], 'mpa_no_take_partial': [], 'mpa_no_take': []}","[56.89667333333333, 25.459866666666667, 56.89668833333333, 25.45986]","{'start_distance_from_shore_km': 53.0, 'end_distance_from_shore_km': 53.0, 'start_distance_from_port_km': 30.856291000000002, 'end_distance_from_port_km': 30.856291000000002}","{'id': '2a859fe98-8b3a-52ff-c6e0-5498299789f0', 'name': 'ATARAKTOS', 'ssvid': '538012068', 'flag': 'MHL', 'type': 'cargo', 'public_authorizations': [], 'nextPort': {'id': 'are-fujairah', 'flag': 'ARE', 'name': 'FUJAIRAH', 'portVisitEventId': '1b9909409f11347b0a0824a1c42581c2'}}","{'total_time_hours': 34.468611111111116, 'total_distance_km': 4.953142794826601, 'average_speed_knots': 0.0775918455760519, 'average_distance_from_shore_km': 52.99999999999999}"
2026-07-17T03:58:34Z,2026-07-18T14:15:38Z,9eaf4928b09937960a2ccb33ed0f1d3d,loitering,"{'lat': 25.4599, 'lon': 56.8967}","{'mpa': [], 'eez': ['8360'], 'rfmo': ['IOTC', 'ACAP', 'IWC', 'RECOFI'], 'fao': ['51.3', '51'], 'major_fao': ['51'], 'eez_12_nm': [], 'high_seas': [], 'mpa_no_take_partial': [], 'mpa_no_take': []}","[56.89661666666667, 25.45991666666667, 56.89671666666667, 25.45995]","{'start_distance_from_shore_km': 53.0, 'end_distance_from_shore_km': 53.0, 'start_distance_from_port_km': 30.856291000000002, 'end_distance_from_port_km': 30.856291000000002}","{'id': '61f300130-0a8e-75a2-d6b1-9568e22db5e7', 'name': 'TERVEL', 'ssvid': '538090694', 'flag': 'MHL', 'type': 'cargo', 'public_authorizations': [], 'nextPort': {'id': None, 'flag': None, 'name': None, 'portVisitEventId': None}}","{'total_time_hours': 34.284444444444446, 'total_distance_km': 1.0889546688245768, 'average_speed_knots': 0.017150299257130998, 'average_distance_from_shore_km': 53.0}"
2026-07-17T03:59:11Z,2026-07-17T06:59:05Z,0b85db5d74b03379771abf6419068c77,loitering,"{'lat': 25.4604, 'lon': 56.8997}","{'mpa': [], 'eez': ['8360'], 'rfmo': ['IWC', 'RECOFI', 'IOTC', 'ACAP'], 'fao': ['51.3', '51'], 'major_fao': ['51'], 'eez_12_nm': [], 'high_seas': [], 'mpa_no_take_partial': [], 'mpa_no_take': []}","[56.903546666666664, 25.460638333333332, 56.89595, 25.460161666666668]","{'start_distance_from_shore_km': 53.0, 'end_distance_from_shore_km': 53.0, 'start_distance_from_port_km': 30.856291000000002, 'end_distance_from_port_km': 30.856291000000002}","{'id': '7f5fb799b-b654-c1d4-63dc-bd5f8e14df9c', 'name': 'SAFEEN AL NASR', 'ssvid': '538010392', 'flag': 'MHL', 'type': 'cargo', 'public_authorizations': [], 'nextPort': {'id': None, 'flag': None, 'name': None, 'portVisitEventId': None}}","{'total_time_hours': 2.9983333333333335, 'total_distance_km': 3.4238839045171012, 'average_speed_knots': 0.6165923541367055, 'average_distance_from_shore_km': 53.0}"
2026-07-17T03:59:33Z,2026-07-17T12:51:51Z,a7d4ccc1921a9b0c222103eaadf2440f,loitering,"{'lat': 25.4599, 'lon': 56.8966}","{'mpa': [], 'eez': ['8360'], 'rfmo': ['IWC', 'RECOFI', 'ACAP', 'IOTC'], 'fao': ['51', '51.3'], 'major_fao': ['51'], 'eez_12_nm': [], 'high_seas': [], 'mpa_no_take_partial': [], 'mpa_no_take': []}","[56.89655833333333, 25.459963333333334, 56.896663333333336, 25.459818333333335]","{'start_distance_from_shore_km': 53.0, 'end_distance_from_shore_km': 53.0, 'start_distance_from_port_km': 30.856291000000002, 'end_distance_from_port_km': 30.856291000000002}","{'id': '719bfa5a9-9713-8af5-5a7f-0ed407ffebff', 'name': 'AL WATHBA', 'ssvid': '538010737', 'flag': 'MHL', 'type': 'cargo', 'public_authorizations': [], 'nextPort': {'id': 'are-fujairah', 'flag': 'ARE', 'name': 'FUJAIRAH', 'portVisitEventId': '1be19779ef95a081cd7ad2a78d30b576'}}","{'total_time_hours': 8.871666666666666, 'total_distance_km': 1.1217855357188278, 'average_speed_knots': 0.06827530325338395, 'average_distance_from_shore_km': 53.0}"
2026-07-17T03:59:54Z,2026-07-17T22:59:26Z,d2fb718b0019110ecfacfd8c69153f8a,loitering,"{'lat': 25.468, 'lon': 56.8956}","{'mpa': [], 'eez': ['8360'], 'rfmo': ['RECOFI', 'IOTC', 'IWC', 'ACAP'], 'fao': ['51', '51.3'], 'major_fao': ['51'], 'eez_12_nm': [], 'high_seas': [], 'mpa_no_take_partial': [], 'mpa_no_take': []}","[56.896683333333335, 25.459866666666667, 56.8946, 25.476216666666666]","{'start_distance_from_shore_km': 53.0, 'end_distance_from_shore_km': 53.0, 'start_distance_from_port_km': 30.856291000000002, 'end_distance_from_port_km': 29.289125}","{'id': '0ef6cf835-501a-d1c1-3677-d35a43823fe2', 'name': 'ALFAISALIAH', 'ssvid': '352002106', 'flag': 'PAN', 'type': 'cargo', 'public_authorizations': [], 'nextPort': {'id': None, 'flag': None, 'name': None, 'portVisitEventId': None}}","{'total_time_hours': 18.99222222222222, 'total_distance_km': 5.288442244813313, 'average_speed_knots': 0.1503526199492568, 'average_distance_from_shore_km': 53.000000000000014}"
2026-07-17T04:03:03Z,2026-07-17T18:59:07Z,cbf198d8057b06e6f4e0d0bb36eb1740,loitering,"{'lat': 25.4606, 'lon': 56.8966}","{'mpa': [], 'eez': ['8360'], 'rfmo': ['ACAP', 'IOTC', 'RECOFI', 'IWC'], 'fao': ['51', '51.3'], 'major_fao': ['51'], 'eez_12_nm': [], 'high_seas': [], 'mpa_no_take_partial': [], 'mpa_no_take': []}","[56.896391666666666, 25.462033333333334, 56.896755, 25.459083333333332]","{'start_distance_from_shore_km': 53.0, 'end_distance_from_shore_km': 53.0, 'start_distance_from_port_km': 30.856291000000002, 'end_distance_from_port_km': 30.856291000000002}","{'id': '66de0fa1e-ec94-8cd3-abc4-90688ef7f8a2', 'name': 'BALDMAN', 'ssvid': '620911000', 'flag': 'COM', 'type': 'cargo', 'public_authorizations': [], 'nextPort': {'id': 'are-fujairah', 'flag': 'ARE', 'name': 'FUJAIRAH', 'portVisitEventId': '24b784abe84b8bdfbb9fb2462bf797e4'}}","{'total_time_hours': 14.934444444444445, 'total_distance_km': 12.336832208395943, 'average_speed_knots': 0.44603979135582017, 'average_distance_from_shore_km': 53.0}"
2026-07-17T04:08:37Z,2026-07-17T09:29:03Z,e4c4c3e30d8cb339f6b1f4e4691e549e,loitering,"{'lat': 25.4599, 'lon': 56.8967}","{'mpa': [], 'eez': ['8360'], 'rfmo': ['RECOFI', 'ACAP', 'IWC', 'IOTC'], 'fao': ['51', '51.3'], 'major_fao': ['51'], 'eez_12_nm': [], 'high_seas': [], 'mpa_no_take_partial': [], 'mpa_no_take': []}","[56.896726666666666, 25.459855, 56.896713, 25.459862]","{'start_distance_from_shore_km': 53.0, 'end_distance_from_shore_km': 53.0, 'start_distance_from_port_km': 30.856291000000002, 'end_distance_from_port_km': 30.856291000000002}","{'id': 'f38303166-6129-efc3-87a2-1debf87d5fd6', 'name': 'GAC JANOUB', 'ssvid': '470553000', 'flag': 'ARE', 'type': 'cargo', 'public_authorizations': [], 'nextPort': {'id': None, 'flag': None, 'name': None, 'portVisitEventId': None}}","{'total_time_hours': 5.3405555555555555, 'total_distance_km': 2.711812674729187, 'average_speed_knots': 0.27417778697092243, 'average_distance_from_shore_km': 53.00000000000001}"
2026-07-17T04:50:42Z,2026-07-18T06:49:36Z,f735f12859a86dfb2adf74b9c78c2ab8,loitering,"{'lat': 25.4605, 'lon': 56.8965}","{'mpa': [], 'eez': ['8360'], 'rfmo': ['ACAP', 'RECOFI', 'IOTC', 'IWC'], 'fao': ['51', '51.3'], 'major_fao': ['51'], 'eez_12_nm': [], 'high_seas': [], 'mpa_no_take_partial': [], 'mpa_no_take': []}","[56.89635166666667, 25.461036666666665, 56.896701666666665, 25.459866666666667]","{'start_distance_from_shore_km': 53.0, 'end_distance_from_shore_km': 53.0, 'start_distance_from_port_km': 30.856291000000002, 'end_distance_from_port_km': 30.856291000000002}","{'id': '090d12353-3a4f-6744-01f3-59afc7107042', 'name': 'AL DANAH', 'ssvid': '538007109', 'flag': 'MHL', 'type': 'cargo', 'public_authorizations': [], 'nextPort': {'id': 'are-khorfakkan', 'flag': 'ARE', 'name': 'KHOR FAKKAN', 'portVisitEventId': '3eeb730059af43008bdcdc542b63c1da'}}","{'total_time_hours': 25.981666666666666, 'total_distance_km': 0.18044501047603473, 'average_speed_knots': 0.0037500485363849228, 'average_distance_from_shore_km': 53.00000000000001}"
2026-07-17T05:59:30Z,2026-07-17T16:45:00Z,e63ed6d4c3decaa2cc0c94f149ef80a8,loitering,"{'lat': 25.4598, 'lon': 56.8967}","{'mpa': [], 'eez': ['8360'], 'rfmo': ['IWC', 'RECOFI', 'ACAP', 'IOTC'], 'fao': ['51.3', '51'], 'major_fao': ['51'], 'eez_12_nm': [], 'high_seas': [], 'mpa_no_take_partial': [], 'mpa_no_take': []}","[56.89669, 25.459865, 56.89675833333333, 25.459796666666666]","{'start_distance_from_shore_km': 53.0, 'end_distance_from_shore_km': 53.0, 'start_distance_from_port_km': 30.856291000000002, 'end_distance_from_port_km': 30.856291000000002}","{'id': 'b6a5d8d96-6b0c-3fd6-4794-64c25cd428dd', 'name': 'JIA HE', 'ssvid': '352776000', 'flag': 'PAN', 'type': 'cargo', 'public_authorizations': [], 'nextPort': {'id': 'are-fujairah', 'flag': 'ARE', 'name': 'FUJAIRAH', 'portVisitEventId': '2e2ee47e080b6ab9fa873888619629f7'}}","{'total_time_hours': 10.758333333333333, 'total_distance_km': 4.835941211980395, 'average_speed_knots': 0.24271411543182633, 'average_distance_from_shore_km': 52.99999999999999}"
2026-07-17T05:59:31Z,2026-07-18T02:30:53Z,5df61aedbcec991fda8f3fe0bf220984,loitering,"{'lat': 25.46, 'lon': 56.8967}","{'mpa': [], 'eez': ['8360'], 'rfmo': ['IOTC', 'IWC', 'RECOFI', 'ACAP'], 'fao': ['51', '51.3'], 'major_fao': ['51'], 'eez_12_nm': [], 'high_seas': [], 'mpa_no_take_partial': [], 'mpa_no_take': []}","[56.896786666666664, 25.460038333333333, 56.896633333333334, 25.459908333333335]","{'start_distance_from_shore_km': 53.0, 'end_distance_from_shore_km': 53.0, 'start_distance_from_port_km': 30.856291000000002, 'end_distance_from_port_km': 30.856291000000002}","{'id': '4cbf803f2-29fd-0bdd-1d3d-a301b4fcce81', 'name': 'MSC ALIZEE III', 'ssvid': '352471000', 'flag': 'PAN', 'type': 'cargo', 'public_authorizations': [], 'nextPort': {'id': 'ind-mundra', 'flag': 'IND', 'name': None, 'portVisitEventId': 'ed43fbe3d2cc5726a4b6bf71d7b5aa39'}}","{'total_time_hours': 20.52277777777778, 'total_distance_km': 1.0727491720422602, 'average_speed_knots': 0.028224162446124443, 'average_distance_from_shore_km': 52.99999999999999}"
2026-07-17T06:26:12Z,2026-07-17T23:27:49Z,a1a80ee98ae0bc59481aa09e7b2f7a05,loitering,"{'lat': 25.4597, 'lon': 56.8968}","{'mpa': [], 'eez': ['8360'], 'rfmo': ['IOTC', 'IWC', 'RECOFI', 'ACAP'], 'fao': ['51', '51.3'], 'major_fao': ['51'], 'eez_12_nm': [], 'high_seas': [], 'mpa_no_take_partial': [], 'mpa_no_take': []}","[56.89688833333334, 25.459625, 56.89669833333333, 25.45987]","{'start_distance_from_shore_km': 53.0, 'end_distance_from_shore_km': 53.0, 'start_distance_from_port_km': 30.856291000000002, 'end_distance_from_port_km': 30.856291000000002}","{'id': '69f94aefd-dbaf-84d8-507b-ee0d89b47696', 'name': 'SILVER STAR 5', 'ssvid': '677019500', 'flag': 'TZA', 'type': 'bunker', 'public_authorizations': [], 'nextPort': {'id': None, 'flag': None, 'name': None, 'portVisitEventId': None}}","{'total_time_hours': 17.026944444444446, 'total_distance_km': 4.441950551511685, 'average_speed_knots': 0.140862703154306, 'average_distance_from_shore_km': 53.0}"
2026-07-17T06:39:06Z,2026-07-17T10:59:08Z,b9ead96c66fcb5c8a4b1265dbfb66bba,loitering,"{'lat': 25.4605, 'lon': 56.899}","{'mpa': [], 'eez': ['8360'], 'rfmo': ['ACAP', 'IOTC', 'IWC', 'RECOFI'], 'fao': ['51.3', '51'], 'major_fao': ['51'], 'eez_12_nm': [], 'high_seas': [], 'mpa_no_take_partial': [], 'mpa_no_take': []}","[56.901183333333336, 25.45759, 56.89673333333333, 25.463363333333334]","{'start_distance_from_shore_km': 53.0, 'end_distance_from_shore_km': 53.0, 'start_distance_from_port_km': 30.856291000000002, 'end_distance_from_port_km': 30.856291000000002}","{'id': '20fc55343-3604-b187-cc3c-f05ab1eb69b6', 'name': 'CELSIUS NAIROBI', 'ssvid': '538009601', 'flag': 'MHL', 'type': 'cargo', 'public_authorizations': [], 'nextPort': {'id': 'are-khorfakkan', 'flag': 'ARE', 'name': 'KHOR FAKKAN', 'portVisitEventId': '2e99f7964ff271ef7a85308cbba5dc3c'}}","{'total_time_hours': 4.333888888888889, 'total_distance_km': 7.3721533403542985, 'average_speed_knots': 0.918492479686919, 'average_distance_from_shore_km': 53.00000000000001}"
2026-07-17T06:59:08Z,2026-07-17T10:59:05Z,3689f54f1aef34da7368d807cf983f94,loitering,"{'lat': 25.4599, 'lon': 56.8967}","{'mpa': [], 'eez': ['8360'], 'rfmo': ['IWC', 'ACAP', 'IOTC', 'RECOFI'], 'fao': ['51.3', '51'], 'major_fao': ['51'], 'eez_12_nm': [], 'high_seas': [], 'mpa_no_take_partial': [], 'mpa_no_take': []}","[56.89669166666667, 25.459881666666668, 56.89668666666667, 25.459848333333333]","{'start_distance_from_shore_km': 53.0, 'end_distance_from_shore_km': 53.0, 'start_distance_from_port_km': 30.856291000000002, 'end_distance_from_port_km': 30.856291000000002}","{'id': 'e4ace9d95-57ca-1708-67d5-a15dfbe90fad', 'name': 'GERDT OLDENDORFF', 'ssvid': '255805620', 'flag': 'PRT', 'type': 'cargo', 'public_authorizations': [], 'nextPort': {'id': None, 'flag': None, 'name': None, 'portVisitEventId': None}}","{'total_time_hours': 3.9991666666666665, 'total_distance_km': 0.04382722148749431, 'average_speed_knots': 0.005917434403517423, 'average_distance_from_shore_km': 52.99999999999999}"
2026-07-17T06:59:47Z,2026-07-18T00:59:04Z,67953b19dfffe5817b093df15af31a08,loitering,"{'lat': 25.4595, 'lon': 56.8963}","{'mpa': [], 'eez': ['8360'], 'rfmo': ['ACAP', 'IWC', 'IOTC', 'RECOFI'], 'fao': ['51.3', '51'], 'major_fao': ['51'], 'eez_12_nm': [], 'high_seas': [], 'mpa_no_take_partial': [], 'mpa_no_take': []}","[56.89606333333333, 25.459118333333333, 56.89655833333333, 25.459781666666668]","{'start_distance_from_shore_km': 53.0, 'end_distance_from_shore_km': 53.0, 'start_distance_from_port_km': 30.856291000000002, 'end_distance_from_port_km': 30.856291000000002}","{'id': '62f4c4282-21b6-3e5b-4878-79b5aa4eedeb', 'name': 'TRISTAR SPIRIT', 'ssvid': '470917000', 'flag': 'ARE', 'type': 'bunker', 'public_authorizations': [], 'nextPort': {'id': 'are-fujairah', 'flag': 'ARE', 'name': 'FUJAIRAH', 'portVisitEventId': '1fa8b2bfe6be31f096d19148480a8a8e'}}","{'total_time_hours': 17.988055555555555, 'total_distance_km': 8.304125376342807, 'average_speed_knots': 0.2492692431295494, 'average_distance_from_shore_km': 53.00000000000001}"
2026-07-17T07:27:16Z,2026-07-18T01:58:50Z,ece966b035fcbee47098eaf9d37a5deb,loitering,"{'lat': 25.4599, 'lon': 56.8969}","{'mpa': [], 'eez': ['8360'], 'rfmo': ['RECOFI', 'IWC', 'ACAP', 'IOTC'], 'fao': ['51', '51.3'], 'major_fao': ['51'], 'eez_12_nm': [], 'high_seas': [], 'mpa_no_take_partial': [], 'mpa_no_take': []}","[56.897011666666664, 25.459846666666667, 56.8967, 25.459868333333333]","{'start_distance_from_shore_km': 53.0, 'end_distance_from_shore_km': 53.0, 'start_distance_from_port_km': 30.856291000000002, 'end_distance_from_port_km': 30.856291000000002}","{'id': '51ce04e7d-df64-8f3a-fdf0-521187e9fe66', 'name': 'CHOLA SYMPHONY', 'ssvid': '563238200', 'flag': 'SGP', 'type': 'cargo', 'public_authorizations': [], 'nextPort': {'id': 'are-fujairah', 'flag': 'ARE', 'name': 'FUJAIRAH', 'portVisitEventId': 'af8f5ee563bfeee8b64d51f011324899'}}","{'total_time_hours': 18.52611111111111, 'total_distance_km': 0.0314485265096532, 'average_speed_knots': 0.0009165898739191191, 'average_distance_from_shore_km': 53.00000000000001}"
2026-07-17T07:48:09Z,2026-07-17T09:59:06Z,6daa27a68fea25a8d911a72dbc0bef6c,loitering,"{'lat': 25.4599, 'lon': 56.8967}","{'mpa': [], 'eez': ['8360'], 'rfmo': ['IWC', 'IOTC', 'ACAP', 'RECOFI'], 'fao': ['51.3', '51'], 'major_fao': ['51'], 'eez_12_nm': [], 'high_seas': [], 'mpa_no_take_partial': [], 'mpa_no_take': []}","[56.8967, 25.459876666666666, 56.89666, 25.459896666666666]","{'start_distance_from_shore_km': 53.0, 'end_distance_from_shore_km': 53.0, 'start_distance_from_port_km': 30.856291000000002, 'end_distance_from_port_km': 30.856291000000002}","{'id': '3dd4abce8-817b-bd9d-25e4-62db1f610fae', 'name': 'ABC TRADER', 'ssvid': '352001790', 'flag': 'PAN', 'type': 'bunker', 'public_authorizations': [], 'nextPort': {'id': 'are-fujairah', 'flag': 'ARE', 'name': 'FUJAIRAH', 'portVisitEventId': '35616212f7d2ca21b551bb7a2061114f'}}","{'total_time_hours': 2.1825, 'total_distance_km': 3.0456760438506, 'average_speed_knots': 0.7535090497132847, 'average_distance_from_shore_km': 53.0}"
2026-07-17T07:52:07Z,2026-07-17T09:39:19Z,71b37227985ac9826b45ab457e14ef55,loitering,"{'lat': 25.4598, 'lon': 56.8966}","{'mpa': [], 'eez': ['8360'], 'rfmo': ['RECOFI', 'ACAP', 'IWC', 'IOTC'], 'fao': ['51.3', '51'], 'major_fao': ['51'], 'eez_12_nm': [], 'high_seas': [], 'mpa_no_take_partial': [], 'mpa_no_take': []}","[56.89678, 25.45976, 56.89639666666667, 25.459805]","{'start_distance_from_shore_km': 53.0, 'end_distance_from_shore_km': 53.0, 'start_distance_from_port_km': 30.856291000000002, 'end_distance_from_port_km': 30.856291000000002}","{'id': '7f5fb799b-b654-c1d4-63dc-bd5f8e14df9c', 'name': 'SAFEEN AL NASR', 'ssvid': '538010392', 'flag': 'MHL', 'type': 'cargo', 'public_authorizations': [], 'nextPort': {'id': None, 'flag': None, 'name': None, 'portVisitEventId': None}}","{'total_time_hours': 1.7866666666666666, 'total_distance_km': 4.917040597861056, 'average_speed_knots': 1.486001599076348, 'average_distance_from_shore_km': 53.0}"
2026-07-17T07:52:07Z,2026-07-17T09:52:45Z,a3726c845859e6b54b02c99d1ec6e049,loitering,"{'lat': 25.4603, 'lon': 56.8975}","{'mpa': [], 'eez': ['8360'], 'rfmo': ['IWC', 'RECOFI', 'ACAP', 'IOTC'], 'fao': ['51', '51.3'], 'major_fao': ['51'], 'eez_12_nm': [], 'high_seas': [], 'mpa_no_take_partial': [], 'mpa_no_take': []}","[56.89843666666667, 25.46055, 56.89663, 25.459998333333335]","{'start_distance_from_shore_km': 53.0, 'end_distance_from_shore_km': 53.0, 'start_distance_from_port_km': 30.856291000000002, 'end_distance_from_port_km': 30.856291000000002}","{'id': 'a17d49093-314f-9a7d-b960-6847e4a3a98f', 'name': 'LIAKI FREEDOM', 'ssvid': '538002879', 'flag': 'MHL', 'type': 'bunker', 'public_authorizations': [], 'nextPort': {'id': None, 'flag': None, 'name': None, 'portVisitEventId': None}}","{'total_time_hours': 2.0105555555555554, 'total_distance_km': 0.5148130970699565, 'average_speed_knots': 0.13825871834425607, 'average_distance_from_shore_km': 53.0}"
2026-07-17T07:59:18Z,2026-07-17T09:18:03Z,a5076f446a219bac67f783127623a9ea,loitering,"{'lat': 25.4612, 'lon': 56.892}","{'mpa': [], 'eez': ['8360'], 'rfmo': ['IOTC', 'IWC', 'ACAP', 'RECOFI'], 'fao': ['51', '51.3'], 'major_fao': ['51'], 'eez_12_nm': [], 'high_seas': [], 'mpa_no_take_partial': [], 'mpa_no_take': []}","[56.89667333333333, 25.459875, 56.887393333333335, 25.462466666666668]","{'start_distance_from_shore_km': 53.0, 'end_distance_from_shore_km': 53.0, 'start_distance_from_port_km': 30.856291000000002, 'end_distance_from_port_km': 29.876621}","{'id': '8244731a3-38a9-42f9-a90c-a7480d5470dd', 'name': 'GFS JUNO', 'ssvid': '375751000', 'flag': 'VCT', 'type': 'cargo', 'public_authorizations': [], 'nextPort': {'id': None, 'flag': None, 'name': None, 'portVisitEventId': None}}","{'total_time_hours': 1.3125, 'total_distance_km': 1.7453511324893733, 'average_speed_knots': 0.7180298806908868, 'average_distance_from_shore_km': 52.994841469552085}"
2026-07-17T08:58:46Z,2026-07-18T14:07:57Z,c7393faf0f04e9a29e93f31b63b3cf7d,loitering,"{'lat': 25.4599, 'lon': 56.8967}","{'mpa': [], 'eez': ['8360'], 'rfmo': ['RECOFI', 'IWC', 'ACAP', 'IOTC'], 'fao': ['51', '51.3'], 'major_fao': ['51'], 'eez_12_nm': [], 'high_seas': [], 'mpa_no_take_partial': [], 'mpa_no_take': []}","[56.896723333333334, 25.459853333333335, 56.89669333333333, 25.459958333333333]","{'start_distance_from_shore_km': 53.0, 'end_distance_from_shore_km': 53.0, 'start_distance_from_port_km': 30.856291000000002, 'end_distance_from_port_km': 30.856291000000002}","{'id': 'a68ff9a7a-a2a5-c6dd-6bff-d7af64ae75f7', 'name': 'PEARL IVY', 'ssvid': '356972000', 'flag': 'PAN', 'type': 'cargo', 'public_authorizations': [], 'nextPort': {'id': 'are-fujairah', 'flag': 'ARE', 'name': 'FUJAIRAH', 'portVisitEventId': 'c25ac060ec0f9a85c0b7013d89c7bd01'}}","{'total_time_hours': 29.153055555555554, 'total_distance_km': 3.4405787552062144, 'average_speed_knots': 0.06372450061567543, 'average_distance_from_shore_km': 53.00000000000001}"
2026-07-17T09:29:10Z,2026-07-18T14:04:16Z,7a3b4fcf4fee8d92e3c416dc06abaea2,loitering,"{'lat': 25.4599, 'lon': 56.8967}","{'mpa': [], 'eez': ['8360'], 'rfmo': ['IWC', 'RECOFI', 'ACAP', 'IOTC'], 'fao': ['51', '51.3'], 'major_fao': ['51'], 'eez_12_nm': [], 'high_seas': [], 'mpa_no_take_partial': [], 'mpa_no_take': []}","[56.89671333333333, 25.459863333333335, 56.89669333333333, 25.459868333333333]","{'start_distance_from_shore_km': 53.0, 'end_distance_from_shore_km': 53.0, 'start_distance_from_port_km': 30.856291000000002, 'end_distance_from_port_km': 30.856291000000002}","{'id': 'f38303166-6129-efc3-87a2-1debf87d5fd6', 'name': 'GAC JANOUB', 'ssvid': '470553000', 'flag': 'ARE', 'type': 'cargo', 'public_authorizations': [], 'nextPort': {'id': 'are-khorfakkan', 'flag': 'ARE', 'name': 'KHOR FAKKAN', 'portVisitEventId': '21a68b6f491ad5f01c344526ea4dee75'}}","{'total_time_hours': 28.585000000000004, 'total_distance_km': 4.13364048308832, 'average_speed_knots': 0.07808246639438664, 'average_distance_from_shore_km': 53.0}"
2026-07-17T09:59:06Z,2026-07-18T14:08:03Z,0736e2f491169007df28e1e5fe8a8243,loitering,"{'lat': 25.4599, 'lon': 56.8968}","{'mpa': [], 'eez': ['8360'], 'rfmo': ['ACAP', 'IOTC', 'RECOFI', 'IWC'], 'fao': ['51.3', '51'], 'major_fao': ['51'], 'eez_12_nm': [], 'high_seas': [], 'mpa_no_take_partial': [], 'mpa_no_take': []}","[56.89670666666667, 25.459876666666666, 56.89682, 25.45995]","{'start_distance_from_shore_km': 53.0, 'end_distance_from_shore_km': 53.0, 'start_distance_from_port_km': 30.856291000000002, 'end_distance_from_port_km': 30.856291000000002}","{'id': '3eedc074c-ceaf-4cf3-78aa-79ab835c2e84', 'name': 'SHEN LI', 'ssvid': '352003591', 'flag': 'PAN', 'type': 'cargo', 'public_authorizations': [], 'nextPort': {'id': 'ind-gopalpur', 'flag': 'IND', 'name': None, 'portVisitEventId': 'd786d5eaf52747646650e01eb9c0635e'}}","{'total_time_hours': 28.149166666666666, 'total_distance_km': 5.01931617696308, 'average_speed_knots': 0.09628043169235041, 'average_distance_from_shore_km': 53.0}"
2026-07-17T09:59:06Z,2026-07-17T21:59:16Z,dd063419886601a00563f08d901f98c6,loitering,"{'lat': 25.4599, 'lon': 56.8967}","{'mpa': [], 'eez': ['8360'], 'rfmo': ['IWC', 'IOTC', 'ACAP', 'RECOFI'], 'fao': ['51', '51.3'], 'major_fao': ['51'], 'eez_12_nm': [], 'high_seas': [], 'mpa_no_take_partial': [], 'mpa_no_take': []}","[56.896678333333334, 25.459853333333335, 56.89669333333333, 25.459861666666665]","{'start_distance_from_shore_km': 53.0, 'end_distance_from_shore_km': 53.0, 'start_distance_from_port_km': 30.856291000000002, 'end_distance_from_port_km': 30.856291000000002}","{'id': '9976d6bf8-8d4c-f9c7-9baa-eceebca18d95', 'name': 'RENAD', 'ssvid': '636024319', 'flag': 'LBR', 'type': 'cargo', 'public_authorizations': [], 'nextPort': {'id': 'are-khorfakkan', 'flag': 'ARE', 'name': 'KHOR FAKKAN', 'portVisitEventId': '3459b5bd515416afaa9f627c5765249c'}}","{'total_time_hours': 12.002777777777778, 'total_distance_km': 0.056900429082503125, 'average_speed_knots': 0.0025597219553235573, 'average_distance_from_shore_km': 53.0}"
2026-07-17T10:23:06Z,2026-07-18T14:07:22Z,1fa87c8f5e50d4ac78abe18013bc1899,loitering,"{'lat': 25.4599, 'lon': 56.8968}","{'mpa': [], 'eez': ['8360'], 'rfmo': ['RECOFI', 'IWC', 'ACAP', 'IOTC'], 'fao': ['51', '51.3'], 'major_fao': ['51'], 'eez_12_nm': [], 'high_seas': [], 'mpa_no_take_partial': [], 'mpa_no_take': []}","[56.896768333333334, 25.459875, 56.89679833333334, 25.45996]","{'start_distance_from_shore_km': 53.0, 'end_distance_from_shore_km': 53.0, 'start_distance_from_port_km': 30.856291000000002, 'end_distance_from_port_km': 30.856291000000002}","{'id': '3e5622e70-00cd-604f-2df9-9bfd11422266', 'name': 'APJ SHIRIN', 'ssvid': '373223000', 'flag': 'PAN', 'type': 'cargo', 'public_authorizations': [], 'nextPort': {'id': 'are-fujairah', 'flag': 'ARE', 'name': 'FUJAIRAH', 'portVisitEventId': '30c4b1090f8396c5da5da4e0b37f4a6d'}}","{'total_time_hours': 27.73777777777778, 'total_distance_km': 6.599551443979572, 'average_speed_knots': 0.12847001408987072, 'average_distance_from_shore_km': 53.0}"
2026-07-17T10:58:25Z,2026-07-18T05:59:00Z,00f9de60ec045b928924c82d7cfaed5e,loitering,"{'lat': 25.4598, 'lon': 56.8967}","{'mpa': [], 'eez': ['8360'], 'rfmo': ['ACAP', 'RECOFI', 'IOTC', 'IWC'], 'fao': ['51', '51.3'], 'major_fao': ['51'], 'eez_12_nm': [], 'high_seas': [], 'mpa_no_take_partial': [], 'mpa_no_take': []}","[56.8966, 25.459778333333333, 56.8967, 25.459885]","{'start_distance_from_shore_km': 53.0, 'end_distance_from_shore_km': 53.0, 'start_distance_from_port_km': 30.856291000000002, 'end_distance_from_port_km': 30.856291000000002}","{'id': '3dd4abce8-817b-bd9d-25e4-62db1f610fae', 'name': 'ABC TRADER', 'ssvid': '352001790', 'flag': 'PAN', 'type': 'bunker', 'public_authorizations': [], 'nextPort': {'id': 'are-fujairah', 'flag': 'ARE', 'name': 'FUJAIRAH', 'portVisitEventId': '35616212f7d2ca21b551bb7a2061114f'}}","{'total_time_hours': 19.009722222222223, 'total_distance_km': 1.4320572591409153, 'average_speed_knots': 0.04067650494689349, 'average_distance_from_shore_km': 53.00000000000001}"
2026-07-17T11:30:40Z,2026-07-17T12:59:24Z,22cae97b42454e18f97a4a3ab2c5cec8,loitering,"{'lat': 25.4662, 'lon': 56.8732}","{'mpa': [], 'eez': ['8360'], 'rfmo': ['IWC', 'ACAP', 'IOTC', 'RECOFI'], 'fao': ['51', '51.3'], 'major_fao': ['51'], 'eez_12_nm': [], 'high_seas': [], 'mpa_no_take_partial': [], 'mpa_no_take': []}","[56.88276166666667, 25.45359, 56.863655, 25.478853333333333]","{'start_distance_from_shore_km': 52.0, 'end_distance_from_shore_km': 50.0, 'start_distance_from_port_km': 28.663498, 'end_distance_from_port_km': 26.869984}","{'id': '7f5fb799b-b654-c1d4-63dc-bd5f8e14df9c', 'name': 'SAFEEN AL NASR', 'ssvid': '538010392', 'flag': 'MHL', 'type': 'cargo', 'public_authorizations': [], 'nextPort': {'id': None, 'flag': None, 'name': None, 'portVisitEventId': None}}","{'total_time_hours': 1.478888888888889, 'total_distance_km': 3.5905928479889204, 'average_speed_knots': 1.3109605807963727, 'average_distance_from_shore_km': 50.025222551928785}"
2026-07-17T11:34:04Z,2026-07-17T12:59:08Z,f5b28436d4f59c65239a164bb5376460,loitering,"{'lat': 25.4599, 'lon': 56.8967}","{'mpa': [], 'eez': ['8360'], 'rfmo': ['IOTC', 'RECOFI', 'ACAP', 'IWC'], 'fao': ['51.3', '51'], 'major_fao': ['51'], 'eez_12_nm': [], 'high_seas': [], 'mpa_no_take_partial': [], 'mpa_no_take': []}","[56.89668666666667, 25.459851666666665, 56.89671, 25.459873333333334]","{'start_distance_from_shore_km': 53.0, 'end_distance_from_shore_km': 53.0, 'start_distance_from_port_km': 30.856291000000002, 'end_distance_from_port_km': 30.856291000000002}","{'id': 'a17d49093-314f-9a7d-b960-6847e4a3a98f', 'name': 'LIAKI FREEDOM', 'ssvid': '538002879', 'flag': 'MHL', 'type': 'bunker', 'public_authorizations': [], 'nextPort': {'id': 'are-khorfakkan', 'flag': 'ARE', 'name': 'KHOR FAKKAN', 'portVisitEventId': '84db2b207c899b32d3429efbe4084866'}}","{'total_time_hours': 1.4177777777777778, 'total_distance_km': 1.7739172487216348, 'average_speed_knots': 0.6755915505432876, 'average_distance_from_shore_km': 53.0}"
2026-07-17T12:17:58Z,2026-07-17T18:18:55Z,565e05af8baf4e730efac3a6aa6bffed,loitering,"{'lat': 25.4599, 'lon': 56.8967}","{'mpa': [], 'eez': ['8360'], 'rfmo': ['RECOFI', 'IOTC', 'ACAP', 'IWC'], 'fao': ['51', '51.3'], 'major_fao': ['51'], 'eez_12_nm': [], 'high_seas': [], 'mpa_no_take_partial': [], 'mpa_no_take': []}","[56.89669833333333, 25.459878333333332, 56.896703333333335, 25.459866666666667]","{'start_distance_from_shore_km': 53.0, 'end_distance_from_shore_km': 53.0, 'start_distance_from_port_km': 30.856291000000002, 'end_distance_from_port_km': 30.856291000000002}","{'id': '6ea5d9546-6a6c-5baf-8e95-37b8718788ae', 'name': 'CHRISTINA V', 'ssvid': '636023296', 'flag': 'LBR', 'type': 'cargo', 'public_authorizations': [], 'nextPort': {'id': 'are-jebelali', 'flag': 'ARE', 'name': 'JEBEL ALI', 'portVisitEventId': '082f0df692b6132a45604bdecc04ba6f'}}","{'total_time_hours': 6.015833333333333, 'total_distance_km': 2.4793110184978495, 'average_speed_knots': 0.22253290244975532, 'average_distance_from_shore_km': 53.0}"
2026-07-17T12:59:38Z,2026-07-17T16:34:59Z,50f47a04d8e16dd86320bdbf590026aa,loitering,"{'lat': 25.4599, 'lon': 56.8967}","{'mpa': [], 'eez': ['8360'], 'rfmo': ['ACAP', 'RECOFI', 'IOTC', 'IWC'], 'fao': ['51', '51.3'], 'major_fao': ['51'], 'eez_12_nm': [], 'high_seas': [], 'mpa_no_take_partial': [], 'mpa_no_take': []}","[56.89669333333333, 25.459851666666665, 56.89671333333333, 25.459875]","{'start_distance_from_shore_km': 53.0, 'end_distance_from_shore_km': 53.0, 'start_distance_from_port_km': 30.856291000000002, 'end_distance_from_port_km': 30.856291000000002}","{'id': 'fd9d6fad7-7da9-9145-6cfa-76b0832f2dd5', 'name': 'SSF DYNAMIC', 'ssvid': '563194100', 'flag': 'SGP', 'type': 'cargo', 'public_authorizations': [], 'nextPort': {'id': 'are-fujairah', 'flag': 'ARE', 'name': 'FUJAIRAH', 'portVisitEventId': 'be08fe29eb4f83d02cb9af20e33ce089'}}","{'total_time_hours': 3.589166666666667, 'total_distance_km': 2.058339104187535, 'average_speed_knots': 0.30965800876480676, 'average_distance_from_shore_km': 53.0}"
2026-07-17T13:26:31Z,2026-07-17T19:59:15Z,f314d6b4206c1ec83a5c70da5048a2dd,loitering,"{'lat': 25.4599, 'lon': 56.8967}","{'mpa': [], 'eez': ['8360'], 'rfmo': ['IOTC', 'IWC', 'ACAP', 'RECOFI'], 'fao': ['51', '51.3'], 'major_fao': ['51'], 'eez_12_nm': [], 'high_seas': [], 'mpa_no_take_partial': [], 'mpa_no_take': []}","[56.896676666666664, 25.459861666666665, 56.896685, 25.459885]","{'start_distance_from_shore_km': 53.0, 'end_distance_from_shore_km': 53.0, 'start_distance_from_port_km': 30.856291000000002, 'end_distance_from_port_km': 30.856291000000002}","{'id': '82f7db874-4cf8-3579-ab27-4d540d4bd33a', 'name': 'VISHVA EKTA', 'ssvid': '419000175', 'flag': 'IND', 'type': 'cargo', 'public_authorizations': [], 'nextPort': {'id': 'are-fujairah', 'flag': 'ARE', 'name': 'FUJAIRAH', 'portVisitEventId': '99b7741f72923764bd1340fe0e0fd6cf'}}","{'total_time_hours': 6.545555555555556, 'total_distance_km': 3.9164690407278417, 'average_speed_knots': 0.3230778634626105, 'average_distance_from_shore_km': 53.0}"
2026-07-17T13:44:21Z,2026-07-17T15:42:51Z,723ac60e069d8f8ad6cc05dff06e7016,loitering,"{'lat': 25.4649, 'lon': 56.9014}","{'mpa': [], 'eez': ['8360'], 'rfmo': ['ACAP', 'IOTC', 'IWC', 'RECOFI'], 'fao': ['51', '51.3'], 'major_fao': ['51'], 'eez_12_nm': [], 'high_seas': [], 'mpa_no_take_partial': [], 'mpa_no_take': []}","[56.896955, 25.45978, 56.905748333333335, 25.469988333333333]","{'start_distance_from_shore_km': 53.0, 'end_distance_from_shore_km': 53.0, 'start_distance_from_port_km': 30.856291000000002, 'end_distance_from_port_km': 31.573305}","{'id': '7f5fb799b-b654-c1d4-63dc-bd5f8e14df9c', 'name': 'SAFEEN AL NASR', 'ssvid': '538010392', 'flag': 'MHL', 'type': 'cargo', 'public_authorizations': [], 'nextPort': {'id': None, 'flag': None, 'name': None, 'portVisitEventId': None}}","{'total_time_hours': 1.975, 'total_distance_km': 1.9063423570153581, 'average_speed_knots': 0.5211860888031709, 'average_distance_from_shore_km': 53.0}"
2026-07-17T13:59:00Z,2026-07-17T23:59:03Z,6f7b20219ab8439c33846989dc61f99e,loitering,"{'lat': 25.4599, 'lon': 56.8967}","{'mpa': [], 'eez': ['8360'], 'rfmo': ['IWC', 'ACAP', 'IOTC', 'RECOFI'], 'fao': ['51.3', '51'], 'major_fao': ['51'], 'eez_12_nm': [], 'high_seas': [], 'mpa_no_take_partial': [], 'mpa_no_take': []}","[56.89671666666667, 25.459878333333332, 56.896665, 25.459915]","{'start_distance_from_shore_km': 53.0, 'end_distance_from_shore_km': 53.0, 'start_distance_from_port_km': 30.856291000000002, 'end_distance_from_port_km': 30.856291000000002}","{'id': '719bfa5a9-9713-8af5-5a7f-0ed407ffebff', 'name': 'AL WATHBA', 'ssvid': '538010737', 'flag': 'MHL', 'type': 'cargo', 'public_authorizations': [], 'nextPort': {'id': 'are-fujairah', 'flag': 'ARE', 'name': 'FUJAIRAH', 'portVisitEventId': '1be19779ef95a081cd7ad2a78d30b576'}}","{'total_time_hours': 10.000833333333333, 'total_distance_km': 3.919145664015352, 'average_speed_knots': 0.21159930322663997, 'average_distance_from_shore_km': 53.0}"
2026-07-17T13:59:05Z,2026-07-17T15:59:01Z,b95e087bae299df3a1008c36164c2ee3,loitering,"{'lat': 25.4599, 'lon': 56.8966}","{'mpa': [], 'eez': ['8360'], 'rfmo': ['IWC', 'IOTC', 'ACAP', 'RECOFI'], 'fao': ['51', '51.3'], 'major_fao': ['51'], 'eez_12_nm': [], 'high_seas': [], 'mpa_no_take_partial': [], 'mpa_no_take': []}","[56.8966, 25.459866666666667, 56.896683333333335, 25.459866666666667]","{'start_distance_from_shore_km': 53.0, 'end_distance_from_shore_km': 53.0, 'start_distance_from_port_km': 30.856291000000002, 'end_distance_from_port_km': 30.856291000000002}","{'id': '1d9f3898d-dae5-739f-cc42-1f58251100a8', 'name': 'DALIA', 'ssvid': '353131000', 'flag': 'PAN', 'type': 'cargo', 'public_authorizations': [], 'nextPort': {'id': 'are-khorfakkan', 'flag': 'ARE', 'name': 'KHOR FAKKAN', 'portVisitEventId': 'db168cb2a30b69d6dd5edbe268d1450e'}}","{'total_time_hours': 1.9988888888888892, 'total_distance_km': 2.833332172127702, 'average_speed_knots': 0.7653636934470828, 'average_distance_from_shore_km': 53.00000000000001}"
2026-07-17T13:59:28Z,2026-07-17T15:58:07Z,9dfb49480e1fd66cdfe3404cfcd27797,loitering,"{'lat': 25.4594, 'lon': 56.8966}","{'mpa': [], 'eez': ['8360'], 'rfmo': ['RECOFI', 'IWC', 'IOTC', 'ACAP'], 'fao': ['51', '51.3'], 'major_fao': ['51'], 'eez_12_nm': [], 'high_seas': [], 'mpa_no_take_partial': [], 'mpa_no_take': []}","[56.89664, 25.459008333333333, 56.89662833333333, 25.459785]","{'start_distance_from_shore_km': 53.0, 'end_distance_from_shore_km': 53.0, 'start_distance_from_port_km': 30.856291000000002, 'end_distance_from_port_km': 30.856291000000002}","{'id': '20fc55343-3604-b187-cc3c-f05ab1eb69b6', 'name': 'CELSIUS NAIROBI', 'ssvid': '538009601', 'flag': 'MHL', 'type': 'cargo', 'public_authorizations': [], 'nextPort': {'id': 'are-khorfakkan', 'flag': 'ARE', 'name': 'KHOR FAKKAN', 'portVisitEventId': '2e99f7964ff271ef7a85308cbba5dc3c'}}","{'total_time_hours': 1.9775, 'total_distance_km': 0.6943698639340117, 'average_speed_knots': 0.18959784179306932, 'average_distance_from_shore_km': 53.0}"
2026-07-17T14:19:47Z,2026-07-17T18:59:07Z,43bdc06fc772a005b097d7a0dd879ff1,loitering,"{'lat': 25.4599, 'lon': 56.8967}","{'mpa': [], 'eez': ['8360'], 'rfmo': ['RECOFI', 'IOTC', 'IWC', 'ACAP'], 'fao': ['51', '51.3'], 'major_fao': ['51'], 'eez_12_nm': [], 'high_seas': [], 'mpa_no_take_partial': [], 'mpa_no_take': []}","[56.89669833333333, 25.45988, 56.89669833333333, 25.459875]","{'start_distance_from_shore_km': 53.0, 'end_distance_from_shore_km': 53.0, 'start_distance_from_port_km': 30.856291000000002, 'end_distance_from_port_km': 30.856291000000002}","{'id': 'a17d49093-314f-9a7d-b960-6847e4a3a98f', 'name': 'LIAKI FREEDOM', 'ssvid': '538002879', 'flag': 'MHL', 'type': 'bunker', 'public_authorizations': [], 'nextPort': {'id': 'are-khorfakkan', 'flag': 'ARE', 'name': 'KHOR FAKKAN', 'portVisitEventId': '84db2b207c899b32d3429efbe4084866'}}","{'total_time_hours': 4.655555555555556, 'total_distance_km': 3.3968046517526806, 'average_speed_knots': 0.39396539464236713, 'average_distance_from_shore_km': 52.99999999999999}"
2026-07-17T14:59:51Z,2026-07-18T14:08:34Z,c30bb32fc4650d6092a07571c7756432,loitering,"{'lat': 25.4601, 'lon': 56.8973}","{'mpa': [], 'eez': ['8360'], 'rfmo': ['IOTC', 'RECOFI', 'ACAP', 'IWC'], 'fao': ['51', '51.3'], 'major_fao': ['51'], 'eez_12_nm': [], 'high_seas': [], 'mpa_no_take_partial': [], 'mpa_no_take': []}","[56.896663333333336, 25.459901666666667, 56.897938333333336, 25.460206666666668]","{'start_distance_from_shore_km': 53.0, 'end_distance_from_shore_km': 53.0, 'start_distance_from_port_km': 30.856291000000002, 'end_distance_from_port_km': 30.856291000000002}","{'id': 'f28d054b0-0236-ae9d-ef5e-ac7719730341', 'name': 'B. ATLANTIC', 'ssvid': '518159191', 'flag': 'COK', 'type': 'bunker', 'public_authorizations': [], 'nextPort': {'id': 'ind-kandla', 'flag': 'IND', 'name': None, 'portVisitEventId': '27b2b8f066014a8748fc5ef368ed033e'}}","{'total_time_hours': 23.14527777777778, 'total_distance_km': 0.38893414983980173, 'average_speed_knots': 0.009073455169499027, 'average_distance_from_shore_km': 53.00000000000001}"
2026-07-17T15:58:08Z,2026-07-17T22:56:16Z,63372caa852ad6e081189a2df6b43897,loitering,"{'lat': 25.4641, 'lon': 56.8935}","{'mpa': [], 'eez': ['8360'], 'rfmo': ['RECOFI', 'ACAP', 'IOTC', 'IWC'], 'fao': ['51', '51.3'], 'major_fao': ['51'], 'eez_12_nm': [], 'high_seas': [], 'mpa_no_take_partial': [], 'mpa_no_take': []}","[56.89031, 25.468328333333332, 56.89667166666667, 25.45988]","{'start_distance_from_shore_km': 53.0, 'end_distance_from_shore_km': 53.0, 'start_distance_from_port_km': 29.937109, 'end_distance_from_port_km': 30.856291000000002}","{'id': '5c5634b5e-ec3f-96d0-672d-8ae59e605d3b', 'name': 'HARVEST LEGACY', 'ssvid': '352003328', 'flag': 'PAN', 'type': 'cargo', 'public_authorizations': [], 'nextPort': {'id': 'are-khorfakkan', 'flag': 'ARE', 'name': 'KHOR FAKKAN', 'portVisitEventId': 'e8ca2c90d4981bdc94ccd31798f2987c'}}","{'total_time_hours': 6.968888888888889, 'total_distance_km': 2.763628729359244, 'average_speed_knots': 0.21412884585122738, 'average_distance_from_shore_km': 52.96449868808143}"
2026-07-17T16:46:32Z,2026-07-17T18:59:07Z,d4d10dbfcbdcd12e5898b32b5730f763,loitering,"{'lat': 25.4593, 'lon': 56.8968}","{'mpa': [], 'eez': ['8360'], 'rfmo': ['ACAP', 'IOTC', 'IWC', 'RECOFI'], 'fao': ['51', '51.3'], 'major_fao': ['51'], 'eez_12_nm': [], 'high_seas': [], 'mpa_no_take_partial': [], 'mpa_no_take': []}","[56.89666666666667, 25.458333333333332, 56.896908333333336, 25.460171666666668]","{'start_distance_from_shore_km': 53.0, 'end_distance_from_shore_km': 53.0, 'start_distance_from_port_km': 30.856291000000002, 'end_distance_from_port_km': 30.856291000000002}","{'id': 'a2cec65e3-36ee-3b28-fc27-3b521c0f7233', 'name': 'VIRGO CONFIDENCE', 'ssvid': '538008171', 'flag': 'MHL', 'type': 'cargo', 'public_authorizations': [], 'nextPort': {'id': 'are-fujairah', 'flag': 'ARE', 'name': 'FUJAIRAH', 'portVisitEventId': 'e028e99fb89c844ac6267c1696b7d44e'}}","{'total_time_hours': 2.209722222222222, 'total_distance_km': 3.1148736295394226, 'average_speed_knots': 0.7611351287779614, 'average_distance_from_shore_km': 53.0}"
2026-07-17T16:50:11Z,2026-07-17T19:50:17Z,8e9ce797661a03905de1fb89969b445a,loitering,"{'lat': 25.4497, 'lon': 56.903}","{'mpa': [], 'eez': ['8360'], 'rfmo': ['IWC', 'ACAP', 'IOTC', 'RECOFI'], 'fao': ['51', '51.3'], 'major_fao': ['51'], 'eez_12_nm': [], 'high_seas': [], 'mpa_no_take_partial': [], 'mpa_no_take': []}","[56.896701666666665, 25.459875, 56.90923, 25.439512]","{'start_distance_from_shore_km': 53.0, 'end_distance_from_shore_km': 54.0, 'start_distance_from_port_km': 30.856291000000002, 'end_distance_from_port_km': 31.449291000000002}","{'id': 'eb360f5cf-fb73-f41f-9295-4987d11b1e25', 'name': 'DARYA MAHER', 'ssvid': '422082500', 'flag': 'IRN', 'type': 'cargo', 'public_authorizations': [], 'nextPort': {'id': 'are-sharjahanchorage', 'flag': 'ARE', 'name': 'SHARJAH ANCHORAGE', 'portVisitEventId': '8523ab22dab99c19bd1e652e26676fbb'}}","{'total_time_hours': 3.0016666666666665, 'total_distance_km': 2.6089527541477913, 'average_speed_knots': 0.4693132002765067, 'average_distance_from_shore_km': 53.0650564501203}"
2026-07-17T16:58:13Z,2026-07-17T18:59:44Z,8d55a3a5bef62c45d00ab10352e7af31,loitering,"{'lat': 25.4599, 'lon': 56.8967}","{'mpa': [], 'eez': ['8360'], 'rfmo': ['IOTC', 'IWC', 'ACAP', 'RECOFI'], 'fao': ['51', '51.3'], 'major_fao': ['51'], 'eez_12_nm': [], 'high_seas': [], 'mpa_no_take_partial': [], 'mpa_no_take': []}","[56.89669333333333, 25.45989, 56.89669166666667, 25.45987]","{'start_distance_from_shore_km': 53.0, 'end_distance_from_shore_km': 53.0, 'start_distance_from_port_km': 30.856291000000002, 'end_distance_from_port_km': 30.856291000000002}","{'id': '20fc55343-3604-b187-cc3c-f05ab1eb69b6', 'name': 'CELSIUS NAIROBI', 'ssvid': '538009601', 'flag': 'MHL', 'type': 'cargo', 'public_authorizations': [], 'nextPort': {'id': 'are-khorfakkan', 'flag': 'ARE', 'name': 'KHOR FAKKAN', 'portVisitEventId': '2e99f7964ff271ef7a85308cbba5dc3c'}}","{'total_time_hours': 2.0252777777777777, 'total_distance_km': 0.0, 'average_speed_knots': 0.0, 'average_distance_from_shore_km': 53.0}"
2026-07-17T19:56:06Z,2026-07-17T20:59:06Z,022837979a83ae39531e135b8604f66b,loitering,"{'lat': 25.4598, 'lon': 56.897}","{'mpa': [], 'eez': ['8360'], 'rfmo': ['RECOFI', 'IWC', 'ACAP', 'IOTC'], 'fao': ['51.3', '51'], 'major_fao': ['51'], 'eez_12_nm': [], 'high_seas': [], 'mpa_no_take_partial': [], 'mpa_no_take': []}","[56.89723333333333, 25.459715, 56.896681666666666, 25.459921666666666]","{'start_distance_from_shore_km': 53.0, 'end_distance_from_shore_km': 53.0, 'start_distance_from_port_km': 30.856291000000002, 'end_distance_from_port_km': 30.856291000000002}","{'id': 'a17d49093-314f-9a7d-b960-6847e4a3a98f', 'name': 'LIAKI FREEDOM', 'ssvid': '538002879', 'flag': 'MHL', 'type': 'bunker', 'public_authorizations': [], 'nextPort': {'id': 'are-khorfakkan', 'flag': 'ARE', 'name': 'KHOR FAKKAN', 'portVisitEventId': '84db2b207c899b32d3429efbe4084866'}}","{'total_time_hours': 1.05, 'total_distance_km': 3.63926163337879, 'average_speed_knots': 1.8714705509507301, 'average_distance_from_shore_km': 53.0}"
2026-07-17T19:59:07Z,2026-07-18T12:57:28Z,1d156df84dfcfec90f8812b50e4a470a,loitering,"{'lat': 25.4599, 'lon': 56.8967}","{'mpa': [], 'eez': ['8360'], 'rfmo': ['ACAP', 'IWC', 'RECOFI', 'IOTC'], 'fao': ['51', '51.3'], 'major_fao': ['51'], 'eez_12_nm': [], 'high_seas': [], 'mpa_no_take_partial': [], 'mpa_no_take': []}","[56.896746666666665, 25.459915, 56.896683333333335, 25.45987]","{'start_distance_from_shore_km': 53.0, 'end_distance_from_shore_km': 53.0, 'start_distance_from_port_km': 30.856291000000002, 'end_distance_from_port_km': 30.856291000000002}","{'id': 'a2cec65e3-36ee-3b28-fc27-3b521c0f7233', 'name': 'VIRGO CONFIDENCE', 'ssvid': '538008171', 'flag': 'MHL', 'type': 'cargo', 'public_authorizations': [], 'nextPort': {'id': 'are-fujairah', 'flag': 'ARE', 'name': 'FUJAIRAH', 'portVisitEventId': 'e028e99fb89c844ac6267c1696b7d44e'}}","{'total_time_hours': 16.9725, 'total_distance_km': 7.76819086321165, 'average_speed_knots': 0.24713433537391194, 'average_distance_from_shore_km': 53.0}"
2026-07-17T19:59:11Z,2026-07-18T12:59:09Z,c2d4fab195f416577ffb7b9d31277519,loitering,"{'lat': 25.4591, 'lon': 56.8939}","{'mpa': [], 'eez': ['8360'], 'rfmo': ['ACAP', 'IOTC', 'RECOFI', 'IWC'], 'fao': ['51', '51.3'], 'major_fao': ['51'], 'eez_12_nm': [], 'high_seas': [], 'mpa_no_take_partial': [], 'mpa_no_take': []}","[56.89669166666667, 25.459873333333334, 56.891135, 25.458296666666666]","{'start_distance_from_shore_km': 53.0, 'end_distance_from_shore_km': 53.0, 'start_distance_from_port_km': 30.856291000000002, 'end_distance_from_port_km': 29.876621}","{'id': '66de0fa1e-ec94-8cd3-abc4-90688ef7f8a2', 'name': 'BALDMAN', 'ssvid': '620911000', 'flag': 'COM', 'type': 'cargo', 'public_authorizations': [], 'nextPort': {'id': 'are-fujairah', 'flag': 'ARE', 'name': 'FUJAIRAH', 'portVisitEventId': '24b784abe84b8bdfbb9fb2462bf797e4'}}","{'total_time_hours': 16.999444444444443, 'total_distance_km': 11.87599504932421, 'average_speed_knots': 0.37721964065624297, 'average_distance_from_shore_km': 53.00000000000001}"
2026-07-17T19:59:46Z,2026-07-18T06:59:37Z,1c5aae8fc4e0d8df3cc9d6026d95c722,loitering,"{'lat': 25.4599, 'lon': 56.8967}","{'mpa': [], 'eez': ['8360'], 'rfmo': ['RECOFI', 'ACAP', 'IWC', 'IOTC'], 'fao': ['51.3', '51'], 'major_fao': ['51'], 'eez_12_nm': [], 'high_seas': [], 'mpa_no_take_partial': [], 'mpa_no_take': []}","[56.89668833333333, 25.459858333333333, 56.89668666666667, 25.459845]","{'start_distance_from_shore_km': 53.0, 'end_distance_from_shore_km': 53.0, 'start_distance_from_port_km': 30.856291000000002, 'end_distance_from_port_km': 30.856291000000002}","{'id': '20fc55343-3604-b187-cc3c-f05ab1eb69b6', 'name': 'CELSIUS NAIROBI', 'ssvid': '538009601', 'flag': 'MHL', 'type': 'cargo', 'public_authorizations': [], 'nextPort': {'id': 'are-khorfakkan', 'flag': 'ARE', 'name': 'KHOR FAKKAN', 'portVisitEventId': '2e99f7964ff271ef7a85308cbba5dc3c'}}","{'total_time_hours': 10.9975, 'total_distance_km': 3.2533497144221375, 'average_speed_knots': 0.1597334223526227, 'average_distance_from_shore_km': 53.0}"
2026-07-17T20:00:42Z,2026-07-18T14:06:28Z,b363028c070f8e015938c8151e8591a6,loitering,"{'lat': 25.4601, 'lon': 56.8967}","{'mpa': [], 'eez': ['8360'], 'rfmo': ['RECOFI', 'IWC', 'ACAP', 'IOTC'], 'fao': ['51.3', '51'], 'major_fao': ['51'], 'eez_12_nm': [], 'high_seas': [], 'mpa_no_take_partial': [], 'mpa_no_take': []}","[56.896678333333334, 25.459855, 56.896745, 25.460246666666666]","{'start_distance_from_shore_km': 53.0, 'end_distance_from_shore_km': 53.0, 'start_distance_from_port_km': 30.856291000000002, 'end_distance_from_port_km': 30.856291000000002}","{'id': '8b676d0b6-675a-8e88-c653-e376ee586c26', 'name': 'TOMINI SIROCCO', 'ssvid': '538005696', 'flag': 'MHL', 'type': 'cargo', 'public_authorizations': [], 'nextPort': {'id': None, 'flag': None, 'name': None, 'portVisitEventId': None}}","{'total_time_hours': 18.096111111111114, 'total_distance_km': 3.1327549560058356, 'average_speed_knots': 0.09347601491109125, 'average_distance_from_shore_km': 52.99999999999999}"
2026-07-17T20:29:56Z,2026-07-18T14:11:57Z,18c6779df3cb81597b33a9930479da45,loitering,"{'lat': 25.4599, 'lon': 56.8967}","{'mpa': [], 'eez': ['8360'], 'rfmo': ['IWC', 'RECOFI', 'IOTC', 'ACAP'], 'fao': ['51', '51.3'], 'major_fao': ['51'], 'eez_12_nm': [], 'high_seas': [], 'mpa_no_take_partial': [], 'mpa_no_take': []}","[56.896741666666664, 25.459898333333335, 56.896703333333335, 25.45988]","{'start_distance_from_shore_km': 53.0, 'end_distance_from_shore_km': 53.0, 'start_distance_from_port_km': 30.856291000000002, 'end_distance_from_port_km': 30.856291000000002}","{'id': 'a31ed3e15-539a-56fe-ed2c-c594caa31d09', 'name': 'ZOI', 'ssvid': '352003548', 'flag': 'PAN', 'type': 'cargo', 'public_authorizations': [], 'nextPort': {'id': 'are-fujairah', 'flag': 'ARE', 'name': 'FUJAIRAH', 'portVisitEventId': 'c805ab8b557786964bfa13d2abd5ef5a'}}","{'total_time_hours': 17.700277777777778, 'total_distance_km': 11.05381296643654, 'average_speed_knots': 0.33720270327327273, 'average_distance_from_shore_km': 53.0}"
2026-07-17T20:59:06Z,2026-07-17T23:59:37Z,b3601748b85525d553e0dfc4713121ea,loitering,"{'lat': 25.4599, 'lon': 56.8967}","{'mpa': [], 'eez': ['8360'], 'rfmo': ['IWC', 'IOTC', 'RECOFI', 'ACAP'], 'fao': ['51.3', '51'], 'major_fao': ['51'], 'eez_12_nm': [], 'high_seas': [], 'mpa_no_take_partial': [], 'mpa_no_take': []}","[56.896681666666666, 25.4599, 56.89668833333333, 25.459868333333333]","{'start_distance_from_shore_km': 53.0, 'end_distance_from_shore_km': 53.0, 'start_distance_from_port_km': 30.856291000000002, 'end_distance_from_port_km': 30.856291000000002}","{'id': '82f7db874-4cf8-3579-ab27-4d540d4bd33a', 'name': 'VISHVA EKTA', 'ssvid': '419000175', 'flag': 'IND', 'type': 'cargo', 'public_authorizations': [], 'nextPort': {'id': 'are-fujairah', 'flag': 'ARE', 'name': 'FUJAIRAH', 'portVisitEventId': '99b7741f72923764bd1340fe0e0fd6cf'}}","{'total_time_hours': 3.008611111111111, 'total_distance_km': 0.37372836989415076, 'average_speed_knots': 0.06707320039585911, 'average_distance_from_shore_km': 53.0}"
2026-07-17T21:55:56Z,2026-07-18T06:32:43Z,7a77ee74f8892ec71620da7266f1e203,loitering,"{'lat': 25.4599, 'lon': 56.8967}","{'mpa': [], 'eez': ['8360'], 'rfmo': ['RECOFI', 'IWC', 'IOTC', 'ACAP'], 'fao': ['51', '51.3'], 'major_fao': ['51'], 'eez_12_nm': [], 'high_seas': [], 'mpa_no_take_partial': [], 'mpa_no_take': []}","[56.89666666666667, 25.459853333333335, 56.89665333333333, 25.45989]","{'start_distance_from_shore_km': 53.0, 'end_distance_from_shore_km': 53.0, 'start_distance_from_port_km': 30.856291000000002, 'end_distance_from_port_km': 30.856291000000002}","{'id': 'a17d49093-314f-9a7d-b960-6847e4a3a98f', 'name': 'LIAKI FREEDOM', 'ssvid': '538002879', 'flag': 'MHL', 'type': 'bunker', 'public_authorizations': [], 'nextPort': {'id': 'are-khorfakkan', 'flag': 'ARE', 'name': 'KHOR FAKKAN', 'portVisitEventId': '84db2b207c899b32d3429efbe4084866'}}","{'total_time_hours': 8.613055555555555, 'total_distance_km': 2.759671170727078, 'average_speed_knots': 0.17300517967442663, 'average_distance_from_shore_km': 53.00000000000001}"
2026-07-17T22:59:01Z,2026-07-18T14:09:37Z,b647cadb6e0c3db83a6e5b1df505db4f,loitering,"{'lat': 25.4599, 'lon': 56.8967}","{'mpa': [], 'eez': ['8360'], 'rfmo': ['IOTC', 'RECOFI', 'IWC', 'ACAP'], 'fao': ['51.3', '51'], 'major_fao': ['51'], 'eez_12_nm': [], 'high_seas': [], 'mpa_no_take_partial': [], 'mpa_no_take': []}","[56.89668, 25.459866666666667, 56.89668, 25.459866666666667]","{'start_distance_from_shore_km': 53.0, 'end_distance_from_shore_km': 53.0, 'start_distance_from_port_km': 30.856291000000002, 'end_distance_from_port_km': 30.856291000000002}","{'id': 'fd9d6fad7-7da9-9145-6cfa-76b0832f2dd5', 'name': 'SSF DYNAMIC', 'ssvid': '563194100', 'flag': 'SGP', 'type': 'cargo', 'public_authorizations': [], 'nextPort': {'id': 'are-fujairah', 'flag': 'ARE', 'name': 'FUJAIRAH', 'portVisitEventId': 'be08fe29eb4f83d02cb9af20e33ce089'}}","{'total_time_hours': 15.176666666666666, 'total_distance_km': 6.845075038352727, 'average_speed_knots': 0.24353469166199224, 'average_distance_from_shore_km': 52.85894303062842}"
2026-07-17T23:09:16Z,2026-07-19T05:59:07Z,25274e77ce1b86c0ced602acc0f27f19,loitering,"{'lat': 25.525, 'lon': 56.8083}","{'mpa': [], 'eez': ['8360'], 'rfmo': ['IWC', 'ACAP', 'IOTC', 'RECOFI'], 'fao': ['51.3', '51'], 'major_fao': ['51'], 'eez_12_nm': [], 'high_seas': [], 'mpa_no_take_partial': [], 'mpa_no_take': []}","[56.896685, 25.459858333333333, 56.719925, 25.590075]","{'start_distance_from_shore_km': 53.0, 'end_distance_from_shore_km': 37.0, 'start_distance_from_port_km': 30.856291000000002, 'end_distance_from_port_km': 8.309552}","{'id': '24eea953c-c8bf-f877-48be-3839f9efeb37', 'name': 'MELODY 5', 'ssvid': '357467000', 'flag': 'PAN', 'type': 'cargo', 'public_authorizations': [], 'nextPort': {'id': 'are-fujairah', 'flag': 'ARE', 'name': 'FUJAIRAH', 'portVisitEventId': 'fec4d084028b3c1e24125f2717a430d1'}}","{'total_time_hours': 30.830833333333334, 'total_distance_km': 32.728318774251306, 'average_speed_knots': 0.5731884765086256, 'average_distance_from_shore_km': 47.544568646361085}"
2026-07-17T23:59:52Z,2026-07-18T06:59:12Z,3c26a86ee85cb39ed5921b5ce24beaab,loitering,"{'lat': 25.4599, 'lon': 56.8967}","{'mpa': [], 'eez': ['8360'], 'rfmo': ['RECOFI', 'ACAP', 'IWC', 'IOTC'], 'fao': ['51.3', '51'], 'major_fao': ['51'], 'eez_12_nm': [], 'high_seas': [], 'mpa_no_take_partial': [], 'mpa_no_take': []}","[56.89661666666667, 25.459816666666665, 56.896683333333335, 25.459883333333334]","{'start_distance_from_shore_km': 53.0, 'end_distance_from_shore_km': 53.0, 'start_distance_from_port_km': 30.856291000000002, 'end_distance_from_port_km': 30.856291000000002}","{'id': '0ef6cf835-501a-d1c1-3677-d35a43823fe2', 'name': 'ALFAISALIAH', 'ssvid': '352002106', 'flag': 'PAN', 'type': 'cargo', 'public_authorizations': [], 'nextPort': {'id': None, 'flag': None, 'name': None, 'portVisitEventId': None}}","{'total_time_hours': 6.988888888888889, 'total_distance_km': 0.8671604274658294, 'average_speed_knots': 0.06699622499967778, 'average_distance_from_shore_km': 53.0}"
2026-07-18T00:59:13Z,2026-07-18T14:08:03Z,29d642253452afe18b1b5a93393d38bd,loitering,"{'lat': 25.4599, 'lon': 56.8967}","{'mpa': [], 'eez': ['8360'], 'rfmo': ['IWC', 'ACAP', 'RECOFI', 'IOTC'], 'fao': ['51', '51.3'], 'major_fao': ['51'], 'eez_12_nm': [], 'high_seas': [], 'mpa_no_take_partial': [], 'mpa_no_take': []}","[56.89668666666667, 25.459875, 56.896708333333336, 25.459946666666667]","{'start_distance_from_shore_km': 53.0, 'end_distance_from_shore_km': 53.0, 'start_distance_from_port_km': 30.856291000000002, 'end_distance_from_port_km': 30.856291000000002}","{'id': '82f7db874-4cf8-3579-ab27-4d540d4bd33a', 'name': 'VISHVA EKTA', 'ssvid': '419000175', 'flag': 'IND', 'type': 'cargo', 'public_authorizations': [], 'nextPort': {'id': 'are-fujairah', 'flag': 'ARE', 'name': 'FUJAIRAH', 'portVisitEventId': '99b7741f72923764bd1340fe0e0fd6cf'}}","{'total_time_hours': 13.147222222222222, 'total_distance_km': 8.634556789499523, 'average_speed_knots': 0.3546215013719476, 'average_distance_from_shore_km': 53.0}"
2026-07-18T00:59:13Z,2026-07-18T05:59:03Z,2002bd3ea4e9ed7485e79337aba3c8b8,loitering,"{'lat': 25.4599, 'lon': 56.8967}","{'mpa': [], 'eez': ['8360'], 'rfmo': ['IOTC', 'RECOFI', 'IWC', 'ACAP'], 'fao': ['51', '51.3'], 'major_fao': ['51'], 'eez_12_nm': [], 'high_seas': [], 'mpa_no_take_partial': [], 'mpa_no_take': []}","[56.89671, 25.459898333333335, 56.89669, 25.45985]","{'start_distance_from_shore_km': 53.0, 'end_distance_from_shore_km': 53.0, 'start_distance_from_port_km': 30.856291000000002, 'end_distance_from_port_km': 30.856291000000002}","{'id': '933ccd4d3-3d38-ff3f-b291-6cc6ba44fc9c', 'name': 'JAG RAJIV', 'ssvid': '419001629', 'flag': 'IND', 'type': 'cargo', 'public_authorizations': [], 'nextPort': {'id': None, 'flag': None, 'name': None, 'portVisitEventId': None}}","{'total_time_hours': 4.997222222222222, 'total_distance_km': 1.2980631993543459, 'average_speed_knots': 0.1402575320124945, 'average_distance_from_shore_km': 53.0}"
2026-07-18T00:59:44Z,2026-07-18T02:58:43Z,9bf0265aa86fc51dadbfedf18e18eca0,loitering,"{'lat': 25.4599, 'lon': 56.8967}","{'mpa': [], 'eez': ['8360'], 'rfmo': ['ACAP', 'RECOFI', 'IWC', 'IOTC'], 'fao': ['51.3', '51'], 'major_fao': ['51'], 'eez_12_nm': [], 'high_seas': [], 'mpa_no_take_partial': [], 'mpa_no_take': []}","[56.8967, 25.459866666666667, 56.89675, 25.45985]","{'start_distance_from_shore_km': 53.0, 'end_distance_from_shore_km': 53.0, 'start_distance_from_port_km': 30.856291000000002, 'end_distance_from_port_km': 30.856291000000002}","{'id': '1d9f3898d-dae5-739f-cc42-1f58251100a8', 'name': 'DALIA', 'ssvid': '353131000', 'flag': 'PAN', 'type': 'cargo', 'public_authorizations': [], 'nextPort': {'id': 'are-khorfakkan', 'flag': 'ARE', 'name': 'KHOR FAKKAN', 'portVisitEventId': 'db168cb2a30b69d6dd5edbe268d1450e'}}","{'total_time_hours': 1.9830555555555556, 'total_distance_km': 0.0, 'average_speed_knots': 0.0, 'average_distance_from_shore_km': 53.0}"
2026-07-18T00:59:44Z,2026-07-18T03:58:06Z,9ba7fbd673a92d63a9a384fb1b513596,loitering,"{'lat': 25.4599, 'lon': 56.8967}","{'mpa': [], 'eez': ['8360'], 'rfmo': ['ACAP', 'RECOFI', 'IWC', 'IOTC'], 'fao': ['51', '51.3'], 'major_fao': ['51'], 'eez_12_nm': [], 'high_seas': [], 'mpa_no_take_partial': [], 'mpa_no_take': []}","[56.89665, 25.459861666666665, 56.89668666666667, 25.459865]","{'start_distance_from_shore_km': 53.0, 'end_distance_from_shore_km': 53.0, 'start_distance_from_port_km': 30.856291000000002, 'end_distance_from_port_km': 30.856291000000002}","{'id': 'a517afe4f-f30f-4f2f-1816-9d9627abff2d', 'name': 'DSM LAILA', 'ssvid': '341890001', 'flag': 'KNA', 'type': 'cargo', 'public_authorizations': [], 'nextPort': {'id': None, 'flag': None, 'name': None, 'portVisitEventId': None}}","{'total_time_hours': 2.972777777777778, 'total_distance_km': 0.06254375663771866, 'average_speed_knots': 0.011360057641260971, 'average_distance_from_shore_km': 53.00000000000001}"
2026-07-18T01:58:50Z,2026-07-18T03:58:50Z,df799f661c908b1e144edeb44198d76b,loitering,"{'lat': 25.4599, 'lon': 56.8967}","{'mpa': [], 'eez': ['8360'], 'rfmo': ['RECOFI', 'IWC', 'ACAP', 'IOTC'], 'fao': ['51', '51.3'], 'major_fao': ['51'], 'eez_12_nm': [], 'high_seas': [], 'mpa_no_take_partial': [], 'mpa_no_take': []}","[56.89668, 25.459878333333332, 56.89669833333333, 25.45987166666667]","{'start_distance_from_shore_km': 53.0, 'end_distance_from_shore_km': 53.0, 'start_distance_from_port_km': 30.856291000000002, 'end_distance_from_port_km': 30.856291000000002}","{'id': '9976d6bf8-8d4c-f9c7-9baa-eceebca18d95', 'name': 'RENAD', 'ssvid': '636024319', 'flag': 'LBR', 'type': 'cargo', 'public_authorizations': [], 'nextPort': {'id': 'are-khorfakkan', 'flag': 'ARE', 'name': 'KHOR FAKKAN', 'portVisitEventId': '3459b5bd515416afaa9f627c5765249c'}}","{'total_time_hours': 2.0, 'total_distance_km': 0.0, 'average_speed_knots': 0.0, 'average_distance_from_shore_km': 52.99999999999999}"
2026-07-18T01:59:26Z,2026-07-18T13:59:42Z,31a569c0129f60c71d20561ebecaee8a,loitering,"{'lat': 25.4544, 'lon': 56.9079}","{'mpa': [], 'eez': ['8360'], 'rfmo': ['ACAP', 'IOTC', 'RECOFI', 'IWC'], 'fao': ['51.3', '51'], 'major_fao': ['51'], 'eez_12_nm': [], 'high_seas': [], 'mpa_no_take_partial': [], 'mpa_no_take': []}","[56.896715, 25.459845, 56.91918, 25.448898333333332]","{'start_distance_from_shore_km': 53.0, 'end_distance_from_shore_km': 53.0, 'start_distance_from_port_km': 30.856291000000002, 'end_distance_from_port_km': 32.613533}","{'id': '62f4c4282-21b6-3e5b-4878-79b5aa4eedeb', 'name': 'TRISTAR SPIRIT', 'ssvid': '470917000', 'flag': 'ARE', 'type': 'bunker', 'public_authorizations': [], 'nextPort': {'id': 'are-fujairah', 'flag': 'ARE', 'name': 'FUJAIRAH', 'portVisitEventId': '1fa8b2bfe6be31f096d19148480a8a8e'}}","{'total_time_hours': 12.004444444444445, 'total_distance_km': 4.39147348686806, 'average_speed_knots': 0.19752734059485877, 'average_distance_from_shore_km': 53.0}"
2026-07-18T02:00:13Z,2026-07-18T09:18:35Z,eefa4c0c56357e22caa0a6c69c6d3494,loitering,"{'lat': 25.4603, 'lon': 56.8869}","{'mpa': [], 'eez': ['8360'], 'rfmo': ['RECOFI', 'IOTC', 'IWC', 'ACAP'], 'fao': ['51.3', '51'], 'major_fao': ['51'], 'eez_12_nm': [], 'high_seas': [], 'mpa_no_take_partial': [], 'mpa_no_take': []}","[56.877065, 25.460746666666665, 56.89668666666667, 25.45993]","{'start_distance_from_shore_km': 52.0, 'end_distance_from_shore_km': 53.0, 'start_distance_from_port_km': 28.898639, 'end_distance_from_port_km': 30.856291000000002}","{'id': '69f94aefd-dbaf-84d8-507b-ee0d89b47696', 'name': 'SILVER STAR 5', 'ssvid': '677019500', 'flag': 'TZA', 'type': 'bunker', 'public_authorizations': [], 'nextPort': {'id': None, 'flag': None, 'name': None, 'portVisitEventId': None}}","{'total_time_hours': 7.306111111111112, 'total_distance_km': 3.070461477414745, 'average_speed_knots': 0.2269218930926809, 'average_distance_from_shore_km': 52.99395359383266}"
2026-07-18T03:58:24Z,2026-07-18T14:58:02Z,ea3dfc7a5c1d3af2c555f5afdc48e6b6,loitering,"{'lat': 25.4599, 'lon': 56.8967}","{'mpa': [], 'eez': ['8360'], 'rfmo': ['IOTC', 'IWC', 'RECOFI', 'ACAP'], 'fao': ['51', '51.3'], 'major_fao': ['51'], 'eez_12_nm': [], 'high_seas': [], 'mpa_no_take_partial': [], 'mpa_no_take': []}","[56.89669166666667, 25.45982, 56.8967, 25.459883333333334]","{'start_distance_from_shore_km': 53.0, 'end_distance_from_shore_km': 53.0, 'start_distance_from_port_km': 30.856291000000002, 'end_distance_from_port_km': 30.856291000000002}","{'id': '6d4851502-20af-209f-f35a-8981db3a07f2', 'name': 'ANNA-META', 'ssvid': '636023980', 'flag': 'LBR', 'type': 'cargo', 'public_authorizations': [], 'nextPort': {'id': 'are-fujairah', 'flag': 'ARE', 'name': 'FUJAIRAH', 'portVisitEventId': 'd694ff036c5e977c720688446fbe2bcf'}}","{'total_time_hours': 10.99388888888889, 'total_distance_km': 1.3718662061041536, 'average_speed_knots': 0.0673782042827062, 'average_distance_from_shore_km': 53.0}"
2026-07-18T04:43:49Z,2026-07-18T10:46:38Z,fb62eed1cbf7f714f5bb60dfd182ed9a,loitering,"{'lat': 25.4597, 'lon': 56.8971}","{'mpa': [], 'eez': ['8360'], 'rfmo': ['RECOFI', 'ACAP', 'IOTC', 'IWC'], 'fao': ['51.3', '51'], 'major_fao': ['51'], 'eez_12_nm': [], 'high_seas': [], 'mpa_no_take_partial': [], 'mpa_no_take': []}","[56.896663333333336, 25.459383333333335, 56.897468333333336, 25.45994333333333]","{'start_distance_from_shore_km': 53.0, 'end_distance_from_shore_km': 53.0, 'start_distance_from_port_km': 30.856291000000002, 'end_distance_from_port_km': 30.856291000000002}","{'id': '7f5fb799b-b654-c1d4-63dc-bd5f8e14df9c', 'name': 'SAFEEN AL NASR', 'ssvid': '538010392', 'flag': 'MHL', 'type': 'cargo', 'public_authorizations': [], 'nextPort': {'id': None, 'flag': None, 'name': None, 'portVisitEventId': None}}","{'total_time_hours': 6.046944444444445, 'total_distance_km': 14.761658991217374, 'average_speed_knots': 1.3181298878848005, 'average_distance_from_shore_km': 52.67871704267464}"
2026-07-18T04:59:03Z,2026-07-18T06:59:03Z,0219901ded4e83d46d33c13415d45489,loitering,"{'lat': 25.4601, 'lon': 56.897}","{'mpa': [], 'eez': ['8360'], 'rfmo': ['IWC', 'RECOFI', 'ACAP', 'IOTC'], 'fao': ['51', '51.3'], 'major_fao': ['51'], 'eez_12_nm': [], 'high_seas': [], 'mpa_no_take_partial': [], 'mpa_no_take': []}","[56.89729833333333, 25.460388333333334, 56.896695, 25.459878333333332]","{'start_distance_from_shore_km': 53.0, 'end_distance_from_shore_km': 53.0, 'start_distance_from_port_km': 30.856291000000002, 'end_distance_from_port_km': 30.856291000000002}","{'id': 'a517afe4f-f30f-4f2f-1816-9d9627abff2d', 'name': 'DSM LAILA', 'ssvid': '341890001', 'flag': 'KNA', 'type': 'cargo', 'public_authorizations': [], 'nextPort': {'id': None, 'flag': None, 'name': None, 'portVisitEventId': None}}","{'total_time_hours': 2.0, 'total_distance_km': 0.34894050595408993, 'average_speed_knots': 0.09420640009559662, 'average_distance_from_shore_km': 53.0}"
2026-07-18T04:59:03Z,2026-07-18T14:13:24Z,0fd25a9e6418677e56a2691dcfe09d96,loitering,"{'lat': 25.4599, 'lon': 56.8967}","{'mpa': [], 'eez': ['8360'], 'rfmo': ['IOTC', 'RECOFI', 'IWC', 'ACAP'], 'fao': ['51.3', '51'], 'major_fao': ['51'], 'eez_12_nm': [], 'high_seas': [], 'mpa_no_take_partial': [], 'mpa_no_take': []}","[56.896695, 25.45987, 56.89669833333333, 25.45988]","{'start_distance_from_shore_km': 53.0, 'end_distance_from_shore_km': 53.0, 'start_distance_from_port_km': 30.856291000000002, 'end_distance_from_port_km': 30.856291000000002}","{'id': '51ce04e7d-df64-8f3a-fdf0-521187e9fe66', 'name': 'CHOLA SYMPHONY', 'ssvid': '563238200', 'flag': 'SGP', 'type': 'cargo', 'public_authorizations': [], 'nextPort': {'id': 'are-fujairah', 'flag': 'ARE', 'name': 'FUJAIRAH', 'portVisitEventId': 'af8f5ee563bfeee8b64d51f011324899'}}","{'total_time_hours': 9.239166666666666, 'total_distance_km': 0.0, 'average_speed_knots': 0.0, 'average_distance_from_shore_km': 52.99999999999999}"
2026-07-18T05:58:47Z,2026-07-18T06:59:03Z,de245cf39c723be54dd1b0d9c94fd468,loitering,"{'lat': 25.4599, 'lon': 56.8967}","{'mpa': [], 'eez': ['8360'], 'rfmo': ['IOTC', 'ACAP', 'IWC', 'RECOFI'], 'fao': ['51', '51.3'], 'major_fao': ['51'], 'eez_12_nm': [], 'high_seas': [], 'mpa_no_take_partial': [], 'mpa_no_take': []}","[56.89665, 25.459866666666667, 56.89666666666667, 25.45985]","{'start_distance_from_shore_km': 53.0, 'end_distance_from_shore_km': 53.0, 'start_distance_from_port_km': 30.856291000000002, 'end_distance_from_port_km': 30.856291000000002}","{'id': '1d9f3898d-dae5-739f-cc42-1f58251100a8', 'name': 'DALIA', 'ssvid': '353131000', 'flag': 'PAN', 'type': 'cargo', 'public_authorizations': [], 'nextPort': {'id': 'are-khorfakkan', 'flag': 'ARE', 'name': 'KHOR FAKKAN', 'portVisitEventId': 'db168cb2a30b69d6dd5edbe268d1450e'}}","{'total_time_hours': 1.0044444444444445, 'total_distance_km': 0.0, 'average_speed_knots': 0.0, 'average_distance_from_shore_km': 53.0}"
2026-07-18T06:59:01Z,2026-07-18T09:57:01Z,0883d1ab4f44c1c19bb6eb26fc747a8c,loitering,"{'lat': 25.4601, 'lon': 56.8967}","{'mpa': [], 'eez': ['8360'], 'rfmo': ['RECOFI', 'IWC', 'ACAP', 'IOTC'], 'fao': ['51.3', '51'], 'major_fao': ['51'], 'eez_12_nm': [], 'high_seas': [], 'mpa_no_take_partial': [], 'mpa_no_take': []}","[56.896715, 25.460256666666666, 56.896705, 25.459865]","{'start_distance_from_shore_km': 53.0, 'end_distance_from_shore_km': 53.0, 'start_distance_from_port_km': 30.856291000000002, 'end_distance_from_port_km': 30.856291000000002}","{'id': '9976d6bf8-8d4c-f9c7-9baa-eceebca18d95', 'name': 'RENAD', 'ssvid': '636024319', 'flag': 'LBR', 'type': 'cargo', 'public_authorizations': [], 'nextPort': {'id': 'are-khorfakkan', 'flag': 'ARE', 'name': 'KHOR FAKKAN', 'portVisitEventId': '3459b5bd515416afaa9f627c5765249c'}}","{'total_time_hours': 2.966666666666667, 'total_distance_km': 3.5157324687112714, 'average_speed_knots': 0.6398911232396082, 'average_distance_from_shore_km': 52.99999999999999}"
2026-07-18T07:59:06Z,2026-07-18T13:46:13Z,dce577c8d87a97b024739a60814be0cb,loitering,"{'lat': 25.4599, 'lon': 56.8967}","{'mpa': [], 'eez': ['8360'], 'rfmo': ['RECOFI', 'IWC', 'ACAP', 'IOTC'], 'fao': ['51', '51.3'], 'major_fao': ['51'], 'eez_12_nm': [], 'high_seas': [], 'mpa_no_take_partial': [], 'mpa_no_take': []}","[56.8967, 25.459866666666667, 56.896685, 25.459878333333332]","{'start_distance_from_shore_km': 53.0, 'end_distance_from_shore_km': 53.0, 'start_distance_from_port_km': 30.856291000000002, 'end_distance_from_port_km': 30.856291000000002}","{'id': '20fc55343-3604-b187-cc3c-f05ab1eb69b6', 'name': 'CELSIUS NAIROBI', 'ssvid': '538009601', 'flag': 'MHL', 'type': 'cargo', 'public_authorizations': [], 'nextPort': {'id': 'are-khorfakkan', 'flag': 'ARE', 'name': 'KHOR FAKKAN', 'portVisitEventId': '2e99f7964ff271ef7a85308cbba5dc3c'}}","{'total_time_hours': 5.785277777777778, 'total_distance_km': 2.416192784411169, 'average_speed_knots': 0.22551030089078503, 'average_distance_from_shore_km': 53.0}"
2026-07-18T07:59:29Z,2026-07-18T14:11:05Z,8cbd3434687b1592242851db7367874e,loitering,"{'lat': 25.4597, 'lon': 56.8968}","{'mpa': [], 'eez': ['8360'], 'rfmo': ['RECOFI', 'IOTC', 'ACAP', 'IWC'], 'fao': ['51', '51.3'], 'major_fao': ['51'], 'eez_12_nm': [], 'high_seas': [], 'mpa_no_take_partial': [], 'mpa_no_take': []}","[56.89693333333334, 25.459633333333333, 56.89665, 25.459733333333332]","{'start_distance_from_shore_km': 53.0, 'end_distance_from_shore_km': 53.0, 'start_distance_from_port_km': 30.856291000000002, 'end_distance_from_port_km': 30.856291000000002}","{'id': '0ef6cf835-501a-d1c1-3677-d35a43823fe2', 'name': 'ALFAISALIAH', 'ssvid': '352002106', 'flag': 'PAN', 'type': 'cargo', 'public_authorizations': [], 'nextPort': {'id': None, 'flag': None, 'name': None, 'portVisitEventId': None}}","{'total_time_hours': 6.193333333333333, 'total_distance_km': 0.4657567645587848, 'average_speed_knots': 0.04060632945840282, 'average_distance_from_shore_km': 53.00000000000001}"
2026-07-18T08:59:45Z,2026-07-18T11:59:27Z,0a7d4b84ce85f362a950058cfefedbb3,loitering,"{'lat': 25.4598, 'lon': 56.8967}","{'mpa': [], 'eez': ['8360'], 'rfmo': ['RECOFI', 'IOTC', 'IWC', 'ACAP'], 'fao': ['51', '51.3'], 'major_fao': ['51'], 'eez_12_nm': [], 'high_seas': [], 'mpa_no_take_partial': [], 'mpa_no_take': []}","[56.89671666666667, 25.45985, 56.89673333333333, 25.459833333333332]","{'start_distance_from_shore_km': 53.0, 'end_distance_from_shore_km': 53.0, 'start_distance_from_port_km': 30.856291000000002, 'end_distance_from_port_km': 30.856291000000002}","{'id': '1d9f3898d-dae5-739f-cc42-1f58251100a8', 'name': 'DALIA', 'ssvid': '353131000', 'flag': 'PAN', 'type': 'cargo', 'public_authorizations': [], 'nextPort': {'id': 'are-khorfakkan', 'flag': 'ARE', 'name': 'KHOR FAKKAN', 'portVisitEventId': 'db168cb2a30b69d6dd5edbe268d1450e'}}","{'total_time_hours': 2.995, 'total_distance_km': 0.1368596623398456, 'average_speed_knots': 0.02467389175260524, 'average_distance_from_shore_km': 53.0}"
2026-07-18T08:59:54Z,2026-07-18T17:59:20Z,77de4cf54a73fbb733e6cdcf75c44348,loitering,"{'lat': 25.461, 'lon': 56.8925}","{'mpa': [], 'eez': ['8360'], 'rfmo': ['ACAP', 'RECOFI', 'IOTC', 'IWC'], 'fao': ['51', '51.3'], 'major_fao': ['51'], 'eez_12_nm': [], 'high_seas': [], 'mpa_no_take_partial': [], 'mpa_no_take': []}","[56.88823, 25.462173333333332, 56.8967, 25.459875]","{'start_distance_from_shore_km': 53.0, 'end_distance_from_shore_km': 53.0, 'start_distance_from_port_km': 29.876621, 'end_distance_from_port_km': 30.856291000000002}","{'id': 'c1f709436-617c-21ad-c7b7-61298522fc5c', 'name': 'TIAN SHENG 27', 'ssvid': '414384000', 'flag': 'CHN', 'type': 'cargo', 'public_authorizations': [], 'nextPort': {'id': 'are-fujairah', 'flag': 'ARE', 'name': 'FUJAIRAH', 'portVisitEventId': '70df3833adb1c4acaf53bf55bb3ad869'}}","{'total_time_hours': 8.990555555555556, 'total_distance_km': 4.509910430154313, 'average_speed_knots': 0.27085721284854164, 'average_distance_from_shore_km': 53.0}"
2026-07-18T09:59:38Z,2026-07-18T11:09:59Z,2bd9406c3fcc829c4d401f08f1833fc4,loitering,"{'lat': 25.4599, 'lon': 56.8967}","{'mpa': [], 'eez': ['8360'], 'rfmo': ['IWC', 'IOTC', 'ACAP', 'RECOFI'], 'fao': ['51', '51.3'], 'major_fao': ['51'], 'eez_12_nm': [], 'high_seas': [], 'mpa_no_take_partial': [], 'mpa_no_take': []}","[56.896708333333336, 25.459883333333334, 56.89677, 25.459825]","{'start_distance_from_shore_km': 53.0, 'end_distance_from_shore_km': 53.0, 'start_distance_from_port_km': 30.856291000000002, 'end_distance_from_port_km': 30.856291000000002}","{'id': 'a517afe4f-f30f-4f2f-1816-9d9627abff2d', 'name': 'DSM LAILA', 'ssvid': '341890001', 'flag': 'KNA', 'type': 'cargo', 'public_authorizations': [], 'nextPort': {'id': None, 'flag': None, 'name': None, 'portVisitEventId': None}}","{'total_time_hours': 1.1724999999999999, 'total_distance_km': 1.8024705285658187, 'average_speed_knots': 0.830069274991512, 'average_distance_from_shore_km': 53.00000000000001}"
2026-07-18T10:34:20Z,2026-07-19T06:58:45Z,1806a2d80ee00bc9f77031f2e48e3e56,loitering,"{'lat': 25.6033, 'lon': 56.9251}","{'mpa': [], 'eez': ['8469'], 'rfmo': ['IOTC', 'ACAP', 'IWC', 'RECOFI'], 'fao': ['51.3', '51'], 'major_fao': ['51'], 'eez_12_nm': [], 'high_seas': [], 'mpa_no_take_partial': [], 'mpa_no_take': []}","[56.92711166666667, 25.578953333333335, 56.92318, 25.627621666666666]","{'start_distance_from_shore_km': 44.0, 'end_distance_from_shore_km': 42.0, 'start_distance_from_port_km': 28.622168000000002, 'end_distance_from_port_km': 26.438492}","{'id': 'fa0631937-7841-774e-7502-ddac2c525265', 'name': 'TJ ZARAR', 'ssvid': '352001894', 'flag': 'PAN', 'type': 'cargo', 'public_authorizations': [], 'nextPort': {'id': 'omn-sohar', 'flag': 'OMN', 'name': None, 'portVisitEventId': '8a81bfe5cddd65e2bdd94ef9b55c82d1'}}","{'total_time_hours': 20.406944444444445, 'total_distance_km': 5.4260139141531845, 'average_speed_knots': 0.14356941758569053, 'average_distance_from_shore_km': 42.0}"
2026-07-18T13:59:04Z,2026-07-18T15:08:07Z,555c127c35cbe932eab261eab02ce263,loitering,"{'lat': 25.4589, 'lon': 56.8963}","{'mpa': [], 'eez': ['8360'], 'rfmo': ['IOTC', 'IWC', 'ACAP', 'RECOFI'], 'fao': ['51', '51.3'], 'major_fao': ['51'], 'eez_12_nm': [], 'high_seas': [], 'mpa_no_take_partial': [], 'mpa_no_take': []}","[56.89669, 25.45987, 56.89599833333333, 25.457866666666668]","{'start_distance_from_shore_km': 53.0, 'end_distance_from_shore_km': 53.0, 'start_distance_from_port_km': 30.856291000000002, 'end_distance_from_port_km': 30.856291000000002}","{'id': 'a2cec65e3-36ee-3b28-fc27-3b521c0f7233', 'name': 'VIRGO CONFIDENCE', 'ssvid': '538008171', 'flag': 'MHL', 'type': 'cargo', 'public_authorizations': [], 'nextPort': {'id': 'are-fujairah', 'flag': 'ARE', 'name': 'FUJAIRAH', 'portVisitEventId': 'e028e99fb89c844ac6267c1696b7d44e'}}","{'total_time_hours': 1.1508333333333334, 'total_distance_km': 2.063304713709007, 'average_speed_knots': 0.9680771189886536, 'average_distance_from_shore_km': 53.0}"
2026-07-18T14:06:27Z,2026-07-18T19:59:01Z,338f31a57a5006ba1ebaf01bf7ebda22,loitering,"{'lat': 25.7672, 'lon': 56.9232}","{'mpa': [], 'eez': ['8469'], 'rfmo': ['RECOFI', 'IOTC', 'IWC', 'ACAP'], 'fao': ['51.3', '51'], 'major_fao': ['51'], 'eez_12_nm': [], 'high_seas': [], 'mpa_no_take_partial': [], 'mpa_no_take': []}","[56.92331333333333, 25.766925, 56.92318, 25.76753666666667]","{'start_distance_from_shore_km': 38.0, 'end_distance_from_shore_km': 38.0, 'start_distance_from_port_km': 28.320596000000002, 'end_distance_from_port_km': 28.320596000000002}","{'id': '503ab5c58-857c-c718-8bac-4a3d3ac9b7a8', 'name': 'EMMA', 'ssvid': '750801000', 'flag': 'GUY', 'type': 'bunker', 'public_authorizations': [], 'nextPort': {'id': 'are-khorfakkan', 'flag': 'ARE', 'name': 'KHOR FAKKAN', 'portVisitEventId': '44f8ebe5a695aeca8ea03585ee9a4222'}}","{'total_time_hours': 5.876111111111111, 'total_distance_km': 0.6155885262202572, 'average_speed_knots': 0.05656652955955733, 'average_distance_from_shore_km': 37.9974945636759}"
2026-07-18T15:59:07Z,2026-07-18T17:59:07Z,8a7274cde4381a9f3a071fd0f682402e,loitering,"{'lat': 25.4596, 'lon': 56.8948}","{'mpa': [], 'eez': ['8360'], 'rfmo': ['IWC', 'ACAP', 'RECOFI', 'IOTC'], 'fao': ['51.3', '51'], 'major_fao': ['51'], 'eez_12_nm': [], 'high_seas': [], 'mpa_no_take_partial': [], 'mpa_no_take': []}","[56.893948333333334, 25.45555166666667, 56.895585, 25.463646666666666]","{'start_distance_from_shore_km': 53.0, 'end_distance_from_shore_km': 53.0, 'start_distance_from_port_km': 29.876621, 'end_distance_from_port_km': 30.856291000000002}","{'id': 'a2cec65e3-36ee-3b28-fc27-3b521c0f7233', 'name': 'VIRGO CONFIDENCE', 'ssvid': '538008171', 'flag': 'MHL', 'type': 'cargo', 'public_authorizations': [], 'nextPort': {'id': 'are-fujairah', 'flag': 'ARE', 'name': 'FUJAIRAH', 'portVisitEventId': 'e028e99fb89c844ac6267c1696b7d44e'}}","{'total_time_hours': 2.0, 'total_distance_km': 5.956299486740517, 'average_speed_knots': 1.608072215642688, 'average_distance_from_shore_km': 53.0}"
2026-07-19T16:47:47Z,2026-07-20T20:36:08Z,992422b1a6cd40a6f5c26cf14de4d650,loitering,"{'lat': 25.5335, 'lon': 56.7793}","{'mpa': [], 'eez': ['8360'], 'rfmo': ['IWC', 'RECOFI', 'ACAP', 'IOTC'], 'fao': ['51', '51.3'], 'major_fao': ['51'], 'eez_12_nm': [], 'high_seas': [], 'mpa_no_take_partial': [], 'mpa_no_take': []}","[56.775641666666665, 25.519985, 56.78303, 25.546995]","{'start_distance_from_shore_km': 42.0, 'end_distance_from_shore_km': 42.0, 'start_distance_from_port_km': 17.878035, 'end_distance_from_port_km': 15.783061}","{'id': 'ca02aea32-2fd7-821e-5031-42a83618dd99', 'name': 'MAERSK GAIRLOCH', 'ssvid': '563078400', 'flag': 'SGP', 'type': 'cargo', 'public_authorizations': [], 'nextPort': {'id': 'are-khorfakkan', 'flag': 'ARE', 'name': 'KHOR FAKKAN', 'portVisitEventId': '899c6959a610a12cbef40b13b2a23298'}}","{'total_time_hours': 27.805833333333332, 'total_distance_km': 27.16901792360571, 'average_speed_knots': 0.5275905920602295, 'average_distance_from_shore_km': 41.344599305374004}"
2026-07-19T16:48:36Z,2026-07-20T00:59:00Z,0969183f22e1d30f8570672c73d5003c,loitering,"{'lat': 25.4509, 'lon': 56.7354}","{'mpa': [], 'eez': ['8360'], 'rfmo': ['IOTC', 'IWC', 'ACAP', 'RECOFI'], 'fao': ['51', '51.3'], 'major_fao': ['51'], 'eez_12_nm': [], 'high_seas': [], 'mpa_no_take_partial': [], 'mpa_no_take': []}","[56.73345833333333, 25.52022, 56.73736, 25.381621666666668]","{'start_distance_from_shore_km': 37.0, 'end_distance_from_shore_km': 37.0, 'start_distance_from_port_km': 14.628495999999998, 'end_distance_from_port_km': 14.064812}","{'id': '24eea953c-c8bf-f877-48be-3839f9efeb37', 'name': 'MELODY 5', 'ssvid': '357467000', 'flag': 'PAN', 'type': 'cargo', 'public_authorizations': [], 'nextPort': {'id': 'are-fujairah', 'flag': 'ARE', 'name': 'FUJAIRAH', 'portVisitEventId': 'fec4d084028b3c1e24125f2717a430d1'}}","{'total_time_hours': 8.173333333333334, 'total_distance_km': 18.409040341702987, 'average_speed_knots': 1.2161606742569417, 'average_distance_from_shore_km': 37.47317742668365}"
2026-07-19T16:59:07Z,2026-07-21T18:59:19Z,b690e19f967067fbab7b134e67d9e8bd,loitering,"{'lat': 25.6593, 'lon': 56.9374}","{'mpa': [], 'eez': ['8469'], 'rfmo': ['RECOFI', 'IWC', 'ACAP', 'IOTC'], 'fao': ['51.3', '51'], 'major_fao': ['51'], 'eez_12_nm': [], 'high_seas': [], 'mpa_no_take_partial': [], 'mpa_no_take': []}","[56.927928333333334, 25.648781666666668, 56.94688166666667, 25.669778333333333]","{'start_distance_from_shore_km': 40.0, 'end_distance_from_shore_km': 38.0, 'start_distance_from_port_km': 27.153006, 'end_distance_from_port_km': 29.06392}","{'id': '503ab5c58-857c-c718-8bac-4a3d3ac9b7a8', 'name': 'EMMA', 'ssvid': '750801000', 'flag': 'GUY', 'type': 'bunker', 'public_authorizations': [], 'nextPort': {'id': 'are-khorfakkan', 'flag': 'ARE', 'name': 'KHOR FAKKAN', 'portVisitEventId': '44f8ebe5a695aeca8ea03585ee9a4222'}}","{'total_time_hours': 50.00333333333333, 'total_distance_km': 8.926339273869417, 'average_speed_knots': 0.09639032639583656, 'average_distance_from_shore_km': 38.242668473975385}"
2026-07-19T19:59:01Z,2026-07-20T01:59:05Z,523730b9b9c6e681b533cf07c91adf61,loitering,"{'lat': 25.4211, 'lon': 56.8581}","{'mpa': [], 'eez': ['8360'], 'rfmo': ['ACAP', 'IOTC', 'RECOFI', 'IWC'], 'fao': ['51', '51.3'], 'major_fao': ['51'], 'eez_12_nm': [], 'high_seas': [], 'mpa_no_take_partial': [], 'mpa_no_take': []}","[56.838903333333334, 25.42038833333333, 56.87722333333333, 25.421865]","{'start_distance_from_shore_km': 48.0, 'end_distance_from_shore_km': 51.0, 'start_distance_from_port_km': 24.207479, 'end_distance_from_port_km': 28.210421999999998}","{'id': '3838199e5-5fbe-eb6b-7595-b27f4876b1b7', 'name': 'GARNET', 'ssvid': '355399000', 'flag': 'PAN', 'type': 'cargo', 'public_authorizations': [], 'nextPort': {'id': 'are-khorfakkan', 'flag': 'ARE', 'name': 'KHOR FAKKAN', 'portVisitEventId': 'd85bb162122d7fe7b741be508feb1fa7'}}","{'total_time_hours': 6.001111111111111, 'total_distance_km': 4.686791857048155, 'average_speed_knots': 0.4216994324448495, 'average_distance_from_shore_km': 49.47413385900113}"
2026-07-19T20:59:08Z,2026-07-21T09:59:10Z,6c486ee5a3e62ac0ef6fe294cfb55d61,loitering,"{'lat': 25.5023, 'lon': 57.034}","{'mpa': [], 'eez': ['8469'], 'rfmo': ['ACAP', 'IWC', 'RECOFI', 'IOTC'], 'fao': ['51', '51.3'], 'major_fao': ['51'], 'eez_12_nm': [], 'high_seas': [], 'mpa_no_take_partial': [], 'mpa_no_take': []}","[57.03930666666667, 25.41491, 57.02877, 25.589761666666668]","{'start_distance_from_shore_km': 50.0, 'end_distance_from_shore_km': 35.0, 'start_distance_from_port_km': 44.208508, 'end_distance_from_port_km': 35.797484}","{'id': 'fd83aad0e-e6c5-9d63-1890-b5a57d62bd37', 'name': 'XIN HAI TONG 29', 'ssvid': '353211000', 'flag': 'PAN', 'type': 'cargo', 'public_authorizations': [], 'nextPort': {'id': None, 'flag': None, 'name': None, 'portVisitEventId': None}}","{'total_time_hours': 37.00055555555555, 'total_distance_km': 29.067573722504452, 'average_speed_knots': 0.4241891494804998, 'average_distance_from_shore_km': 44.78586687736798}"
2026-07-20T21:57:36Z,2026-07-21T09:59:37Z,6440e8e45ba39741f36a7f355a51207b,loitering,"{'lat': 25.5101, 'lon': 56.7515}","{'mpa': [], 'eez': ['8360'], 'rfmo': ['RECOFI', 'IOTC', 'ACAP', 'IWC'], 'fao': ['51', '51.3'], 'major_fao': ['51'], 'eez_12_nm': [], 'high_seas': [], 'mpa_no_take_partial': [], 'mpa_no_take': []}","[56.752095, 25.49945, 56.75085, 25.520733333333332]","{'start_distance_from_shore_km': 39.0, 'end_distance_from_shore_km': 39.0, 'start_distance_from_port_km': 17.594738, 'end_distance_from_port_km': 15.818007}","{'id': 'ca02aea32-2fd7-821e-5031-42a83618dd99', 'name': 'MAERSK GAIRLOCH', 'ssvid': '563078400', 'flag': 'SGP', 'type': 'cargo', 'public_authorizations': [], 'nextPort': {'id': 'are-khorfakkan', 'flag': 'ARE', 'name': 'KHOR FAKKAN', 'portVisitEventId': '899c6959a610a12cbef40b13b2a23298'}}","{'total_time_hours': 12.033611111111112, 'total_distance_km': 9.5614754018134, 'average_speed_knots': 0.42903029245449764, 'average_distance_from_shore_km': 40.06341046185261}"
2026-07-21T10:01:02Z,2026-07-22T02:59:08Z,5f3293c3dbd2e4b233c71919dc2997b5,loitering,"{'lat': 25.511, 'lon': 56.6927}","{'mpa': [], 'eez': ['8360'], 'rfmo': ['IOTC', 'RECOFI', 'IWC', 'ACAP'], 'fao': ['51', '51.3'], 'major_fao': ['51'], 'eez_12_nm': [], 'high_seas': [], 'mpa_no_take_partial': [], 'mpa_no_take': []}","[56.751173333333334, 25.519846666666666, 56.63428833333333, 25.502156666666668]","{'start_distance_from_shore_km': 39.0, 'end_distance_from_shore_km': 27.0, 'start_distance_from_port_km': 15.818007, 'end_distance_from_port_km': 11.520247}","{'id': 'ca02aea32-2fd7-821e-5031-42a83618dd99', 'name': 'MAERSK GAIRLOCH', 'ssvid': '563078400', 'flag': 'SGP', 'type': 'cargo', 'public_authorizations': [], 'nextPort': {'id': 'are-khorfakkan', 'flag': 'ARE', 'name': 'KHOR FAKKAN', 'portVisitEventId': '899c6959a610a12cbef40b13b2a23298'}}","{'total_time_hours': 16.968333333333334, 'total_distance_km': 24.800765708533785, 'average_speed_knots': 0.7891960814399896, 'average_distance_from_shore_km': 39.39749758516128}"
2026-07-21T19:53:04Z,2026-07-21T21:59:57Z,2ea9a2c56b28498b8ade08cdd2b14e8c,loitering,"{'lat': 25.6641, 'lon': 56.9403}","{'mpa': [], 'eez': ['8469'], 'rfmo': ['ACAP', 'IWC', 'RECOFI', 'IOTC'], 'fao': ['51', '51.3'], 'major_fao': ['51'], 'eez_12_nm': [], 'high_seas': [], 'mpa_no_take_partial': [], 'mpa_no_take': []}","[56.946821666666665, 25.67023, 56.93377666666667, 25.65795333333333]","{'start_distance_from_shore_km': 38.0, 'end_distance_from_shore_km': 40.0, 'start_distance_from_port_km': 29.06392, 'end_distance_from_port_km': 27.083479999999998}","{'id': '503ab5c58-857c-c718-8bac-4a3d3ac9b7a8', 'name': 'EMMA', 'ssvid': '750801000', 'flag': 'GUY', 'type': 'bunker', 'public_authorizations': [], 'nextPort': {'id': 'are-khorfakkan', 'flag': 'ARE', 'name': 'KHOR FAKKAN', 'portVisitEventId': '44f8ebe5a695aeca8ea03585ee9a4222'}}","{'total_time_hours': 2.1147222222222224, 'total_distance_km': 3.8880368758528445, 'average_speed_knots': 0.9927412409736669, 'average_distance_from_shore_km': 38.07855217558722}"
2026-07-24T05:52:34Z,2026-07-24T08:59:00Z,b17c234c1f69627994c6165881725f42,loitering,"{'lat': 25.4844, 'lon': 56.7576}","{'mpa': [], 'eez': ['8360'], 'rfmo': ['RECOFI', 'ACAP', 'IWC', 'IOTC'], 'fao': ['51', '51.3'], 'major_fao': ['51'], 'eez_12_nm': [], 'high_seas': [], 'mpa_no_take_partial': [], 'mpa_no_take': []}","[56.761698333333335, 25.47597, 56.753573333333335, 25.492835]","{'start_distance_from_shore_km': 40.0, 'end_distance_from_shore_km': 39.0, 'start_distance_from_port_km': 18.364377, 'end_distance_from_port_km': 18.08298}","{'id': '70a19287c-c5da-95d0-00a4-4e90416c4411', 'name': 'HELLA', 'ssvid': '255805589', 'flag': 'PRT', 'type': 'cargo', 'public_authorizations': [], 'nextPort': {'id': 'are-khorfakkan', 'flag': 'ARE', 'name': 'KHOR FAKKAN', 'portVisitEventId': '481c8ba2381b6a50ac28816b1f10483b'}}","{'total_time_hours': 3.107222222222222, 'total_distance_km': 3.302113230164533, 'average_speed_knots': 0.5738239420588755, 'average_distance_from_shore_km': 39.93734772015316}"
2026-07-26T23:59:07Z,2026-07-27T09:58:21Z,ed6af899f0ce2bc66c86f93e2d384f16,loitering,"{'lat': 25.5998, 'lon': 56.9408}","{'mpa': [], 'eez': ['8469'], 'rfmo': ['IOTC', 'RECOFI', 'ACAP', 'IWC'], 'fao': ['51', '51.3'], 'major_fao': ['51'], 'eez_12_nm': [], 'high_seas': [], 'mpa_no_take_partial': [], 'mpa_no_take': []}","[56.96255, 25.546983333333333, 56.91898333333334, 25.652683333333332]","{'start_distance_from_shore_km': 44.0, 'end_distance_from_shore_km': 41.0, 'start_distance_from_port_km': 32.336762, 'end_distance_from_port_km': 26.154213}","{'id': '333d207dd-dc8f-1ca2-0887-7d8a91ef2d2f', 'name': 'LISA GLORY', 'ssvid': '636025409', 'flag': 'LBR', 'type': 'cargo', 'public_authorizations': [], 'nextPort': {'id': None, 'flag': None, 'name': None, 'portVisitEventId': None}}","{'total_time_hours': 9.987222222222222, 'total_distance_km': 18.554710487446677, 'average_speed_knots': 1.00315602686358, 'average_distance_from_shore_km': 43.41213261747939}"
2026-07-27T11:55:50Z,2026-08-03T23:57:56Z,4fdedb3f551cc5e909f6d460bfbcf31b,loitering,"{'lat': 25.7005, 'lon': 56.923}","{'mpa': [], 'eez': ['8469'], 'rfmo': ['IWC', 'ACAP', 'IOTC', 'RECOFI'], 'fao': ['51.3', '51'], 'major_fao': ['51'], 'eez_12_nm': [], 'high_seas': [], 'mpa_no_take_partial': [], 'mpa_no_take': []}","[56.92268333333333, 25.7019, 56.923345, 25.699015]","{'start_distance_from_shore_km': 39.0, 'end_distance_from_shore_km': 39.0, 'start_distance_from_port_km': 26.266713, 'end_distance_from_port_km': 26.266713}","{'id': '333d207dd-dc8f-1ca2-0887-7d8a91ef2d2f', 'name': 'LISA GLORY', 'ssvid': '636025409', 'flag': 'LBR', 'type': 'cargo', 'public_authorizations': [], 'nextPort': {'id': None, 'flag': None, 'name': None, 'portVisitEventId': None}}","{'total_time_hours': 180.035, 'total_distance_km': 21.035781156767918, 'average_speed_knots': 0.0630900277812789, 'average_distance_from_shore_km': 38.775636074174884}"
2026-07-27T18:59:21Z,2026-07-28T02:59:04Z,335b29d277dc45ac1a1da4de873f8007,loitering,"{'lat': 25.8737, 'lon': 56.8107}","{'mpa': ['555760584'], 'eez': ['8354'], 'rfmo': ['IWC', 'RECOFI', 'IOTC', 'ACAP'], 'fao': ['51', '51.3'], 'major_fao': ['51'], 'eez_12_nm': [], 'high_seas': [], 'mpa_no_take_partial': [], 'mpa_no_take': []}","[56.81918666666667, 25.90458, 56.802276666666664, 25.842763333333334]","{'start_distance_from_shore_km': 37.0, 'end_distance_from_shore_km': 37.0, 'start_distance_from_port_km': 30.177879, 'end_distance_from_port_km': 23.535342}","{'id': 'e63d18c76-61e8-a944-b9bb-3ba4b1a93706', 'name': 'KEN TOKU', 'ssvid': '371628000', 'flag': 'PAN', 'type': 'cargo', 'public_authorizations': [], 'nextPort': {'id': 'are-fujairah', 'flag': 'ARE', 'name': 'FUJAIRAH', 'portVisitEventId': '1065933d2c565b9b351cf26c372a2973'}}","{'total_time_hours': 7.995277777777778, 'total_distance_km': 9.86586040926235, 'average_speed_knots': 0.6662855998239386, 'average_distance_from_shore_km': 37.097847018666904}"
