start,end,id,type,position,regions,bounding_box,distances,vessel,loitering
2022-01-01T15:52:07Z,2022-01-01T16:52:18Z,aa624c53b64530491212e4d0aa753a04,loitering,"{'lat': 25.4118, 'lon': 57.17}","{'mpa': [], 'eez': ['8469'], 'rfmo': ['RECOFI', 'IOTC', 'ACAP', 'IWC'], 'fao': ['51.3', '51'], 'major_fao': ['51'], 'eez_12_nm': [], 'high_seas': [], 'mpa_no_take_partial': [], 'mpa_no_take': []}","[57.18592666666667, 25.415511666666667, 57.1541316667, 25.4080216667]","{'start_distance_from_shore_km': 43.0, 'end_distance_from_shore_km': 45.0, 'start_distance_from_port_km': 45.384082, 'end_distance_from_port_km': 47.416684000000004}","{'id': 'aff2d7a31-168e-d3d4-c201-1a91d90bb2ff', 'name': 'MONA KH', 'ssvid': '355565000', 'flag': 'PAN', 'type': 'cargo', 'public_authorizations': [], 'nextPort': {'id': 'omn-sohar', 'flag': 'OMN', 'name': None, 'portVisitEventId': '75205859c7544318ce0703a7643fa574'}}","{'total_time_hours': 1.002811111111111, 'total_distance_km': 3.4012175714856814, 'average_speed_knots': 1.8313624045529375, 'average_distance_from_shore_km': 44.39035339975195}"
2022-01-12T13:47:59Z,2022-01-13T15:59:56Z,7e819b641ee97f3285c406aeaa327dd1,loitering,"{'lat': 25.6029, 'lon': 56.9683}","{'mpa': [], 'eez': ['8469'], 'rfmo': ['IWC', 'RECOFI', 'IOTC', 'ACAP'], 'fao': ['51', '51.3'], 'major_fao': ['51'], 'eez_12_nm': [], 'high_seas': [], 'mpa_no_take_partial': [], 'mpa_no_take': []}","[56.97124, 25.6021, 56.965333333333334, 25.603751666666668]","{'start_distance_from_shore_km': 40.0, 'end_distance_from_shore_km': 40.0, 'start_distance_from_port_km': 32.037357, 'end_distance_from_port_km': 32.037357}","{'id': 'a7c2f49a3-3f14-9063-5e94-598c8e670f45', 'name': 'AZARGOUN', 'ssvid': '422039300', 'flag': 'IRN', 'type': 'cargo', 'public_authorizations': [], 'nextPort': {'id': 'egy-suezsouthanchorage', 'flag': 'EGY', 'name': 'SUEZ SOUTH ANCHORAGE', 'portVisitEventId': 'c0bcd362cb66ef2d1f5637d4f116d931'}}","{'total_time_hours': 26.199225, 'total_distance_km': 3.1837251165387417, 'average_speed_knots': 0.06561545377803961, 'average_distance_from_shore_km': 40.00000000000001}"
2022-01-14T16:59:49Z,2022-01-14T21:56:58Z,f3901586f9af97ed318d3be57b9060e3,loitering,"{'lat': 25.6187, 'lon': 56.9272}","{'mpa': [], 'eez': ['8469'], 'rfmo': ['ACAP', 'IOTC', 'RECOFI', 'IWC'], 'fao': ['51', '51.3'], 'major_fao': ['51'], 'eez_12_nm': [], 'high_seas': [], 'mpa_no_take_partial': [], 'mpa_no_take': []}","[56.94706166666667, 25.599738333333335, 56.907295, 25.6377]","{'start_distance_from_shore_km': 41.0, 'end_distance_from_shore_km': 43.0, 'start_distance_from_port_km': 30.096381, 'end_distance_from_port_km': 25.27932}","{'id': 'e8606c6e9-9422-7429-9ced-fccc5a302e84', 'name': 'MIAMI PRIDE', 'ssvid': '422088700', 'flag': 'IRN', 'type': 'cargo', 'public_authorizations': [], 'nextPort': {'id': 'chn-shanghai', 'flag': 'CHN', 'name': 'SHANGHAI', 'portVisitEventId': 'bfdcc710b846417cb79bf4b0091ecfb3'}}","{'total_time_hours': 4.952647222222221, 'total_distance_km': 5.858388232840188, 'average_speed_knots': 0.6387042003342348, 'average_distance_from_shore_km': 42.0893281053973}"
2022-01-18T00:53:59Z,2022-01-19T04:58:25Z,4252ba04fa0f3833aa4f395085f4a0d4,loitering,"{'lat': 25.6028, 'lon': 56.951}","{'mpa': [], 'eez': ['8469'], 'rfmo': ['RECOFI', 'IWC', 'ACAP', 'IOTC'], 'fao': ['51.3', '51'], 'major_fao': ['51'], 'eez_12_nm': [], 'high_seas': [], 'mpa_no_take_partial': [], 'mpa_no_take': []}","[56.95066666666666, 25.603166666666667, 56.9513333333, 25.6025]","{'start_distance_from_shore_km': 41.0, 'end_distance_from_shore_km': 41.0, 'start_distance_from_port_km': 30.096381, 'end_distance_from_port_km': 30.096381}","{'id': '382ac3fde-ea48-a897-42e9-63da9a608dc7', 'name': 'KASHAN', 'ssvid': '422068100', 'flag': 'IRN', 'type': 'cargo', 'public_authorizations': [], 'nextPort': {'id': 'irn-bandarabbas', 'flag': 'IRN', 'name': None, 'portVisitEventId': '8fbfc8cc0d8a1995859de6495bcee8aa'}}","{'total_time_hours': 28.073663888888905, 'total_distance_km': 4.906491689470526, 'average_speed_knots': 0.09436935553955693, 'average_distance_from_shore_km': 40.99999999999997}"
2022-01-19T22:56:21Z,2022-01-20T21:51:29Z,93a28ec2bffadc480b3160ff204d8624,loitering,"{'lat': 25.5805, 'lon': 57.0072}","{'mpa': [], 'eez': ['8469'], 'rfmo': ['IOTC', 'RECOFI', 'ACAP', 'IWC'], 'fao': ['51', '51.3'], 'major_fao': ['51'], 'eez_12_nm': [], 'high_seas': [], 'mpa_no_take_partial': [], 'mpa_no_take': []}","[56.99091833333333, 25.584266666666668, 57.02350833333333, 25.576695]","{'start_distance_from_shore_km': 39.0, 'end_distance_from_shore_km': 37.0, 'start_distance_from_port_km': 34.543844, 'end_distance_from_port_km': 37.293754}","{'id': 'afe91b66a-a0dc-4fc9-a530-7c2fb0af8a97', 'name': 'BEHTA', 'ssvid': '422031300', 'flag': 'IRN', 'type': 'cargo', 'public_authorizations': [], 'nextPort': {'id': 'irn-bandarabbas', 'flag': 'IRN', 'name': None, 'portVisitEventId': '6dbbf6ecca65f37833aacb147e900d20'}}","{'total_time_hours': 22.918719444444438, 'total_distance_km': 8.06185689561382, 'average_speed_knots': 0.18993445466379727, 'average_distance_from_shore_km': 38.34278451695384}"
2022-01-29T08:54:16Z,2022-01-29T12:53:14Z,bd45fe3f8df17cd1bac2df4f419a30a9,loitering,"{'lat': 25.4215, 'lon': 57.2712}","{'mpa': [], 'eez': ['8469'], 'rfmo': ['RECOFI', 'ACAP', 'IWC', 'IOTC'], 'fao': ['51', '51.3'], 'major_fao': ['51'], 'eez_12_nm': [], 'high_seas': [], 'mpa_no_take_partial': [], 'mpa_no_take': []}","[57.2821, 25.466533333333334, 57.260333333333335, 25.376383333333333]","{'start_distance_from_shore_km': 35.0, 'end_distance_from_shore_km': 45.0, 'start_distance_from_port_km': 38.918223, 'end_distance_from_port_km': 48.966859}","{'id': '7b3a38fba-ad1f-1129-9784-0cca9dc95167', 'name': 'VIKAN', 'ssvid': '374634000', 'flag': 'PAN', 'type': 'cargo', 'public_authorizations': [], 'nextPort': {'id': 'kwt-minaalahmadi', 'flag': 'KWT', 'name': None, 'portVisitEventId': '3c044ea25f895311b7ed1f7711a22b8c'}}","{'total_time_hours': 3.9829166666666667, 'total_distance_km': 11.114890730744403, 'average_speed_knots': 1.506825618512162, 'average_distance_from_shore_km': 40.054470739270876}"
2022-01-30T13:57:57Z,2022-01-31T23:57:55Z,82f6a72ff29e0f8e4e581b3e61b5913e,loitering,"{'lat': 25.6072, 'lon': 56.9638}","{'mpa': [], 'eez': ['8469'], 'rfmo': ['ACAP', 'IWC', 'IOTC', 'RECOFI'], 'fao': ['51', '51.3'], 'major_fao': ['51'], 'eez_12_nm': [], 'high_seas': [], 'mpa_no_take_partial': [], 'mpa_no_take': []}","[56.963995, 25.607251666666667, 56.963705, 25.607186666666667]","{'start_distance_from_shore_km': 40.0, 'end_distance_from_shore_km': 40.0, 'start_distance_from_port_km': 30.804834, 'end_distance_from_port_km': 30.804834}","{'id': '4a4b34946-61ed-1e96-17a8-532c39f91d25', 'name': 'SHABGOUN', 'ssvid': '422032300', 'flag': 'IRN', 'type': 'cargo', 'public_authorizations': [], 'nextPort': {'id': 'ind-kandla', 'flag': 'IND', 'name': None, 'portVisitEventId': '5b5e5e5c4005bdfe06a20ae09ab31733'}}","{'total_time_hours': 33.999486111111125, 'total_distance_km': 2.8172266527558483, 'average_speed_knots': 0.04474128500239859, 'average_distance_from_shore_km': 39.5548694351919}"
2022-02-02T19:52:00Z,2022-02-03T11:47:09Z,28f3b580530d617886142326e88ac97c,loitering,"{'lat': 25.6429, 'lon': 56.9512}","{'mpa': [], 'eez': ['8469'], 'rfmo': ['IWC', 'IOTC', 'RECOFI', 'ACAP'], 'fao': ['51', '51.3'], 'major_fao': ['51'], 'eez_12_nm': [], 'high_seas': [], 'mpa_no_take_partial': [], 'mpa_no_take': []}","[56.945345, 25.643243333333334, 56.957, 25.642613333333333]","{'start_distance_from_shore_km': 39.0, 'end_distance_from_shore_km': 38.0, 'start_distance_from_port_km': 29.258361, 'end_distance_from_port_km': 30.254371}","{'id': 'cf8ebb4b2-26a5-1c68-3198-35e8a5d46b08', 'name': 'WARTA', 'ssvid': '422040300', 'flag': 'IRN', 'type': 'cargo', 'public_authorizations': [], 'nextPort': {'id': 'ind-mumbai', 'flag': 'IND', 'name': None, 'portVisitEventId': 'a3702dfb029002e590deedc1538a549b'}}","{'total_time_hours': 15.919136111111113, 'total_distance_km': 2.932193412966004, 'average_speed_knots': 0.09945626265950336, 'average_distance_from_shore_km': 39.2159628756272}"
2022-02-04T16:59:09Z,2022-02-07T18:50:07Z,520189198b7cef5fd50d56c946bcf0a5,loitering,"{'lat': 25.6569, 'lon': 56.9498}","{'mpa': [], 'eez': ['8469'], 'rfmo': ['IOTC', 'ACAP', 'IWC', 'RECOFI'], 'fao': ['51', '51.3'], 'major_fao': ['51'], 'eez_12_nm': [], 'high_seas': [], 'mpa_no_take_partial': [], 'mpa_no_take': []}","[56.948155, 25.654686666666667, 56.951355, 25.65906]","{'start_distance_from_shore_km': 39.0, 'end_distance_from_shore_km': 38.0, 'start_distance_from_port_km': 29.151309, 'end_distance_from_port_km': 29.086398000000003}","{'id': '482bde7ab-b36b-c920-a232-f4f18782b27b', 'name': 'SHABDIS', 'ssvid': '422031200', 'flag': 'IRN', 'type': 'cargo', 'public_authorizations': [], 'nextPort': {'id': 'chn-zhuhai', 'flag': 'CHN', 'name': 'ZHUHAI', 'portVisitEventId': '751eac983ba81805fbfe8c498db3297f'}}","{'total_time_hours': 73.8493722222222, 'total_distance_km': 10.477021976674582, 'average_speed_knots': 0.07660375607848795, 'average_distance_from_shore_km': 38.17382389771323}"
2022-02-09T04:51:07Z,2022-02-09T05:54:07Z,99f7638346ea2b3e3beeefae2f05effb,loitering,"{'lat': 25.6386, 'lon': 56.7249}","{'mpa': [], 'eez': ['8360'], 'rfmo': ['IOTC', 'IWC', 'RECOFI', 'ACAP'], 'fao': ['51', '51.3'], 'major_fao': ['51'], 'eez_12_nm': [], 'high_seas': [], 'mpa_no_take_partial': [], 'mpa_no_take': []}","[56.72049333333333, 25.636905, 56.729398333333336, 25.640261666666667]","{'start_distance_from_shore_km': 38.0, 'end_distance_from_shore_km': 39.0, 'start_distance_from_port_km': 6.877198999999999, 'end_distance_from_port_km': 7.768946}","{'id': '20018c000-0c69-186b-75ea-a8fc7b73e813', 'name': 'BR VICTORY', 'ssvid': '356370000', 'flag': 'PAN', 'type': 'cargo', 'public_authorizations': [], 'nextPort': {'id': 'are-khorfakkan', 'flag': 'ARE', 'name': 'KHOR FAKKAN', 'portVisitEventId': '99616763e37c7cb0aaa8107bd6f40c30'}}","{'total_time_hours': 1.0500805555555555, 'total_distance_km': 1.2001517774742054, 'average_speed_knots': 0.6171241948993429, 'average_distance_from_shore_km': 38.3108639633685}"
2022-02-09T06:59:03Z,2022-02-09T16:56:31Z,74e8f5855701b74147d75d4a3f62ed95,loitering,"{'lat': 25.6729, 'lon': 56.778}","{'mpa': [], 'eez': ['8354'], 'rfmo': ['ACAP', 'IWC', 'IOTC', 'RECOFI'], 'fao': ['51.3', '51'], 'major_fao': ['51'], 'eez_12_nm': [], 'high_seas': [], 'mpa_no_take_partial': [], 'mpa_no_take': []}","[56.70902, 25.688391666666668, 56.84706, 25.657415]","{'start_distance_from_shore_km': 37.0, 'end_distance_from_shore_km': 47.0, 'start_distance_from_port_km': 5.481957, 'end_distance_from_port_km': 19.075115}","{'id': '20018c000-0c69-186b-75ea-a8fc7b73e813', 'name': 'BR VICTORY', 'ssvid': '356370000', 'flag': 'PAN', 'type': 'cargo', 'public_authorizations': [], 'nextPort': {'id': 'are-khorfakkan', 'flag': 'ARE', 'name': 'KHOR FAKKAN', 'portVisitEventId': '99616763e37c7cb0aaa8107bd6f40c30'}}","{'total_time_hours': 9.957775, 'total_distance_km': 17.811995414908456, 'average_speed_knots': 0.9658491086012663, 'average_distance_from_shore_km': 43.0689425020342}"
2022-02-09T18:58:03Z,2022-02-09T23:49:02Z,4939f25f480a16d7bf3b7ca05faa2f00,loitering,"{'lat': 25.7067, 'lon': 56.7799}","{'mpa': [], 'eez': ['8354'], 'rfmo': ['IWC', 'RECOFI', 'ACAP', 'IOTC'], 'fao': ['51.3', '51'], 'major_fao': ['51'], 'eez_12_nm': [], 'high_seas': [], 'mpa_no_take_partial': [], 'mpa_no_take': []}","[56.735506666666666, 25.700288333333333, 56.82428, 25.71314]","{'start_distance_from_shore_km': 39.0, 'end_distance_from_shore_km': 45.0, 'start_distance_from_port_km': 8.682979999999999, 'end_distance_from_port_km': 16.638099999999998}","{'id': '20018c000-0c69-186b-75ea-a8fc7b73e813', 'name': 'BR VICTORY', 'ssvid': '356370000', 'flag': 'PAN', 'type': 'cargo', 'public_authorizations': [], 'nextPort': {'id': 'are-khorfakkan', 'flag': 'ARE', 'name': 'KHOR FAKKAN', 'portVisitEventId': '99616763e37c7cb0aaa8107bd6f40c30'}}","{'total_time_hours': 4.849566666666666, 'total_distance_km': 9.273915249042748, 'average_speed_knots': 1.0325692948632688, 'average_distance_from_shore_km': 42.280458155228175}"
2022-02-14T17:47:26Z,2022-02-16T08:59:46Z,45281898862ce7de2aff588c0b6c1bc9,loitering,"{'lat': 25.6252, 'lon': 56.9609}","{'mpa': [], 'eez': ['8469'], 'rfmo': ['ACAP', 'IWC', 'IOTC', 'RECOFI'], 'fao': ['51.3', '51'], 'major_fao': ['51'], 'eez_12_nm': [], 'high_seas': [], 'mpa_no_take_partial': [], 'mpa_no_take': []}","[56.95976, 25.625875, 56.96206, 25.6245883333]","{'start_distance_from_shore_km': 39.0, 'end_distance_from_shore_km': 39.0, 'start_distance_from_port_km': 30.398318, 'end_distance_from_port_km': 30.582043000000002}","{'id': '6972e1b47-7230-d5cc-e208-75b229140f48', 'name': 'NESHAT', 'ssvid': '422035800', 'flag': 'IRN', 'type': 'cargo', 'public_authorizations': [], 'nextPort': {'id': 'ind-sikka', 'flag': 'IND', 'name': None, 'portVisitEventId': '6b3671fbae6f1ef64c634d84d0b368c2'}}","{'total_time_hours': 39.20533055555556, 'total_distance_km': 1.6740464470872756, 'average_speed_knots': 0.023055863975557474, 'average_distance_from_shore_km': 39.00000000000001}"
2022-02-17T21:58:05Z,2022-02-26T14:58:02Z,01ce83cc26842d38ad1fd0ad3d99437b,loitering,"{'lat': 25.7938, 'lon': 56.8962}","{'mpa': [], 'eez': ['8469'], 'rfmo': ['ACAP', 'IOTC', 'IWC', 'RECOFI'], 'fao': ['51', '51.3'], 'major_fao': ['51'], 'eez_12_nm': [], 'high_seas': [], 'mpa_no_take_partial': [], 'mpa_no_take': []}","[56.89118, 25.79248, 56.90124, 25.795181666666668]","{'start_distance_from_shore_km': 39.0, 'end_distance_from_shore_km': 38.0, 'start_distance_from_port_km': 26.624145000000002, 'end_distance_from_port_km': 28.051148}","{'id': 'ce6bc90bd-d4d8-4f76-8167-7247814aae38', 'name': 'CHEETAH-II', 'ssvid': '355804000', 'flag': 'PAN', 'type': 'cargo', 'public_authorizations': [], 'nextPort': {'id': 'are-fujairah', 'flag': 'ARE', 'name': 'FUJAIRAH', 'portVisitEventId': 'b91c097a8f9330abde7ae144479eb407'}}","{'total_time_hours': 208.99916944444442, 'total_distance_km': 12.596567581623075, 'average_speed_knots': 0.032543681316854096, 'average_distance_from_shore_km': 38.92850516959052}"
2022-02-24T10:56:35Z,2022-02-24T14:42:34Z,fcc2e3ccffc0b9262994948421b7e542,loitering,"{'lat': 25.4439, 'lon': 57.3026}","{'mpa': [], 'eez': ['8469'], 'rfmo': ['RECOFI', 'IWC', 'IOTC', 'ACAP'], 'fao': ['51.3', '51'], 'major_fao': ['51'], 'eez_12_nm': [], 'high_seas': [], 'mpa_no_take_partial': [], 'mpa_no_take': []}","[57.29638333333333, 25.44935, 57.3087983333, 25.4385433333]","{'start_distance_from_shore_km': 37.0, 'end_distance_from_shore_km': 38.0, 'start_distance_from_port_km': 41.190949, 'end_distance_from_port_km': 42.360977}","{'id': '5044948d9-924a-c405-569c-9543996721c4', 'name': 'AMETHYST', 'ssvid': '351739000', 'flag': 'PAN', 'type': 'cargo', 'public_authorizations': [], 'nextPort': {'id': None, 'flag': None, 'name': None, 'portVisitEventId': None}}","{'total_time_hours': 3.766388888888889, 'total_distance_km': 5.576645035644552, 'average_speed_knots': 0.7994786296064536, 'average_distance_from_shore_km': 37.12795909349158}"
2022-03-01T15:56:31Z,2022-03-02T03:57:56Z,901d014ad5bdf8fb8e28e46ee1a2fba9,loitering,"{'lat': 25.553, 'lon': 56.7973}","{'mpa': [], 'eez': ['8360'], 'rfmo': ['IWC', 'ACAP', 'RECOFI', 'IOTC'], 'fao': ['51.3', '51'], 'major_fao': ['51'], 'eez_12_nm': [], 'high_seas': [], 'mpa_no_take_partial': [], 'mpa_no_take': []}","[56.830223333333336, 25.50204, 56.76438, 25.603955]","{'start_distance_from_shore_km': 47.0, 'end_distance_from_shore_km': 41.0, 'start_distance_from_port_km': 23.12918, 'end_distance_from_port_km': 11.522758}","{'id': '903d28b4d-dd8d-3608-b91c-337b486454df', 'name': 'WADI BANI KHALID', 'ssvid': '538003252', 'flag': 'MHL', 'type': 'cargo', 'public_authorizations': [], 'nextPort': {'id': 'omn-sohar', 'flag': 'OMN', 'name': None, 'portVisitEventId': '7bd073fcc27d66f0e70c5751f6320b9b'}}","{'total_time_hours': 12.023616666666666, 'total_distance_km': 14.679373642720588, 'average_speed_knots': 0.6592215876966255, 'average_distance_from_shore_km': 43.2324133560821}"
2022-03-06T17:56:05Z,2022-03-07T05:55:03Z,4984f6870b7175f69b222f11c6ed53b7,loitering,"{'lat': 25.6702, 'lon': 56.9464}","{'mpa': [], 'eez': ['8469'], 'rfmo': ['IOTC', 'ACAP', 'IWC', 'RECOFI'], 'fao': ['51', '51.3'], 'major_fao': ['51'], 'eez_12_nm': [], 'high_seas': [], 'mpa_no_take_partial': [], 'mpa_no_take': []}","[56.946481666666664, 25.667656666666666, 56.946396666666665, 25.672816666666666]","{'start_distance_from_shore_km': 38.0, 'end_distance_from_shore_km': 38.0, 'start_distance_from_port_km': 29.06392, 'end_distance_from_port_km': 29.06392}","{'id': '627d6d061-1435-5c7e-a164-737665d87526', 'name': 'INTER SYDNEY', 'ssvid': '376908000', 'flag': 'VCT', 'type': 'cargo', 'public_authorizations': [], 'nextPort': {'id': 'are-khorfakkan', 'flag': 'ARE', 'name': 'KHOR FAKKAN', 'portVisitEventId': '73e312675489124982c89b7d5700b949'}}","{'total_time_hours': 11.982947222222224, 'total_distance_km': 2.1543953931456388, 'average_speed_knots': 0.09707799160671984, 'average_distance_from_shore_km': 38.08302242734038}"
2022-03-14T08:58:45Z,2022-03-14T10:56:26Z,258bed8f5f618a4baf914c5dc8b8b9fb,loitering,"{'lat': 25.5044, 'lon': 56.7992}","{'mpa': [], 'eez': ['8360'], 'rfmo': ['IOTC', 'RECOFI', 'IWC', 'ACAP'], 'fao': ['51', '51.3'], 'major_fao': ['51'], 'eez_12_nm': [], 'high_seas': [], 'mpa_no_take_partial': [], 'mpa_no_take': []}","[56.79886, 25.51536, 56.79951166666667, 25.493361666666665]","{'start_distance_from_shore_km': 44.0, 'end_distance_from_shore_km': 44.0, 'start_distance_from_port_km': 19.389706999999998, 'end_distance_from_port_km': 21.650629000000002}","{'id': 'c1a71fdb6-68d0-a4c9-51a7-ca604af96a95', 'name': 'OSHAIRIJ', 'ssvid': '466061000', 'flag': 'QAT', 'type': 'cargo', 'public_authorizations': [], 'nextPort': {'id': 'omn-sohar', 'flag': 'OMN', 'name': None, 'portVisitEventId': '181ab3028a70d2d5c2ddc1285a5f0b65'}}","{'total_time_hours': 1.9615027777777772, 'total_distance_km': 2.550591519981693, 'average_speed_knots': 0.7021194461987232, 'average_distance_from_shore_km': 44.00000000000001}"
2022-03-14T12:59:13Z,2022-03-14T19:56:27Z,d8a2d6e00bf4cf883ad672272b5f97a5,loitering,"{'lat': 25.5386, 'lon': 56.9105}","{'mpa': [], 'eez': ['8469'], 'rfmo': ['IOTC', 'ACAP', 'RECOFI', 'IWC'], 'fao': ['51.3', '51'], 'major_fao': ['51'], 'eez_12_nm': [], 'high_seas': [], 'mpa_no_take_partial': [], 'mpa_no_take': []}","[56.933218333333336, 25.532305, 56.887705, 25.544988333333333]","{'start_distance_from_shore_km': 47.0, 'end_distance_from_shore_km': 50.0, 'start_distance_from_port_km': 30.204141, 'end_distance_from_port_km': 26.067541000000002}","{'id': 'c1a71fdb6-68d0-a4c9-51a7-ca604af96a95', 'name': 'OSHAIRIJ', 'ssvid': '466061000', 'flag': 'QAT', 'type': 'cargo', 'public_authorizations': [], 'nextPort': {'id': 'omn-sohar', 'flag': 'OMN', 'name': None, 'portVisitEventId': '181ab3028a70d2d5c2ddc1285a5f0b65'}}","{'total_time_hours': 6.9539611111111155, 'total_distance_km': 6.568347488914194, 'average_speed_knots': 0.5100149191852255, 'average_distance_from_shore_km': 49.534757533480345}"
2022-03-14T15:59:45Z,2022-03-16T17:57:32Z,679ef8b683724848039a34b2ebe0516b,loitering,"{'lat': 25.7437, 'lon': 56.8928}","{'mpa': [], 'eez': ['8469'], 'rfmo': ['RECOFI', 'IOTC', 'IWC', 'ACAP'], 'fao': ['51', '51.3'], 'major_fao': ['51'], 'eez_12_nm': [], 'high_seas': [], 'mpa_no_take_partial': [], 'mpa_no_take': []}","[56.89176, 25.742406666666668, 56.893813333333334, 25.74493]","{'start_distance_from_shore_km': 41.0, 'end_distance_from_shore_km': 41.0, 'start_distance_from_port_km': 24.32298, 'end_distance_from_port_km': 24.32298}","{'id': '44c32ece2-23c8-7b11-34d5-2b249bfbad68', 'name': 'LAZORD A', 'ssvid': '352050000', 'flag': 'PAN', 'type': 'cargo', 'public_authorizations': [], 'nextPort': {'id': 'ind-jaigarh', 'flag': 'IND', 'name': None, 'portVisitEventId': 'c32031a9d096cd44e4458755959facef'}}","{'total_time_hours': 49.96305555555554, 'total_distance_km': 3.6172915631490916, 'average_speed_knots': 0.039092508812507185, 'average_distance_from_shore_km': 41.00000000000001}"
2022-03-18T09:51:50Z,2022-03-18T19:54:50Z,678172334cedd625e53d65c00dd60805,loitering,"{'lat': 25.5446, 'lon': 56.9553}","{'mpa': [], 'eez': ['8469'], 'rfmo': ['RECOFI', 'IOTC', 'ACAP', 'IWC'], 'fao': ['51', '51.3'], 'major_fao': ['51'], 'eez_12_nm': [], 'high_seas': [], 'mpa_no_take_partial': [], 'mpa_no_take': []}","[56.95420333333333, 25.54324, 56.95641833333333, 25.545976666666668]","{'start_distance_from_shore_km': 45.0, 'end_distance_from_shore_km': 44.0, 'start_distance_from_port_km': 31.708199, 'end_distance_from_port_km': 32.336762}","{'id': '11cde3c89-9830-9e99-1100-d99499a45695', 'name': 'GIORGOS B', 'ssvid': '538004056', 'flag': 'MHL', 'type': 'cargo', 'public_authorizations': [], 'nextPort': {'id': 'are-khalifa', 'flag': 'ARE', 'name': 'KHALIFA', 'portVisitEventId': '29348cb8386e5b080501046489b151e4'}}","{'total_time_hours': 10.050002777777777, 'total_distance_km': 1.9997368553993151, 'average_speed_knots': 0.1074399225621677, 'average_distance_from_shore_km': 44.62375940560922}"
2022-03-25T13:57:42Z,2022-03-27T18:59:58Z,569d02180462067be403248ecc72dba7,loitering,"{'lat': 25.4385, 'lon': 56.7882}","{'mpa': [], 'eez': ['8360'], 'rfmo': ['IWC', 'IOTC', 'RECOFI', 'ACAP'], 'fao': ['51.3', '51'], 'major_fao': ['51'], 'eez_12_nm': [], 'high_seas': [], 'mpa_no_take_partial': [], 'mpa_no_take': []}","[56.78567, 25.438463333333335, 56.790715, 25.438443333333332]","{'start_distance_from_shore_km': 43.0, 'end_distance_from_shore_km': 43.0, 'start_distance_from_port_km': 19.593148, 'end_distance_from_port_km': 19.593148}","{'id': 'd34fbca92-25d3-ad14-0718-654aa6e2de13', 'name': 'KYALAMI', 'ssvid': '636017895', 'flag': 'LBR', 'type': 'cargo', 'public_authorizations': [], 'nextPort': {'id': 'are-khorfakkan', 'flag': 'ARE', 'name': 'KHOR FAKKAN', 'portVisitEventId': '9cbcb58bb29db22d9c994e3c3ca9e37b'}}","{'total_time_hours': 53.03791666666665, 'total_distance_km': 4.644930623246727, 'average_speed_knots': 0.047288092165546435, 'average_distance_from_shore_km': 42.72227484949117}"
2022-03-27T20:20:11Z,2022-03-28T11:59:53Z,efd9b9fe36f428346351e330efdb5ed4,loitering,"{'lat': 25.5571, 'lon': 56.8592}","{'mpa': [], 'eez': ['8360'], 'rfmo': ['IOTC', 'ACAP', 'IWC', 'RECOFI'], 'fao': ['51.3', '51'], 'major_fao': ['51'], 'eez_12_nm': [], 'high_seas': [], 'mpa_no_take_partial': [], 'mpa_no_take': []}","[56.857398333333336, 25.556755, 56.86096666666667, 25.557485]","{'start_distance_from_shore_km': 49.0, 'end_distance_from_shore_km': 49.0, 'start_distance_from_port_km': 22.451904, 'end_distance_from_port_km': 22.451904}","{'id': 'd34fbca92-25d3-ad14-0718-654aa6e2de13', 'name': 'KYALAMI', 'ssvid': '636017895', 'flag': 'LBR', 'type': 'cargo', 'public_authorizations': [], 'nextPort': {'id': 'are-khorfakkan', 'flag': 'ARE', 'name': 'KHOR FAKKAN', 'portVisitEventId': '9cbcb58bb29db22d9c994e3c3ca9e37b'}}","{'total_time_hours': 15.661580555555556, 'total_distance_km': 1.214056986419994, 'average_speed_knots': 0.04185646060913646, 'average_distance_from_shore_km': 48.999999999999986}"
2022-03-28T13:54:00Z,2022-04-02T02:53:59Z,5b7180f0e74627c83875bf915e8b3854,loitering,"{'lat': 25.7117, 'lon': 56.9114}","{'mpa': [], 'eez': ['8469'], 'rfmo': ['IOTC', 'RECOFI', 'IWC', 'ACAP'], 'fao': ['51', '51.3'], 'major_fao': ['51'], 'eez_12_nm': [], 'high_seas': [], 'mpa_no_take_partial': [], 'mpa_no_take': []}","[56.91070666666667, 25.712055, 56.91202333333333, 25.71135]","{'start_distance_from_shore_km': 40.0, 'end_distance_from_shore_km': 40.0, 'start_distance_from_port_km': 25.442687999999997, 'end_distance_from_port_km': 25.442687999999997}","{'id': 'd34fbca92-25d3-ad14-0718-654aa6e2de13', 'name': 'KYALAMI', 'ssvid': '636017895', 'flag': 'LBR', 'type': 'cargo', 'public_authorizations': [], 'nextPort': {'id': 'are-khorfakkan', 'flag': 'ARE', 'name': 'KHOR FAKKAN', 'portVisitEventId': '9cbcb58bb29db22d9c994e3c3ca9e37b'}}","{'total_time_hours': 108.99990277777779, 'total_distance_km': 9.517153627386971, 'average_speed_knots': 0.04714547187365556, 'average_distance_from_shore_km': 39.99999999999999}"
2022-03-30T22:59:39Z,2022-03-31T03:57:13Z,16501c6852d35f1631f50031483a8779,loitering,"{'lat': 25.4437, 'lon': 56.7946}","{'mpa': [], 'eez': ['8360'], 'rfmo': ['RECOFI', 'IOTC', 'ACAP', 'IWC'], 'fao': ['51', '51.3'], 'major_fao': ['51'], 'eez_12_nm': [], 'high_seas': [], 'mpa_no_take_partial': [], 'mpa_no_take': []}","[56.796526666666665, 25.43471, 56.792633333333335, 25.45259666666667]","{'start_distance_from_shore_km': 44.0, 'end_distance_from_shore_km': 43.0, 'start_distance_from_port_km': 20.361871, 'end_distance_from_port_km': 19.874333999999998}","{'id': '14fda18f0-026d-4ac9-2f92-900e32950ca1', 'name': 'SOTIRIA', 'ssvid': '636016468', 'flag': 'LBR', 'type': 'cargo', 'public_authorizations': [], 'nextPort': {'id': 'egy-suezsouthanchorage', 'flag': 'EGY', 'name': 'SUEZ SOUTH ANCHORAGE', 'portVisitEventId': '5bccff0ad374525ea052820941e00050'}}","{'total_time_hours': 4.959274999999999, 'total_distance_km': 1.9837634465401157, 'average_speed_knots': 0.21598854054395253, 'average_distance_from_shore_km': 43.710855317975906}"
2022-04-03T00:56:32Z,2022-04-03T12:59:06Z,fe4e427b5855bed0a658e99c3527a30d,loitering,"{'lat': 25.5837, 'lon': 56.9583}","{'mpa': [], 'eez': ['8469'], 'rfmo': ['IWC', 'RECOFI', 'IOTC', 'ACAP'], 'fao': ['51.3', '51'], 'major_fao': ['51'], 'eez_12_nm': [], 'high_seas': [], 'mpa_no_take_partial': [], 'mpa_no_take': []}","[56.95518666666667, 25.60339, 56.96136, 25.564001666666666]","{'start_distance_from_shore_km': 40.0, 'end_distance_from_shore_km': 43.0, 'start_distance_from_port_km': 31.065852, 'end_distance_from_port_km': 32.047451}","{'id': 'eccafb5f0-0df9-b477-0e9b-d77f4b259fdc', 'name': 'PERLITA', 'ssvid': '312518000', 'flag': 'BLZ', 'type': 'bunker', 'public_authorizations': [], 'nextPort': {'id': 'ind-hazira', 'flag': 'IND', 'name': None, 'portVisitEventId': '0a4cf62f9692346271286801da388db0'}}","{'total_time_hours': 12.04293333333333, 'total_distance_km': 7.898956979966486, 'average_speed_knots': 0.3541575331760518, 'average_distance_from_shore_km': 40.04291360279938}"
2022-04-04T12:58:54Z,2022-04-05T20:59:47Z,08e7d9ae0a6b405e1b3e30af2ebac338,loitering,"{'lat': 25.7408, 'lon': 56.889}","{'mpa': [], 'eez': ['8469'], 'rfmo': ['IOTC', 'IWC', 'ACAP', 'RECOFI'], 'fao': ['51.3', '51'], 'major_fao': ['51'], 'eez_12_nm': [], 'high_seas': [], 'mpa_no_take_partial': [], 'mpa_no_take': []}","[56.889383333333335, 25.738911666666667, 56.888553333333334, 25.74273]","{'start_distance_from_shore_km': 41.0, 'end_distance_from_shore_km': 41.0, 'start_distance_from_port_km': 24.32298, 'end_distance_from_port_km': 24.32298}","{'id': 'd34fbca92-25d3-ad14-0718-654aa6e2de13', 'name': 'KYALAMI', 'ssvid': '636017895', 'flag': 'LBR', 'type': 'cargo', 'public_authorizations': [], 'nextPort': {'id': 'are-fujairah', 'flag': 'ARE', 'name': 'FUJAIRAH', 'portVisitEventId': '26665a2ba8eb19e151eb47012fc2c792'}}","{'total_time_hours': 32.01483888888892, 'total_distance_km': 2.0231543912526915, 'average_speed_knots': 0.034122176337965195, 'average_distance_from_shore_km': 40.99999999999996}"
2022-05-15T10:56:18Z,2022-05-15T19:59:09Z,c9d9cc1c4276d8a979e8b7639d113aa6,loitering,"{'lat': 25.4653, 'lon': 56.7908}","{'mpa': [], 'eez': ['8360'], 'rfmo': ['IOTC', 'IWC', 'RECOFI', 'ACAP'], 'fao': ['51', '51.3'], 'major_fao': ['51'], 'eez_12_nm': [], 'high_seas': [], 'mpa_no_take_partial': [], 'mpa_no_take': []}","[56.798831666666665, 25.433463333333332, 56.78270833333333, 25.497131666666668]","{'start_distance_from_shore_km': 44.0, 'end_distance_from_shore_km': 42.0, 'start_distance_from_port_km': 20.361871, 'end_distance_from_port_km': 19.467953}","{'id': 'ead312661-1a81-3a30-a458-9efcc9ddf981', 'name': 'ELPIDA', 'ssvid': '249975000', 'flag': 'MLT', 'type': 'cargo', 'public_authorizations': [], 'nextPort': {'id': 'omn-hassa', 'flag': 'OMN', 'name': None, 'portVisitEventId': 'c8a2b56ec6f68710abaf9397e489f38f'}}","{'total_time_hours': 9.047500000000005, 'total_distance_km': 9.304035713133814, 'average_speed_knots': 0.5552669116221746, 'average_distance_from_shore_km': 41.60196948342421}"
2022-05-16T23:56:02Z,2022-05-17T08:57:51Z,95296c65589c591d12070ebaccefed7b,loitering,"{'lat': 25.5449, 'lon': 56.9219}","{'mpa': [], 'eez': ['8469'], 'rfmo': ['IWC', 'IOTC', 'ACAP', 'RECOFI'], 'fao': ['51', '51.3'], 'major_fao': ['51'], 'eez_12_nm': [], 'high_seas': [], 'mpa_no_take_partial': [], 'mpa_no_take': []}","[56.92125, 25.609881666666666, 56.92250666666666, 25.479838333333333]","{'start_distance_from_shore_km': 43.0, 'end_distance_from_shore_km': 52.0, 'start_distance_from_port_km': 26.904205, 'end_distance_from_port_km': 31.80918}","{'id': 'b16b60a52-261f-a253-b6d6-d4106b12d6c4', 'name': 'KEREM BEY', 'ssvid': '352310000', 'flag': 'PAN', 'type': 'cargo', 'public_authorizations': [], 'nextPort': {'id': 'are-fujairah', 'flag': 'ARE', 'name': 'FUJAIRAH', 'portVisitEventId': '6e4d6f9f34971eb8965a0d560d052a74'}}","{'total_time_hours': 9.030413888888893, 'total_distance_km': 15.359866604037279, 'average_speed_knots': 0.9184146568549747, 'average_distance_from_shore_km': 47.77545800139364}"
2022-05-19T02:57:51Z,2022-05-19T03:58:29Z,429fe87689f9868b5d4ad7ed1f609512,loitering,"{'lat': 25.7634, 'lon': 56.8159}","{'mpa': [], 'eez': ['8354'], 'rfmo': ['IWC', 'ACAP', 'RECOFI', 'IOTC'], 'fao': ['51.3', '51'], 'major_fao': ['51'], 'eez_12_nm': [], 'high_seas': [], 'mpa_no_take_partial': [], 'mpa_no_take': []}","[56.81244, 25.76925333333333, 56.81941, 25.757525]","{'start_distance_from_shore_km': 41.0, 'end_distance_from_shore_km': 42.0, 'start_distance_from_port_km': 18.693482, 'end_distance_from_port_km': 18.896729999999998}","{'id': '372f07e7b-bd83-d235-6e8f-7162b8bfd9f8', 'name': 'MT AARVI', 'ssvid': '626192000', 'flag': 'GAB', 'type': 'cargo', 'public_authorizations': [], 'nextPort': {'id': 'are-khorfakkan', 'flag': 'ARE', 'name': 'KHOR FAKKAN', 'portVisitEventId': 'dd9d6c4df38fec851ee8f9ae5708bba1'}}","{'total_time_hours': 1.0105250000000001, 'total_distance_km': 2.112475893032688, 'average_speed_knots': 1.128765473965716, 'average_distance_from_shore_km': 41.959693247649504}"
2022-05-19T04:59:20Z,2022-05-19T19:58:42Z,0a9921f5e16c7347caf299dcf43c2e0b,loitering,"{'lat': 25.7811, 'lon': 56.8615}","{'mpa': [], 'eez': ['8469'], 'rfmo': ['RECOFI', 'IWC', 'ACAP', 'IOTC'], 'fao': ['51.3', '51'], 'major_fao': ['51'], 'eez_12_nm': [], 'high_seas': [], 'mpa_no_take_partial': [], 'mpa_no_take': []}","[56.82510166666667, 25.705055, 56.89787666666667, 25.857166666666668]","{'start_distance_from_shore_km': 45.0, 'end_distance_from_shore_km': 34.0, 'start_distance_from_port_km': 17.605705, 'end_distance_from_port_km': 31.999521}","{'id': '372f07e7b-bd83-d235-6e8f-7162b8bfd9f8', 'name': 'MT AARVI', 'ssvid': '626192000', 'flag': 'GAB', 'type': 'cargo', 'public_authorizations': [], 'nextPort': {'id': 'are-khorfakkan', 'flag': 'ARE', 'name': 'KHOR FAKKAN', 'portVisitEventId': 'dd9d6c4df38fec851ee8f9ae5708bba1'}}","{'total_time_hours': 14.989383333333329, 'total_distance_km': 21.490067999881425, 'average_speed_knots': 0.7741284724807743, 'average_distance_from_shore_km': 42.28738925240774}"
2022-05-21T07:58:01Z,2022-05-21T11:58:30Z,9d779c600bd053431f18a0872ca31fc3,loitering,"{'lat': 25.6904, 'lon': 56.7553}","{'mpa': [], 'eez': ['8354'], 'rfmo': ['ACAP', 'IWC', 'RECOFI', 'IOTC'], 'fao': ['51.3', '51'], 'major_fao': ['51'], 'eez_12_nm': [], 'high_seas': [], 'mpa_no_take_partial': [], 'mpa_no_take': []}","[56.74535, 25.695176666666665, 56.76517, 25.685583333333334]","{'start_distance_from_shore_km': 40.0, 'end_distance_from_shore_km': 42.0, 'start_distance_from_port_km': 9.615866, 'end_distance_from_port_km': 11.245415000000001}","{'id': 'ac6b8c0d2-2bf6-a0c1-2576-79309b216b9f', 'name': 'YM WELCOME', 'ssvid': '477430100', 'flag': 'HKG', 'type': 'cargo', 'public_authorizations': [], 'nextPort': {'id': 'omn-sohar', 'flag': 'OMN', 'name': None, 'portVisitEventId': 'eec3b05ad0592e020efec7b22a8ce98a'}}","{'total_time_hours': 4.007994444444445, 'total_distance_km': 6.171508460643874, 'average_speed_knots': 0.8314252993858932, 'average_distance_from_shore_km': 41.33762235808244}"
2022-05-31T00:58:29Z,2022-05-31T08:58:24Z,280b9adcba08579b68f3b2cfd990d2a2,loitering,"{'lat': 25.7001, 'lon': 56.921}","{'mpa': [], 'eez': ['8469'], 'rfmo': ['IOTC', 'ACAP', 'RECOFI', 'IWC'], 'fao': ['51', '51.3'], 'major_fao': ['51'], 'eez_12_nm': [], 'high_seas': [], 'mpa_no_take_partial': [], 'mpa_no_take': []}","[56.91578833333333, 25.695306666666667, 56.92612833333333, 25.704875]","{'start_distance_from_shore_km': 39.0, 'end_distance_from_shore_km': 38.0, 'start_distance_from_port_km': 26.266713, 'end_distance_from_port_km': 27.260973000000003}","{'id': '8f6e2cdb5-5f06-5ba9-a9f2-e5c8071e8a04', 'name': 'ALI M', 'ssvid': '518100369', 'flag': 'COK', 'type': 'cargo', 'public_authorizations': [], 'nextPort': {'id': 'tha-laemchabang', 'flag': 'THA', 'name': None, 'portVisitEventId': '0e104b6d40eaad0673e81ad06678c25a'}}","{'total_time_hours': 7.9988027777777795, 'total_distance_km': 1.7835447618091729, 'average_speed_knots': 0.12039765889492665, 'average_distance_from_shore_km': 38.192911810963174}"
2022-05-31T12:55:23Z,2022-06-01T08:34:16Z,efdd4e34b5d9fc3122a4db9c89127337,loitering,"{'lat': 25.453, 'lon': 56.9357}","{'mpa': [], 'eez': ['8469'], 'rfmo': ['IWC', 'ACAP', 'RECOFI', 'IOTC'], 'fao': ['51.3', '51'], 'major_fao': ['51'], 'eez_12_nm': [], 'high_seas': [], 'mpa_no_take_partial': [], 'mpa_no_take': []}","[56.97356666666666, 25.37365, 56.89788333333333, 25.532433333333334]","{'start_distance_from_shore_km': 57.0, 'end_distance_from_shore_km': 50.0, 'start_distance_from_port_km': 37.174355000000006, 'end_distance_from_port_km': 27.428956999999997}","{'id': '7c33909c3-3a79-83e7-ecca-ba04fb616458', 'name': 'ELEGANT ACE', 'ssvid': '352980796', 'flag': 'PAN', 'type': 'cargo', 'public_authorizations': [], 'nextPort': {'id': 'are-jebelali', 'flag': 'ARE', 'name': 'JEBEL ALI', 'portVisitEventId': '132374279fd91ff8476b14c6b52935dd'}}","{'total_time_hours': 19.64831666666667, 'total_distance_km': 20.752451343635876, 'average_speed_knots': 0.5702996079246854, 'average_distance_from_shore_km': 51.55519608575355}"
2022-06-01T10:31:46Z,2022-06-03T03:58:02Z,60dc5f5b709477f7be2eb6ee1bcac4ec,loitering,"{'lat': 25.4063, 'lon': 56.8667}","{'mpa': [], 'eez': ['8360'], 'rfmo': ['IOTC', 'IWC', 'RECOFI', 'ACAP'], 'fao': ['51.3', '51'], 'major_fao': ['51'], 'eez_12_nm': [], 'high_seas': [], 'mpa_no_take_partial': [], 'mpa_no_take': []}","[56.94845, 25.3786, 56.784933333333335, 25.434033333333332]","{'start_distance_from_shore_km': 56.0, 'end_distance_from_shore_km': 42.0, 'start_distance_from_port_km': 35.162023, 'end_distance_from_port_km': 18.383281}","{'id': '7c33909c3-3a79-83e7-ecca-ba04fb616458', 'name': 'ELEGANT ACE', 'ssvid': '352980796', 'flag': 'PAN', 'type': 'cargo', 'public_authorizations': [], 'nextPort': {'id': 'are-jebelali', 'flag': 'ARE', 'name': 'JEBEL ALI', 'portVisitEventId': '132374279fd91ff8476b14c6b52935dd'}}","{'total_time_hours': 41.437863888888884, 'total_distance_km': 46.95400802846787, 'average_speed_knots': 0.6118350152524165, 'average_distance_from_shore_km': 45.08709520568449}"
2022-06-05T11:59:16Z,2022-06-05T14:57:39Z,03b370eccdea0d24f2ee40f15b0dc6fe,loitering,"{'lat': 26.0605, 'lon': 55.659}","{'mpa': [], 'eez': ['48947'], 'rfmo': ['ACAP', 'IWC', 'RECOFI', 'IOTC'], 'fao': ['51', '51.2'], 'major_fao': ['51'], 'eez_12_nm': [], 'high_seas': [], 'mpa_no_take_partial': [], 'mpa_no_take': []}","[55.68628833333333, 26.083478333333332, 55.63180166666667, 26.037568333333333]","{'start_distance_from_shore_km': 38.0, 'end_distance_from_shore_km': 38.0, 'start_distance_from_port_km': 14.126370000000001, 'end_distance_from_port_km': 19.015729999999998}","{'id': 'e53ccac8a-a117-28f5-1faf-86e2982d943b', 'name': 'OOCL ASIA', 'ssvid': '477105600', 'flag': 'HKG', 'type': 'cargo', 'public_authorizations': [], 'nextPort': {'id': 'are-jebelali', 'flag': 'ARE', 'name': 'JEBEL ALI', 'portVisitEventId': '93ff96148078cf3a304c9ee0d0b3c71c'}}","{'total_time_hours': 2.9730527777777773, 'total_distance_km': 7.435787144882771, 'average_speed_knots': 1.3504650465469021, 'average_distance_from_shore_km': 38.31080529531153}"
2022-06-05T12:43:44Z,2022-06-05T23:59:33Z,51ed916129792851867d2dd810f76461,loitering,"{'lat': 25.4473, 'lon': 56.7392}","{'mpa': [], 'eez': ['8360'], 'rfmo': ['IOTC', 'IWC', 'ACAP', 'RECOFI'], 'fao': ['51.3', '51'], 'major_fao': ['51'], 'eez_12_nm': [], 'high_seas': [], 'mpa_no_take_partial': [], 'mpa_no_take': []}","[56.76790333333334, 25.38418, 56.710588333333334, 25.510348333333333]","{'start_distance_from_shore_km': 40.0, 'end_distance_from_shore_km': 35.0, 'start_distance_from_port_km': 17.078699, 'end_distance_from_port_km': 14.637812}","{'id': 'cc61d66e1-1bb0-5137-262e-65ff69b10e71', 'name': 'APNOIA', 'ssvid': '215282000', 'flag': 'MLT', 'type': 'bunker', 'public_authorizations': [], 'nextPort': {'id': 'are-khorfakkan', 'flag': 'ARE', 'name': 'KHOR FAKKAN', 'portVisitEventId': '2f5753d7e0664d5224051f345ac2dd1e'}}","{'total_time_hours': 11.263611111111114, 'total_distance_km': 15.417703608511303, 'average_speed_knots': 0.739096358615165, 'average_distance_from_shore_km': 37.663127856641914}"
2022-06-09T19:57:28Z,2022-06-24T10:56:26Z,6a1afdad1963189d67a3703a7faf65ff,loitering,"{'lat': 25.6682, 'lon': 56.8874}","{'mpa': [], 'eez': ['8469'], 'rfmo': ['IOTC', 'ACAP', 'IWC', 'RECOFI'], 'fao': ['51.3', '51'], 'major_fao': ['51'], 'eez_12_nm': [], 'high_seas': [], 'mpa_no_take_partial': [], 'mpa_no_take': []}","[56.88591, 25.66203, 56.88894, 25.674408333333332]","{'start_distance_from_shore_km': 44.0, 'end_distance_from_shore_km': 43.0, 'start_distance_from_port_km': 23.078465, 'end_distance_from_port_km': 23.050695}","{'id': 'c880f29dd-d866-fe78-99ac-64fe90a7081c', 'name': 'NAMMA EXPRESS', 'ssvid': '626204000', 'flag': 'GAB', 'type': 'cargo', 'public_authorizations': [], 'nextPort': {'id': None, 'flag': None, 'name': None, 'portVisitEventId': None}}","{'total_time_hours': 350.9827111111112, 'total_distance_km': 21.853229479676262, 'average_speed_knots': 0.03361931958892099, 'average_distance_from_shore_km': 41.00280014159027}"
2022-06-10T15:59:28Z,2022-06-11T04:59:30Z,1ef062cba3b78c6536616ff1885bed3e,loitering,"{'lat': 25.4327, 'lon': 56.8081}","{'mpa': [], 'eez': ['8360'], 'rfmo': ['IWC', 'ACAP', 'RECOFI', 'IOTC'], 'fao': ['51', '51.3'], 'major_fao': ['51'], 'eez_12_nm': [], 'high_seas': [], 'mpa_no_take_partial': [], 'mpa_no_take': []}","[56.86188, 25.32089, 56.75427833333333, 25.544423333333334]","{'start_distance_from_shore_km': 49.0, 'end_distance_from_shore_km': 39.0, 'start_distance_from_port_km': 26.712903999999998, 'end_distance_from_port_km': 14.168108}","{'id': 'b6c944e78-8c1c-7ec6-0a29-69c78d39678e', 'name': 'XIANG TIGER', 'ssvid': '538007117', 'flag': 'MHL', 'type': 'cargo', 'public_authorizations': [], 'nextPort': {'id': 'omn-sohar', 'flag': 'OMN', 'name': None, 'portVisitEventId': '9e8001e3df6c9264be4e0be20740edb3'}}","{'total_time_hours': 13.000486111111108, 'total_distance_km': 28.966362586955213, 'average_speed_knots': 1.2030769016263385, 'average_distance_from_shore_km': 47.35870123763519}"
2022-06-15T21:59:00Z,2022-06-18T03:53:44Z,393a5ab7f46e5b139e04717d31b76399,loitering,"{'lat': 25.7144, 'lon': 56.9307}","{'mpa': [], 'eez': ['8469'], 'rfmo': ['IOTC', 'ACAP', 'IWC', 'RECOFI'], 'fao': ['51', '51.3'], 'major_fao': ['51'], 'eez_12_nm': [], 'high_seas': [], 'mpa_no_take_partial': [], 'mpa_no_take': []}","[56.931205, 25.714498333333335, 56.930256666666665, 25.71429]","{'start_distance_from_shore_km': 38.0, 'end_distance_from_shore_km': 38.0, 'start_distance_from_port_km': 27.418136999999998, 'end_distance_from_port_km': 27.418136999999998}","{'id': '26164b150-0920-01cd-0058-7b43cc323ef1', 'name': 'QUEEN LUCA', 'ssvid': '351056000', 'flag': 'PAN', 'type': 'cargo', 'public_authorizations': [], 'nextPort': {'id': 'lka-colombo', 'flag': 'LKA', 'name': 'COLOMBO', 'portVisitEventId': '99a13d639ef2fff35d62b3a1fd67af00'}}","{'total_time_hours': 53.91199444444443, 'total_distance_km': 1.947350771401529, 'average_speed_knots': 0.01950373583037348, 'average_distance_from_shore_km': 38.000000000000014}"
2022-06-16T04:55:08Z,2022-06-27T13:58:01Z,99ce76ac10c5b1ca2d7d1501309e0e78,loitering,"{'lat': 25.635, 'lon': 56.7211}","{'mpa': [], 'eez': ['8360'], 'rfmo': ['IWC', 'ACAP', 'IOTC', 'RECOFI'], 'fao': ['51', '51.3'], 'major_fao': ['51'], 'eez_12_nm': [], 'high_seas': [], 'mpa_no_take_partial': [], 'mpa_no_take': []}","[56.72020333333333, 25.633898333333335, 56.722031666666666, 25.636013333333334]","{'start_distance_from_shore_km': 38.0, 'end_distance_from_shore_km': 38.0, 'start_distance_from_port_km': 7.017782, 'end_distance_from_port_km': 6.877198999999999}","{'id': '1ea8ebbd3-31e1-6dea-1b9b-c25c9f09b608', 'name': 'THAI BINH 12', 'ssvid': '574460000', 'flag': 'VNM', 'type': 'cargo', 'public_authorizations': [], 'nextPort': {'id': 'ind-sikka', 'flag': 'IND', 'name': None, 'portVisitEventId': '6b325b8dbb0b74d8320abaf7c3c3ed66'}}","{'total_time_hours': 273.0481749999999, 'total_distance_km': 29.367401547313104, 'average_speed_knots': 0.05807447079727912, 'average_distance_from_shore_km': 38.00000000000003}"
2022-06-23T02:54:29Z,2022-06-24T22:58:53Z,78e9efdd05f396b572aacbc06339cc58,loitering,"{'lat': 25.715, 'lon': 56.9333}","{'mpa': [], 'eez': ['8469'], 'rfmo': ['IWC', 'IOTC', 'ACAP', 'RECOFI'], 'fao': ['51.3', '51'], 'major_fao': ['51'], 'eez_12_nm': [], 'high_seas': [], 'mpa_no_take_partial': [], 'mpa_no_take': []}","[56.93024666666667, 25.713728333333332, 56.93625333333333, 25.716345]","{'start_distance_from_shore_km': 38.0, 'end_distance_from_shore_km': 37.0, 'start_distance_from_port_km': 27.418136999999998, 'end_distance_from_port_km': 28.6014}","{'id': '4ade50e7a-aef8-ab19-b6b2-518af3d74aad', 'name': 'DAISY', 'ssvid': '422905000', 'flag': 'IRN', 'type': 'cargo', 'public_authorizations': [], 'nextPort': {'id': 'egy-suezsouthanchorage', 'flag': 'EGY', 'name': 'SUEZ SOUTH ANCHORAGE', 'portVisitEventId': '329b4bb3a7042f8e829c0f248b43a79f'}}","{'total_time_hours': 44.07317222222221, 'total_distance_km': 4.383024154236762, 'average_speed_knots': 0.053698056946253084, 'average_distance_from_shore_km': 37.999389638945836}"
2022-06-30T16:58:52Z,2022-06-30T23:59:51Z,e6ed339295f57d15a24745b1b27ad24d,loitering,"{'lat': 25.7329, 'lon': 56.9227}","{'mpa': [], 'eez': ['8469'], 'rfmo': ['IWC', 'IOTC', 'ACAP', 'RECOFI'], 'fao': ['51.3', '51'], 'major_fao': ['51'], 'eez_12_nm': [], 'high_seas': [], 'mpa_no_take_partial': [], 'mpa_no_take': []}","[56.92061666666667, 25.73068333333333, 56.92471666666667, 25.73505]","{'start_distance_from_shore_km': 38.0, 'end_distance_from_shore_km': 38.0, 'start_distance_from_port_km': 26.8915, 'end_distance_from_port_km': 27.187669999999997}","{'id': 'e094e5d2f-f049-765f-60f7-2a554106f4f6', 'name': 'PACIFIC 01', 'ssvid': '574002840', 'flag': 'VNM', 'type': 'cargo', 'public_authorizations': [], 'nextPort': {'id': None, 'flag': None, 'name': None, 'portVisitEventId': None}}","{'total_time_hours': 7.0162916666666675, 'total_distance_km': 1.2839628461020245, 'average_speed_knots': 0.09881066909331195, 'average_distance_from_shore_km': 37.08401970640514}"
2022-07-02T22:57:07Z,2022-07-03T00:59:26Z,759ccef815370f1c99ec496050caa733,loitering,"{'lat': 25.4727, 'lon': 56.7546}","{'mpa': [], 'eez': ['8360'], 'rfmo': ['ACAP', 'IOTC', 'IWC', 'RECOFI'], 'fao': ['51.3', '51'], 'major_fao': ['51'], 'eez_12_nm': [], 'high_seas': [], 'mpa_no_take_partial': [], 'mpa_no_take': []}","[56.7517, 25.468178333333334, 56.75754166666667, 25.477318333333333]","{'start_distance_from_shore_km': 39.0, 'end_distance_from_shore_km': 40.0, 'start_distance_from_port_km': 16.954826, 'end_distance_from_port_km': 18.364377}","{'id': 'f95ea34a9-91a1-9c2e-ee75-d136f8b63fb0', 'name': 'ANNA-ELISABETH', 'ssvid': '636092328', 'flag': 'LBR', 'type': 'cargo', 'public_authorizations': [], 'nextPort': {'id': 'are-minasaqr', 'flag': 'ARE', 'name': 'MINA SAQR', 'portVisitEventId': 'be720aa28adcec2a850103006095f338'}}","{'total_time_hours': 2.0387416666666662, 'total_distance_km': 1.395084377462183, 'average_speed_knots': 0.3694854102026161, 'average_distance_from_shore_km': 39.919206122876396}"
2022-07-10T03:56:43Z,2022-07-10T05:57:53Z,65cc9728ce3c68b3eec516274fdcfcd7,loitering,"{'lat': 25.4302, 'lon': 56.8177}","{'mpa': [], 'eez': ['8360'], 'rfmo': ['IWC', 'IOTC', 'RECOFI', 'ACAP'], 'fao': ['51', '51.3'], 'major_fao': ['51'], 'eez_12_nm': [], 'high_seas': [], 'mpa_no_take_partial': [], 'mpa_no_take': []}","[56.82295, 25.435833333333335, 56.81251666666667, 25.4245]","{'start_distance_from_shore_km': 46.0, 'end_distance_from_shore_km': 45.0, 'start_distance_from_port_km': 22.537761999999997, 'end_distance_from_port_km': 21.208891}","{'id': 'dfb0d112a-a00f-3def-07ab-ffbab2914971', 'name': 'VELA GAS', 'ssvid': '372406000', 'flag': 'PAN', 'type': 'cargo', 'public_authorizations': [], 'nextPort': {'id': 'chn-quanzhou', 'flag': 'CHN', 'name': 'QUANZHOU', 'portVisitEventId': '6b43087d7cf8ba19efd42310177acf9c'}}","{'total_time_hours': 2.0194027777777777, 'total_distance_km': 1.6834524555972927, 'average_speed_knots': 0.4501289275705013, 'average_distance_from_shore_km': 45.673573301473}"
2022-07-10T12:59:23Z,2022-07-11T13:57:02Z,0636daaf7524f3f02c039c0a179b5cb3,loitering,"{'lat': 25.7081, 'lon': 56.9124}","{'mpa': [], 'eez': ['8469'], 'rfmo': ['IWC', 'IOTC', 'RECOFI', 'ACAP'], 'fao': ['51.3', '51'], 'major_fao': ['51'], 'eez_12_nm': [], 'high_seas': [], 'mpa_no_take_partial': [], 'mpa_no_take': []}","[56.91228666666667, 25.708361666666665, 56.91245333333333, 25.707915]","{'start_distance_from_shore_km': 40.0, 'end_distance_from_shore_km': 40.0, 'start_distance_from_port_km': 25.442687999999997, 'end_distance_from_port_km': 25.442687999999997}","{'id': 'eccafb5f0-0df9-b477-0e9b-d77f4b259fdc', 'name': 'PERLITA', 'ssvid': '312518000', 'flag': 'BLZ', 'type': 'bunker', 'public_authorizations': [], 'nextPort': {'id': 'are-fujairah', 'flag': 'ARE', 'name': 'FUJAIRAH', 'portVisitEventId': '8c1d6c8177f7a51d46bfbf23e88fe602'}}","{'total_time_hours': 24.96079722222222, 'total_distance_km': 4.743408230655015, 'average_speed_knots': 0.10261032622106403, 'average_distance_from_shore_km': 40.0}"
2022-07-11T04:54:32Z,2022-07-12T10:56:37Z,02fbea4208651309cc2ea45e413fc1ce,loitering,"{'lat': 25.4771, 'lon': 56.8475}","{'mpa': [], 'eez': ['8360'], 'rfmo': ['ACAP', 'IWC', 'IOTC', 'RECOFI'], 'fao': ['51.3', '51'], 'major_fao': ['51'], 'eez_12_nm': [], 'high_seas': [], 'mpa_no_take_partial': [], 'mpa_no_take': []}","[56.84298, 25.363893333333333, 56.85203833333333, 25.590378333333334]","{'start_distance_from_shore_km': 47.0, 'end_distance_from_shore_km': 49.0, 'start_distance_from_port_km': 24.139721, 'end_distance_from_port_km': 20.541475}","{'id': '3c81b7a7c-c3f3-5d02-cb56-ad8e2433dbdb', 'name': 'KATE', 'ssvid': '538004299', 'flag': 'MHL', 'type': 'cargo', 'public_authorizations': [], 'nextPort': {'id': 'aus-porthedland', 'flag': 'AUS', 'name': None, 'portVisitEventId': 'b036dbd71217b6934673239f0d8cd500'}}","{'total_time_hours': 30.034750000000003, 'total_distance_km': 36.70137790146816, 'average_speed_knots': 0.6598076792414546, 'average_distance_from_shore_km': 47.898384764945}"
2022-07-12T12:57:23Z,2022-07-13T11:59:43Z,5efc6887ea99741ad19a0452cfbc7c21,loitering,"{'lat': 25.4909, 'lon': 56.9619}","{'mpa': [], 'eez': ['8469'], 'rfmo': ['IWC', 'RECOFI', 'ACAP', 'IOTC'], 'fao': ['51', '51.3'], 'major_fao': ['51'], 'eez_12_nm': [], 'high_seas': [], 'mpa_no_take_partial': [], 'mpa_no_take': []}","[56.94151333333333, 25.435523333333332, 56.982225, 25.546336666666665]","{'start_distance_from_shore_km': 54.0, 'end_distance_from_shore_km': 42.0, 'start_distance_from_port_km': 34.434531, 'end_distance_from_port_km': 34.26957}","{'id': '3c81b7a7c-c3f3-5d02-cb56-ad8e2433dbdb', 'name': 'KATE', 'ssvid': '538004299', 'flag': 'MHL', 'type': 'cargo', 'public_authorizations': [], 'nextPort': {'id': 'aus-porthedland', 'flag': 'AUS', 'name': None, 'portVisitEventId': 'b036dbd71217b6934673239f0d8cd500'}}","{'total_time_hours': 23.03888333333333, 'total_distance_km': 25.602134628256216, 'average_speed_knots': 0.6000311115563175, 'average_distance_from_shore_km': 45.629537352528686}"
2022-07-16T12:58:05Z,2022-07-16T23:59:20Z,ca95cec15abb61fc536cb39a0b777bda,loitering,"{'lat': 25.47, 'lon': 56.7328}","{'mpa': [], 'eez': ['8360'], 'rfmo': ['IOTC', 'IWC', 'ACAP', 'RECOFI'], 'fao': ['51.3', '51'], 'major_fao': ['51'], 'eez_12_nm': [], 'high_seas': [], 'mpa_no_take_partial': [], 'mpa_no_take': []}","[56.74588333333333, 25.37395, 56.71965, 25.566033333333333]","{'start_distance_from_shore_km': 38.0, 'end_distance_from_shore_km': 36.0, 'start_distance_from_port_km': 15.070688, 'end_distance_from_port_km': 9.684292}","{'id': '4e5c4097f-f66e-b6d4-d8a1-eacf3b04698b', 'name': 'MERMAID', 'ssvid': '341269000', 'flag': 'KNA', 'type': 'cargo', 'public_authorizations': [], 'nextPort': {'id': 'are-fujairah', 'flag': 'ARE', 'name': 'FUJAIRAH', 'portVisitEventId': '0411369926a50599bc48085f8b20cb74'}}","{'total_time_hours': 11.021047222222226, 'total_distance_km': 21.897575048764768, 'average_speed_knots': 1.0728331335811803, 'average_distance_from_shore_km': 37.629546295659466}"
2022-07-21T16:18:41Z,2022-07-23T17:56:05Z,87fd4aa842e5c26e67accc6702412662,loitering,"{'lat': 26.1064, 'lon': 55.6609}","{'mpa': [], 'eez': ['48947'], 'rfmo': ['IOTC', 'IWC', 'RECOFI', 'ACAP'], 'fao': ['51', '51.2'], 'major_fao': ['51'], 'eez_12_nm': [], 'high_seas': [], 'mpa_no_take_partial': [], 'mpa_no_take': []}","[55.575325, 25.97830666666667, 55.74644166666667, 26.234426666666668]","{'start_distance_from_shore_km': 36.0, 'end_distance_from_shore_km': 38.0, 'start_distance_from_port_km': 24.620843999999998, 'end_distance_from_port_km': 23.311078000000002}","{'id': '0d4c037f2-2d17-92f0-3379-19d2d4dbe439', 'name': 'KRAKUS', 'ssvid': '374390000', 'flag': 'PAN', 'type': 'cargo', 'public_authorizations': [], 'nextPort': {'id': 'are-khorfakkan', 'flag': 'ARE', 'name': 'KHOR FAKKAN', 'portVisitEventId': '3bef404222f8a6dfa01e3582dd5d010a'}}","{'total_time_hours': 49.62323611111114, 'total_distance_km': 32.96144718668761, 'average_speed_knots': 0.35865773889368324, 'average_distance_from_shore_km': 37.452897991971135}"
2022-08-02T21:55:39Z,2022-08-02T23:52:29Z,b82f94edbda4ef48fff5e2d1b30b96af,loitering,"{'lat': 25.7798, 'lon': 56.839}","{'mpa': [], 'eez': ['8354'], 'rfmo': ['IWC', 'RECOFI', 'IOTC', 'ACAP'], 'fao': ['51.3', '51'], 'major_fao': ['51'], 'eez_12_nm': [], 'high_seas': [], 'mpa_no_take_partial': [], 'mpa_no_take': []}","[56.83920833333333, 25.788063333333334, 56.838748333333335, 25.77161]","{'start_distance_from_shore_km': 41.0, 'end_distance_from_shore_km': 42.0, 'start_distance_from_port_km': 22.430958999999998, 'end_distance_from_port_km': 21.184893}","{'id': '938bed9d1-1031-cf15-a69e-8f032ceab76c', 'name': 'RED RUBY', 'ssvid': '355311000', 'flag': 'PAN', 'type': 'cargo', 'public_authorizations': [], 'nextPort': {'id': 'are-fujairah', 'flag': 'ARE', 'name': 'FUJAIRAH', 'portVisitEventId': '8a1f9342724466444e1e33d20a06580b'}}","{'total_time_hours': 1.9473861111111106, 'total_distance_km': 1.8323651618874282, 'average_speed_knots': 0.5080646462102213, 'average_distance_from_shore_km': 41.78125378992515}"
2022-08-03T06:56:11Z,2022-08-04T12:59:50Z,40839f1d4cd8f5fe285f41e9ba5f62f7,loitering,"{'lat': 25.4398, 'lon': 56.7984}","{'mpa': [], 'eez': ['8360'], 'rfmo': ['IWC', 'RECOFI', 'ACAP', 'IOTC'], 'fao': ['51.3', '51'], 'major_fao': ['51'], 'eez_12_nm': [], 'high_seas': [], 'mpa_no_take_partial': [], 'mpa_no_take': []}","[56.89924333333333, 25.303736666666666, 56.69762166666667, 25.575815]","{'start_distance_from_shore_km': 53.0, 'end_distance_from_shore_km': 34.0, 'start_distance_from_port_km': 31.138615, 'end_distance_from_port_km': 7.486553}","{'id': 'bcf8ef2fc-cbd9-52b2-2c12-f69861c7f634', 'name': 'DREAM CATCHER', 'ssvid': '636016987', 'flag': 'LBR', 'type': 'cargo', 'public_authorizations': [], 'nextPort': {'id': None, 'flag': None, 'name': None, 'portVisitEventId': None}}","{'total_time_hours': 30.060630555555562, 'total_distance_km': 44.432407062333176, 'average_speed_knots': 0.798106361837011, 'average_distance_from_shore_km': 44.18234266750015}"
2022-08-04T14:59:11Z,2022-08-05T15:58:13Z,62b3d9bfb5beec97b2c330261efb3dcc,loitering,"{'lat': 25.4779, 'lon': 56.7708}","{'mpa': [], 'eez': ['8360'], 'rfmo': ['ACAP', 'IWC', 'RECOFI', 'IOTC'], 'fao': ['51.3', '51'], 'major_fao': ['51'], 'eez_12_nm': [], 'high_seas': [], 'mpa_no_take_partial': [], 'mpa_no_take': []}","[56.81987, 25.366998333333335, 56.72168833333333, 25.58879]","{'start_distance_from_shore_km': 45.0, 'end_distance_from_shore_km': 37.0, 'start_distance_from_port_km': 22.103676, 'end_distance_from_port_km': 8.309552}","{'id': 'bcf8ef2fc-cbd9-52b2-2c12-f69861c7f634', 'name': 'DREAM CATCHER', 'ssvid': '636016987', 'flag': 'LBR', 'type': 'cargo', 'public_authorizations': [], 'nextPort': {'id': None, 'flag': None, 'name': None, 'portVisitEventId': None}}","{'total_time_hours': 24.984061111111107, 'total_distance_km': 31.972283809948394, 'average_speed_knots': 0.6909866289720725, 'average_distance_from_shore_km': 42.16039871194722}"
2022-08-07T09:59:43Z,2022-08-08T07:59:10Z,ef81e8cfaf5f9de734ad2e4e38a4ea0a,loitering,"{'lat': 25.4697, 'lon': 56.8651}","{'mpa': [], 'eez': ['8360'], 'rfmo': ['ACAP', 'IOTC', 'IWC', 'RECOFI'], 'fao': ['51', '51.3'], 'major_fao': ['51'], 'eez_12_nm': [], 'high_seas': [], 'mpa_no_take_partial': [], 'mpa_no_take': []}","[56.89879333333333, 25.358731666666667, 56.83139333333333, 25.58062]","{'start_distance_from_shore_km': 53.0, 'end_distance_from_shore_km': 47.0, 'start_distance_from_port_km': 30.163123, 'end_distance_from_port_km': 18.886375}","{'id': 'bcf8ef2fc-cbd9-52b2-2c12-f69861c7f634', 'name': 'DREAM CATCHER', 'ssvid': '636016987', 'flag': 'LBR', 'type': 'cargo', 'public_authorizations': [], 'nextPort': {'id': None, 'flag': None, 'name': None, 'portVisitEventId': None}}","{'total_time_hours': 21.99100833333333, 'total_distance_km': 27.201021824108988, 'average_speed_knots': 0.6678810071938613, 'average_distance_from_shore_km': 48.24057500225034}"
2022-08-08T23:58:58Z,2022-08-09T04:57:50Z,4dcc54635d18f782d8dfa812ad967719,loitering,"{'lat': 25.473, 'lon': 56.8249}","{'mpa': [], 'eez': ['8360'], 'rfmo': ['IWC', 'RECOFI', 'ACAP', 'IOTC'], 'fao': ['51', '51.3'], 'major_fao': ['51'], 'eez_12_nm': [], 'high_seas': [], 'mpa_no_take_partial': [], 'mpa_no_take': []}","[56.856765, 25.440851666666667, 56.792985, 25.505055]","{'start_distance_from_shore_km': 50.0, 'end_distance_from_shore_km': 43.0, 'start_distance_from_port_km': 26.487809000000002, 'end_distance_from_port_km': 19.371135}","{'id': 'bcf8ef2fc-cbd9-52b2-2c12-f69861c7f634', 'name': 'DREAM CATCHER', 'ssvid': '636016987', 'flag': 'LBR', 'type': 'cargo', 'public_authorizations': [], 'nextPort': {'id': None, 'flag': None, 'name': None, 'portVisitEventId': None}}","{'total_time_hours': 4.9809972222222205, 'total_distance_km': 9.861208727450503, 'average_speed_knots': 1.0689880971883639, 'average_distance_from_shore_km': 45.93737129641546}"
2022-08-09T02:58:16Z,2022-08-09T11:59:47Z,1c1ad47d80a95aaf10d2759c9005b041,loitering,"{'lat': 25.526, 'lon': 56.8989}","{'mpa': [], 'eez': ['8469'], 'rfmo': ['IOTC', 'IWC', 'RECOFI', 'ACAP'], 'fao': ['51', '51.3'], 'major_fao': ['51'], 'eez_12_nm': [], 'high_seas': [], 'mpa_no_take_partial': [], 'mpa_no_take': []}","[56.89514666666667, 25.449193333333334, 56.90269333333333, 25.602899999999998]","{'start_distance_from_shore_km': 53.0, 'end_distance_from_shore_km': 46.0, 'start_distance_from_port_km': 30.63634, 'end_distance_from_port_km': 25.287641}","{'id': '84246e978-8b56-57d6-a4cc-5575d66beb65', 'name': 'NORD SUNDA', 'ssvid': '563093300', 'flag': 'SGP', 'type': 'cargo', 'public_authorizations': [], 'nextPort': {'id': 'are-ruwais', 'flag': 'ARE', 'name': 'RUWAIS', 'portVisitEventId': '9aebbbd7d37bb7a8703173c18cb329d9'}}","{'total_time_hours': 9.025100000000004, 'total_distance_km': 19.485363211609094, 'average_speed_knots': 1.1657770477794367, 'average_distance_from_shore_km': 50.005351229334806}"
2022-08-09T12:57:13Z,2022-08-09T21:54:35Z,e30e0e7c8f890dde6e78d20286a2df12,loitering,"{'lat': 25.5843, 'lon': 56.8362}","{'mpa': [], 'eez': ['8360'], 'rfmo': ['ACAP', 'IWC', 'RECOFI', 'IOTC'], 'fao': ['51', '51.3'], 'major_fao': ['51'], 'eez_12_nm': [], 'high_seas': [], 'mpa_no_take_partial': [], 'mpa_no_take': []}","[56.8848, 25.591963333333332, 56.787565, 25.576688333333333]","{'start_distance_from_shore_km': 48.0, 'end_distance_from_shore_km': 43.0, 'start_distance_from_port_km': 23.48727, 'end_distance_from_port_km': 15.099345999999999}","{'id': '84246e978-8b56-57d6-a4cc-5575d66beb65', 'name': 'NORD SUNDA', 'ssvid': '563093300', 'flag': 'SGP', 'type': 'cargo', 'public_authorizations': [], 'nextPort': {'id': 'are-ruwais', 'flag': 'ARE', 'name': 'RUWAIS', 'portVisitEventId': '9aebbbd7d37bb7a8703173c18cb329d9'}}","{'total_time_hours': 8.95638611111111, 'total_distance_km': 13.721354323786207, 'average_speed_knots': 0.8272241200682039, 'average_distance_from_shore_km': 47.285491686160924}"
2022-08-10T13:58:42Z,2022-08-11T11:59:46Z,d655dcfde7562d4dad9f8b82f4973c5c,loitering,"{'lat': 25.4021, 'lon': 56.9112}","{'mpa': [], 'eez': ['8360'], 'rfmo': ['IWC', 'IOTC', 'ACAP', 'RECOFI'], 'fao': ['51.3', '51'], 'major_fao': ['51'], 'eez_12_nm': [], 'high_seas': [], 'mpa_no_take_partial': [], 'mpa_no_take': []}","[56.9763, 25.316916666666668, 56.84605, 25.48735]","{'start_distance_from_shore_km': 60.0, 'end_distance_from_shore_km': 49.0, 'start_distance_from_port_km': 38.58957, 'end_distance_from_port_km': 25.393814}","{'id': '9a8c8bf3a-a27b-3836-db86-bd840a25ff16', 'name': 'ORIENT ANGEL', 'ssvid': '372897000', 'flag': 'PAN', 'type': 'cargo', 'public_authorizations': [], 'nextPort': {'id': 'zaf-saldanhabay', 'flag': 'ZAF', 'name': 'SALDANHA BAY', 'portVisitEventId': 'ee6bcb6eb269e4a54fe16f13912c7937'}}","{'total_time_hours': 22.01781111111111, 'total_distance_km': 38.56931344991023, 'average_speed_knots': 0.9458598357847579, 'average_distance_from_shore_km': 54.766328700222225}"
2022-08-11T13:58:35Z,2022-08-11T15:59:56Z,51d18fbe4e427a4630066e27f1ab1c5a,loitering,"{'lat': 25.4796, 'lon': 56.9857}","{'mpa': [], 'eez': ['8469'], 'rfmo': ['RECOFI', 'IWC', 'IOTC', 'ACAP'], 'fao': ['51', '51.3'], 'major_fao': ['51'], 'eez_12_nm': [], 'high_seas': [], 'mpa_no_take_partial': [], 'mpa_no_take': []}","[56.97976666666667, 25.46395, 56.99165, 25.495316666666668]","{'start_distance_from_shore_km': 49.0, 'end_distance_from_shore_km': 45.0, 'start_distance_from_port_km': 38.123781, 'end_distance_from_port_km': 37.041863}","{'id': '9a8c8bf3a-a27b-3836-db86-bd840a25ff16', 'name': 'ORIENT ANGEL', 'ssvid': '372897000', 'flag': 'PAN', 'type': 'cargo', 'public_authorizations': [], 'nextPort': {'id': 'zaf-saldanhabay', 'flag': 'ZAF', 'name': 'SALDANHA BAY', 'portVisitEventId': 'ee6bcb6eb269e4a54fe16f13912c7937'}}","{'total_time_hours': 2.0223638888888886, 'total_distance_km': 3.6861987984511186, 'average_speed_knots': 0.9841889142945182, 'average_distance_from_shore_km': 47.11912439935932}"
2022-08-13T06:58:26Z,2022-08-13T16:57:27Z,a04a55b8b2d62810ad678ce9ff50f7bc,loitering,"{'lat': 25.4551, 'lon': 56.9383}","{'mpa': [], 'eez': ['8469'], 'rfmo': ['IWC', 'IOTC', 'RECOFI', 'ACAP'], 'fao': ['51.3', '51'], 'major_fao': ['51'], 'eez_12_nm': [], 'high_seas': [], 'mpa_no_take_partial': [], 'mpa_no_take': []}","[56.9925, 25.396533333333334, 56.884083333333336, 25.51365]","{'start_distance_from_shore_km': 54.0, 'end_distance_from_shore_km': 51.0, 'start_distance_from_port_km': 39.174047, 'end_distance_from_port_km': 26.6509}","{'id': '9a8c8bf3a-a27b-3836-db86-bd840a25ff16', 'name': 'ORIENT ANGEL', 'ssvid': '372897000', 'flag': 'PAN', 'type': 'cargo', 'public_authorizations': [], 'nextPort': {'id': 'zaf-saldanhabay', 'flag': 'ZAF', 'name': 'SALDANHA BAY', 'portVisitEventId': 'ee6bcb6eb269e4a54fe16f13912c7937'}}","{'total_time_hours': 9.983827777777782, 'total_distance_km': 21.44432909045729, 'average_speed_knots': 1.1597767555354586, 'average_distance_from_shore_km': 54.278112335352695}"
2022-08-13T18:58:45Z,2022-08-14T05:58:05Z,90552f70e0dde3e04b8651a3262b87db,loitering,"{'lat': 25.4421, 'lon': 57.0058}","{'mpa': [], 'eez': ['8469'], 'rfmo': ['RECOFI', 'IWC', 'IOTC', 'ACAP'], 'fao': ['51.3', '51'], 'major_fao': ['51'], 'eez_12_nm': [], 'high_seas': [], 'mpa_no_take_partial': [], 'mpa_no_take': []}","[57.0047, 25.403316666666665, 57.00683333333333, 25.480966666666667]","{'start_distance_from_shore_km': 53.0, 'end_distance_from_shore_km': 46.0, 'start_distance_from_port_km': 40.178504000000004, 'end_distance_from_port_km': 39.779672}","{'id': '9a8c8bf3a-a27b-3836-db86-bd840a25ff16', 'name': 'ORIENT ANGEL', 'ssvid': '372897000', 'flag': 'PAN', 'type': 'cargo', 'public_authorizations': [], 'nextPort': {'id': 'zaf-saldanhabay', 'flag': 'ZAF', 'name': 'SALDANHA BAY', 'portVisitEventId': 'ee6bcb6eb269e4a54fe16f13912c7937'}}","{'total_time_hours': 10.988888888888885, 'total_distance_km': 10.532798258662025, 'average_speed_knots': 0.5175460537181036, 'average_distance_from_shore_km': 47.93152684748846}"
2022-08-14T06:57:45Z,2022-08-15T05:59:06Z,2ac3942a504d3073d4ae0d03e246eeaf,loitering,"{'lat': 25.4845, 'lon': 56.9397}","{'mpa': [], 'eez': ['8469'], 'rfmo': ['RECOFI', 'IWC', 'ACAP', 'IOTC'], 'fao': ['51.3', '51'], 'major_fao': ['51'], 'eez_12_nm': [], 'high_seas': [], 'mpa_no_take_partial': [], 'mpa_no_take': []}","[56.9865, 25.461333333333332, 56.8929, 25.5076]","{'start_distance_from_shore_km': 49.0, 'end_distance_from_shore_km': 51.0, 'start_distance_from_port_km': 38.998195, 'end_distance_from_port_km': 27.523752}","{'id': '9a8c8bf3a-a27b-3836-db86-bd840a25ff16', 'name': 'ORIENT ANGEL', 'ssvid': '372897000', 'flag': 'PAN', 'type': 'cargo', 'public_authorizations': [], 'nextPort': {'id': 'zaf-saldanhabay', 'flag': 'ZAF', 'name': 'SALDANHA BAY', 'portVisitEventId': 'ee6bcb6eb269e4a54fe16f13912c7937'}}","{'total_time_hours': 23.02260833333333, 'total_distance_km': 26.743563607701116, 'average_speed_knots': 0.6272255910170523, 'average_distance_from_shore_km': 50.055773982484126}"
2022-08-15T07:59:44Z,2022-08-15T16:58:14Z,a0ce5f80b7c77502446748f7ba332995,loitering,"{'lat': 25.5144, 'lon': 56.9664}","{'mpa': [], 'eez': ['8469'], 'rfmo': ['IOTC', 'IWC', 'RECOFI', 'ACAP'], 'fao': ['51.3', '51'], 'major_fao': ['51'], 'eez_12_nm': [], 'high_seas': [], 'mpa_no_take_partial': [], 'mpa_no_take': []}","[56.971466666666664, 25.480366666666665, 56.96125, 25.54843333333333]","{'start_distance_from_shore_km': 48.0, 'end_distance_from_shore_km': 44.0, 'start_distance_from_port_km': 36.175902, 'end_distance_from_port_km': 32.336762}","{'id': '9a8c8bf3a-a27b-3836-db86-bd840a25ff16', 'name': 'ORIENT ANGEL', 'ssvid': '372897000', 'flag': 'PAN', 'type': 'cargo', 'public_authorizations': [], 'nextPort': {'id': 'zaf-saldanhabay', 'flag': 'ZAF', 'name': 'SALDANHA BAY', 'portVisitEventId': 'ee6bcb6eb269e4a54fe16f13912c7937'}}","{'total_time_hours': 8.975227777777782, 'total_distance_km': 13.687174957013625, 'average_speed_knots': 0.8234312734019716, 'average_distance_from_shore_km': 46.14334816050184}"
2022-08-15T17:58:45Z,2022-08-16T15:59:06Z,3a49c50d2081db5b566337c35b88a785,loitering,"{'lat': 25.5228, 'lon': 56.8455}","{'mpa': [], 'eez': ['8360'], 'rfmo': ['IWC', 'ACAP', 'IOTC', 'RECOFI'], 'fao': ['51.3', '51'], 'major_fao': ['51'], 'eez_12_nm': [], 'high_seas': [], 'mpa_no_take_partial': [], 'mpa_no_take': []}","[56.95245, 25.484466666666666, 56.738550000000004, 25.561233333333334]","{'start_distance_from_shore_km': 50.0, 'end_distance_from_shore_km': 38.0, 'start_distance_from_port_km': 34.40798, 'end_distance_from_port_km': 11.918258}","{'id': '9a8c8bf3a-a27b-3836-db86-bd840a25ff16', 'name': 'ORIENT ANGEL', 'ssvid': '372897000', 'flag': 'PAN', 'type': 'cargo', 'public_authorizations': [], 'nextPort': {'id': 'zaf-saldanhabay', 'flag': 'ZAF', 'name': 'SALDANHA BAY', 'portVisitEventId': 'ee6bcb6eb269e4a54fe16f13912c7937'}}","{'total_time_hours': 22.00561666666666, 'total_distance_km': 28.040235576680498, 'average_speed_knots': 0.6880296153238088, 'average_distance_from_shore_km': 46.07521905685422}"
2022-08-16T18:59:54Z,2022-08-17T06:57:04Z,5d18a9ea979a1c7c731946f6c3431e9f,loitering,"{'lat': 25.4851, 'lon': 56.9232}","{'mpa': [], 'eez': ['8469'], 'rfmo': ['RECOFI', 'ACAP', 'IOTC', 'IWC'], 'fao': ['51.3', '51'], 'major_fao': ['51'], 'eez_12_nm': [], 'high_seas': [], 'mpa_no_take_partial': [], 'mpa_no_take': []}","[56.933, 25.467916666666667, 56.913383333333336, 25.50225]","{'start_distance_from_shore_km': 52.0, 'end_distance_from_shore_km': 51.0, 'start_distance_from_port_km': 33.250082, 'end_distance_from_port_km': 29.81835}","{'id': '9a8c8bf3a-a27b-3836-db86-bd840a25ff16', 'name': 'ORIENT ANGEL', 'ssvid': '372897000', 'flag': 'PAN', 'type': 'cargo', 'public_authorizations': [], 'nextPort': {'id': 'zaf-saldanhabay', 'flag': 'ZAF', 'name': 'SALDANHA BAY', 'portVisitEventId': 'ee6bcb6eb269e4a54fe16f13912c7937'}}","{'total_time_hours': 11.952716666666667, 'total_distance_km': 8.558415434967415, 'average_speed_knots': 0.3866212819884292, 'average_distance_from_shore_km': 50.12515501576961}"
2022-08-17T07:58:24Z,2022-08-17T13:59:56Z,e06c8369b476d0a192b1ad205e6498d1,loitering,"{'lat': 25.5419, 'lon': 56.9378}","{'mpa': [], 'eez': ['8469'], 'rfmo': ['IOTC', 'IWC', 'ACAP', 'RECOFI'], 'fao': ['51', '51.3'], 'major_fao': ['51'], 'eez_12_nm': [], 'high_seas': [], 'mpa_no_take_partial': [], 'mpa_no_take': []}","[56.91786666666667, 25.518516666666667, 56.95766666666667, 25.56523333333333]","{'start_distance_from_shore_km': 49.0, 'end_distance_from_shore_km': 42.0, 'start_distance_from_port_km': 29.715154, 'end_distance_from_port_km': 31.794412}","{'id': '9a8c8bf3a-a27b-3836-db86-bd840a25ff16', 'name': 'ORIENT ANGEL', 'ssvid': '372897000', 'flag': 'PAN', 'type': 'cargo', 'public_authorizations': [], 'nextPort': {'id': 'zaf-saldanhabay', 'flag': 'ZAF', 'name': 'SALDANHA BAY', 'portVisitEventId': 'ee6bcb6eb269e4a54fe16f13912c7937'}}","{'total_time_hours': 6.0255527777777775, 'total_distance_km': 10.019500458186842, 'average_speed_knots': 0.8978591075624048, 'average_distance_from_shore_km': 45.67154867897412}"
2022-08-17T14:58:06Z,2022-08-18T20:57:53Z,1c90cb6ec87948d384470e0ede306410,loitering,"{'lat': 25.5006, 'lon': 56.8781}","{'mpa': [], 'eez': ['8360'], 'rfmo': ['RECOFI', 'ACAP', 'IOTC', 'IWC'], 'fao': ['51.3', '51'], 'major_fao': ['51'], 'eez_12_nm': [], 'high_seas': [], 'mpa_no_take_partial': [], 'mpa_no_take': []}","[56.992733333333334, 25.48365, 56.763416666666664, 25.51745]","{'start_distance_from_shore_km': 47.0, 'end_distance_from_shore_km': 40.0, 'start_distance_from_port_km': 37.967535000000005, 'end_distance_from_port_km': 16.472268}","{'id': '9a8c8bf3a-a27b-3836-db86-bd840a25ff16', 'name': 'ORIENT ANGEL', 'ssvid': '372897000', 'flag': 'PAN', 'type': 'cargo', 'public_authorizations': [], 'nextPort': {'id': 'zaf-saldanhabay', 'flag': 'ZAF', 'name': 'SALDANHA BAY', 'portVisitEventId': 'ee6bcb6eb269e4a54fe16f13912c7937'}}","{'total_time_hours': 29.996391666666653, 'total_distance_km': 27.296669819007434, 'average_speed_knots': 0.4913598523530497, 'average_distance_from_shore_km': 48.164318036820674}"
2022-08-17T15:57:12Z,2022-08-18T09:56:37Z,ea77390b2045a57cf79ff44cb64afbc3,loitering,"{'lat': 25.76, 'lon': 56.9015}","{'mpa': [], 'eez': ['8469'], 'rfmo': ['ACAP', 'IOTC', 'RECOFI', 'IWC'], 'fao': ['51', '51.3'], 'major_fao': ['51'], 'eez_12_nm': [], 'high_seas': [], 'mpa_no_take_partial': [], 'mpa_no_take': []}","[56.903059999999996, 25.754211666666667, 56.9, 25.765735]","{'start_distance_from_shore_km': 40.0, 'end_distance_from_shore_km': 39.0, 'start_distance_from_port_km': 25.63757, 'end_distance_from_port_km': 26.489605}","{'id': '36cee5af2-24e4-6e31-5f5a-6ad83e517f3d', 'name': 'BONANZA 10', 'ssvid': '373224000', 'flag': 'PAN', 'type': 'bunker', 'public_authorizations': [], 'nextPort': {'id': 'are-khorfakkan', 'flag': 'ARE', 'name': 'KHOR FAKKAN', 'portVisitEventId': '549c7e7a36e824222cdf3cb173d7b3df'}}","{'total_time_hours': 17.99041944444445, 'total_distance_km': 3.1490831300689646, 'average_speed_knots': 0.09451524273679271, 'average_distance_from_shore_km': 39.031689609197905}"
2022-08-18T22:58:25Z,2022-08-19T12:59:25Z,506994a27bb00a32f09027c82c1b6139,loitering,"{'lat': 25.512, 'lon': 56.8135}","{'mpa': [], 'eez': ['8360'], 'rfmo': ['IOTC', 'RECOFI', 'IWC', 'ACAP'], 'fao': ['51', '51.3'], 'major_fao': ['51'], 'eez_12_nm': [], 'high_seas': [], 'mpa_no_take_partial': [], 'mpa_no_take': []}","[56.85033333333333, 25.476166666666668, 56.77675, 25.54775]","{'start_distance_from_shore_km': 49.0, 'end_distance_from_shore_km': 42.0, 'start_distance_from_port_km': 26.090914, 'end_distance_from_port_km': 15.783061}","{'id': '9a8c8bf3a-a27b-3836-db86-bd840a25ff16', 'name': 'ORIENT ANGEL', 'ssvid': '372897000', 'flag': 'PAN', 'type': 'cargo', 'public_authorizations': [], 'nextPort': {'id': 'zaf-saldanhabay', 'flag': 'ZAF', 'name': 'SALDANHA BAY', 'portVisitEventId': 'ee6bcb6eb269e4a54fe16f13912c7937'}}","{'total_time_hours': 14.016550000000004, 'total_distance_km': 14.148668341230364, 'average_speed_knots': 0.5450463723730832, 'average_distance_from_shore_km': 46.97331610120648}"
2022-08-19T21:58:47Z,2022-08-20T05:57:15Z,59ac55e072f95642445ccd5bb3b10f97,loitering,"{'lat': 25.5265, 'lon': 56.9863}","{'mpa': [], 'eez': ['8469'], 'rfmo': ['ACAP', 'IOTC', 'IWC', 'RECOFI'], 'fao': ['51', '51.3'], 'major_fao': ['51'], 'eez_12_nm': [], 'high_seas': [], 'mpa_no_take_partial': [], 'mpa_no_take': []}","[57.03688, 25.485471666666665, 56.935685, 25.567520000000002]","{'start_distance_from_shore_km': 43.0, 'end_distance_from_shore_km': 44.0, 'start_distance_from_port_km': 42.105413999999996, 'end_distance_from_port_km': 29.836451}","{'id': '6201b3cbe-e194-2907-9f2c-7b6a2b5b9642', 'name': 'OURANOS', 'ssvid': '352001693', 'flag': 'PAN', 'type': 'bunker', 'public_authorizations': [], 'nextPort': {'id': 'are-sharjah', 'flag': 'ARE', 'name': 'SHARJAH', 'portVisitEventId': '78b929a7cbe1da5af15b1fe83aff41a6'}}","{'total_time_hours': 7.974538888888889, 'total_distance_km': 15.956739989903843, 'average_speed_knots': 1.0804324160394274, 'average_distance_from_shore_km': 45.42014950764479}"
2022-08-20T07:58:28Z,2022-08-20T23:59:25Z,66e7f28f0597771ed75d5cde3f014f96,loitering,"{'lat': 25.5273, 'lon': 56.9148}","{'mpa': [], 'eez': ['8469'], 'rfmo': ['RECOFI', 'IOTC', 'IWC', 'ACAP'], 'fao': ['51.3', '51'], 'major_fao': ['51'], 'eez_12_nm': [], 'high_seas': [], 'mpa_no_take_partial': [], 'mpa_no_take': []}","[57.02470666666667, 25.484435, 56.804973333333336, 25.570111666666666]","{'start_distance_from_shore_km': 45.0, 'end_distance_from_shore_km': 44.0, 'start_distance_from_port_km': 40.692574, 'end_distance_from_port_km': 16.455078}","{'id': '6201b3cbe-e194-2907-9f2c-7b6a2b5b9642', 'name': 'OURANOS', 'ssvid': '352001693', 'flag': 'PAN', 'type': 'bunker', 'public_authorizations': [], 'nextPort': {'id': 'are-sharjah', 'flag': 'ARE', 'name': 'SHARJAH', 'portVisitEventId': '78b929a7cbe1da5af15b1fe83aff41a6'}}","{'total_time_hours': 16.01582500000001, 'total_distance_km': 26.11791791448109, 'average_speed_knots': 0.880538309454691, 'average_distance_from_shore_km': 46.33758141509127}"
2022-08-21T01:59:36Z,2022-08-21T09:59:49Z,93d8505b0bd4f034365d7d7c937cf5c9,loitering,"{'lat': 25.5916, 'lon': 56.9565}","{'mpa': [], 'eez': ['8469'], 'rfmo': ['ACAP', 'IOTC', 'RECOFI', 'IWC'], 'fao': ['51', '51.3'], 'major_fao': ['51'], 'eez_12_nm': [], 'high_seas': [], 'mpa_no_take_partial': [], 'mpa_no_take': []}","[56.988605, 25.502746666666667, 56.92434, 25.680435]","{'start_distance_from_shore_km': 45.0, 'end_distance_from_shore_km': 40.0, 'start_distance_from_port_km': 37.041863, 'end_distance_from_port_km': 26.07993}","{'id': '6201b3cbe-e194-2907-9f2c-7b6a2b5b9642', 'name': 'OURANOS', 'ssvid': '352001693', 'flag': 'PAN', 'type': 'bunker', 'public_authorizations': [], 'nextPort': {'id': 'are-sharjah', 'flag': 'ARE', 'name': 'SHARJAH', 'portVisitEventId': '78b929a7cbe1da5af15b1fe83aff41a6'}}","{'total_time_hours': 8.003341666666664, 'total_distance_km': 22.51705695526342, 'average_speed_knots': 1.5191452024886907, 'average_distance_from_shore_km': 42.84274219805342}"
2022-08-21T11:54:39Z,2022-08-22T05:57:35Z,61d8e489454ea89dbd548b33311a8db4,loitering,"{'lat': 25.4721, 'lon': 56.9314}","{'mpa': [], 'eez': ['8469'], 'rfmo': ['ACAP', 'IOTC', 'RECOFI', 'IWC'], 'fao': ['51.3', '51'], 'major_fao': ['51'], 'eez_12_nm': [], 'high_seas': [], 'mpa_no_take_partial': [], 'mpa_no_take': []}","[57.04398, 25.46564, 56.81876833333333, 25.47847]","{'start_distance_from_shore_km': 44.0, 'end_distance_from_shore_km': 46.0, 'start_distance_from_port_km': 42.980309, 'end_distance_from_port_km': 23.814645}","{'id': '6201b3cbe-e194-2907-9f2c-7b6a2b5b9642', 'name': 'OURANOS', 'ssvid': '352001693', 'flag': 'PAN', 'type': 'bunker', 'public_authorizations': [], 'nextPort': {'id': 'are-sharjah', 'flag': 'ARE', 'name': 'SHARJAH', 'portVisitEventId': '78b929a7cbe1da5af15b1fe83aff41a6'}}","{'total_time_hours': 18.049102777777776, 'total_distance_km': 25.17968455596008, 'average_speed_knots': 0.7532752266001335, 'average_distance_from_shore_km': 47.89028252273665}"
2022-08-21T15:59:52Z,2022-08-21T22:58:08Z,a5890872d9a48e1f7562bf1f00a25413,loitering,"{'lat': 25.4981, 'lon': 57.0852}","{'mpa': [], 'eez': ['8469'], 'rfmo': ['IWC', 'ACAP', 'RECOFI', 'IOTC'], 'fao': ['51.3', '51'], 'major_fao': ['51'], 'eez_12_nm': [], 'high_seas': [], 'mpa_no_take_partial': [], 'mpa_no_take': []}","[57.124296666666666, 25.507816666666667, 57.046075, 25.488303333333334]","{'start_distance_from_shore_km': 36.0, 'end_distance_from_shore_km': 42.0, 'start_distance_from_port_km': 38.017898, 'end_distance_from_port_km': 43.039059}","{'id': '0c1f69998-83ac-a91a-13ce-e71b674bbf0d', 'name': 'TOMINI DYNASTY', 'ssvid': '538007100', 'flag': 'MHL', 'type': 'cargo', 'public_authorizations': [], 'nextPort': {'id': 'are-khorfakkan', 'flag': 'ARE', 'name': 'KHOR FAKKAN', 'portVisitEventId': 'e2a9ef0cd377cfb544c7d70dc71305ea'}}","{'total_time_hours': 6.97110277777778, 'total_distance_km': 8.895222960293466, 'average_speed_knots': 0.6889923027640558, 'average_distance_from_shore_km': 38.448808363789595}"
2022-08-22T11:56:10Z,2022-08-22T22:58:10Z,e423c38fce9bca555cd76aaafa603566,loitering,"{'lat': 26.0757, 'lon': 55.6824}","{'mpa': [], 'eez': ['8360'], 'rfmo': ['RECOFI', 'IWC', 'IOTC', 'ACAP'], 'fao': ['51', '51.2'], 'major_fao': ['51'], 'eez_12_nm': [], 'high_seas': [], 'mpa_no_take_partial': [], 'mpa_no_take': []}","[55.66433333333333, 26.094666666666665, 55.7005, 26.05666666666667]","{'start_distance_from_shore_km': 38.0, 'end_distance_from_shore_km': 36.0, 'start_distance_from_port_km': 17.319057, 'end_distance_from_port_km': 12.443822}","{'id': '92036770d-ddb6-f3b0-4f75-38f3574411ce', 'name': 'SERENE THEODORA', 'ssvid': '248999000', 'flag': 'MLT', 'type': 'cargo', 'public_authorizations': [], 'nextPort': {'id': 'are-minasaqr', 'flag': 'ARE', 'name': 'MINA SAQR', 'portVisitEventId': 'd4baeeab5cd4932432838e48c1ec72f8'}}","{'total_time_hours': 11.033380555555564, 'total_distance_km': 13.127375871629821, 'average_speed_knots': 0.6424337380294518, 'average_distance_from_shore_km': 38.035535427683605}"
2022-08-27T19:56:04Z,2022-08-30T06:59:43Z,bf15f913c2e929f082032cd014c7851c,loitering,"{'lat': 25.4455, 'lon': 56.9778}","{'mpa': [], 'eez': ['8469'], 'rfmo': ['IOTC', 'ACAP', 'RECOFI', 'IWC'], 'fao': ['51', '51.3'], 'major_fao': ['51'], 'eez_12_nm': [], 'high_seas': [], 'mpa_no_take_partial': [], 'mpa_no_take': []}","[57.04597166666667, 25.108986666666667, 56.909725, 25.78203]","{'start_distance_from_shore_km': 70.0, 'end_distance_from_shore_km': 38.0, 'start_distance_from_port_km': 47.367891, 'end_distance_from_port_km': 27.870889}","{'id': '4d82328f6-608b-8207-9db5-52c9eb30bf9f', 'name': 'BOSPHORUS KING', 'ssvid': '357409000', 'flag': 'PAN', 'type': 'cargo', 'public_authorizations': [], 'nextPort': {'id': 'are-khorfakkan', 'flag': 'ARE', 'name': 'KHOR FAKKAN', 'portVisitEventId': '434123040aa5d0dbf48d4cdf1c9e0dd6'}}","{'total_time_hours': 59.06093611111112, 'total_distance_km': 83.7738455271685, 'average_speed_knots': 0.7658913119653984, 'average_distance_from_shore_km': 54.093799422226574}"
2022-08-30T08:59:46Z,2022-08-31T04:59:44Z,fe8728a924dee4ab3caf2572ec4a9c66,loitering,"{'lat': 25.7441, 'lon': 56.8354}","{'mpa': [], 'eez': ['8354'], 'rfmo': ['ACAP', 'RECOFI', 'IWC', 'IOTC'], 'fao': ['51.3', '51'], 'major_fao': ['51'], 'eez_12_nm': [], 'high_seas': [], 'mpa_no_take_partial': [], 'mpa_no_take': []}","[56.867693333333335, 25.598076666666667, 56.803111666666666, 25.890198333333334]","{'start_distance_from_shore_km': 48.0, 'end_distance_from_shore_km': 35.0, 'start_distance_from_port_km': 22.309461, 'end_distance_from_port_km': 28.194562}","{'id': '4d82328f6-608b-8207-9db5-52c9eb30bf9f', 'name': 'BOSPHORUS KING', 'ssvid': '357409000', 'flag': 'PAN', 'type': 'cargo', 'public_authorizations': [], 'nextPort': {'id': 'are-khorfakkan', 'flag': 'ARE', 'name': 'KHOR FAKKAN', 'portVisitEventId': '434123040aa5d0dbf48d4cdf1c9e0dd6'}}","{'total_time_hours': 19.999222222222226, 'total_distance_km': 33.36982010605384, 'average_speed_knots': 0.9009481066886836, 'average_distance_from_shore_km': 43.59574214774453}"
2022-08-30T16:55:32Z,2022-08-31T12:57:30Z,1d27a87112c387bf0f6d4ac0dda5a54d,loitering,"{'lat': 25.4117, 'lon': 56.9995}","{'mpa': [], 'eez': ['8469'], 'rfmo': ['RECOFI', 'ACAP', 'IWC', 'IOTC'], 'fao': ['51.3', '51'], 'major_fao': ['51'], 'eez_12_nm': [], 'high_seas': [], 'mpa_no_take_partial': [], 'mpa_no_take': []}","[57.01248833333333, 25.281893333333333, 56.98647, 25.541558333333334]","{'start_distance_from_shore_km': 63.0, 'end_distance_from_shore_km': 42.0, 'start_distance_from_port_km': 42.229293, 'end_distance_from_port_km': 35.537383}","{'id': '2f9ad61bd-d264-53b2-b756-5a1aada31d3b', 'name': 'IDM DOODLE', 'ssvid': '352571000', 'flag': 'PAN', 'type': 'cargo', 'public_authorizations': [], 'nextPort': {'id': 'qat-qat-61', 'flag': 'QAT', 'name': None, 'portVisitEventId': '4e465baac9a012a735362ba4bed6653f'}}","{'total_time_hours': 20.032869444444447, 'total_distance_km': 29.43654843152484, 'average_speed_knots': 0.7934192672664587, 'average_distance_from_shore_km': 51.62417222184074}"
2022-08-31T18:56:02Z,2022-09-02T10:53:41Z,7c65ca709be9fdc5416299cec762f18d,loitering,"{'lat': 25.4518, 'lon': 56.7987}","{'mpa': [], 'eez': ['8360'], 'rfmo': ['RECOFI', 'IWC', 'IOTC', 'ACAP'], 'fao': ['51', '51.3'], 'major_fao': ['51'], 'eez_12_nm': [], 'high_seas': [], 'mpa_no_take_partial': [], 'mpa_no_take': []}","[56.80907166666667, 25.355568333333334, 56.78841333333333, 25.54799]","{'start_distance_from_shore_km': 44.0, 'end_distance_from_shore_km': 43.0, 'start_distance_from_port_km': 21.129113, 'end_distance_from_port_km': 16.621086}","{'id': '15742956b-b144-3643-8524-5846c3f1fdd0', 'name': 'THYA', 'ssvid': '351588000', 'flag': 'PAN', 'type': 'cargo', 'public_authorizations': [], 'nextPort': {'id': 'are-fujairah', 'flag': 'ARE', 'name': 'FUJAIRAH', 'portVisitEventId': '94de9cbb2798cbd3eea3cb8ba9b3ad29'}}","{'total_time_hours': 39.960902777777775, 'total_distance_km': 24.642388032647407, 'average_speed_knots': 0.33297108290114075, 'average_distance_from_shore_km': 44.76378364540531}"
2022-09-02T12:59:08Z,2022-09-03T08:58:44Z,1f4ceba17160d82c710d1363afa29ddf,loitering,"{'lat': 25.4955, 'lon': 56.8272}","{'mpa': [], 'eez': ['8360'], 'rfmo': ['ACAP', 'RECOFI', 'IWC', 'IOTC'], 'fao': ['51', '51.3'], 'major_fao': ['51'], 'eez_12_nm': [], 'high_seas': [], 'mpa_no_take_partial': [], 'mpa_no_take': []}","[56.84687, 25.425755, 56.80744, 25.565155]","{'start_distance_from_shore_km': 49.0, 'end_distance_from_shore_km': 45.0, 'start_distance_from_port_km': 25.329074000000002, 'end_distance_from_port_km': 17.376506000000003}","{'id': '15742956b-b144-3643-8524-5846c3f1fdd0', 'name': 'THYA', 'ssvid': '351588000', 'flag': 'PAN', 'type': 'cargo', 'public_authorizations': [], 'nextPort': {'id': 'are-fujairah', 'flag': 'ARE', 'name': 'FUJAIRAH', 'portVisitEventId': '94de9cbb2798cbd3eea3cb8ba9b3ad29'}}","{'total_time_hours': 19.9932, 'total_distance_km': 18.387466205493393, 'average_speed_knots': 0.4965907146413958, 'average_distance_from_shore_km': 47.648679890128875}"
2022-09-03T11:58:53Z,2022-09-04T10:55:42Z,dbed408379481eab48e39d1dcfe11f05,loitering,"{'lat': 25.4512, 'lon': 56.8852}","{'mpa': [], 'eez': ['8360'], 'rfmo': ['ACAP', 'RECOFI', 'IWC', 'IOTC'], 'fao': ['51.3', '51'], 'major_fao': ['51'], 'eez_12_nm': [], 'high_seas': [], 'mpa_no_take_partial': [], 'mpa_no_take': []}","[56.89995833333333, 25.404416666666666, 56.87049833333333, 25.49797166666667]","{'start_distance_from_shore_km': 53.0, 'end_distance_from_shore_km': 50.0, 'start_distance_from_port_km': 30.133885, 'end_distance_from_port_km': 26.380817999999998}","{'id': '15742956b-b144-3643-8524-5846c3f1fdd0', 'name': 'THYA', 'ssvid': '351588000', 'flag': 'PAN', 'type': 'cargo', 'public_authorizations': [], 'nextPort': {'id': 'are-fujairah', 'flag': 'ARE', 'name': 'FUJAIRAH', 'portVisitEventId': '94de9cbb2798cbd3eea3cb8ba9b3ad29'}}","{'total_time_hours': 22.946891666666673, 'total_distance_km': 18.296110004416796, 'average_speed_knots': 0.4305205784367675, 'average_distance_from_shore_km': 52.924497671161994}"
2022-09-04T11:57:44Z,2022-09-06T10:59:25Z,ebd35922343af22379f5349687567fd5,loitering,"{'lat': 25.4916, 'lon': 57.0004}","{'mpa': [], 'eez': ['8469'], 'rfmo': ['RECOFI', 'IOTC', 'ACAP', 'IWC'], 'fao': ['51.3', '51'], 'major_fao': ['51'], 'eez_12_nm': [], 'high_seas': [], 'mpa_no_take_partial': [], 'mpa_no_take': []}","[56.933395, 25.408646666666666, 57.06731, 25.57451]","{'start_distance_from_shore_km': 55.0, 'end_distance_from_shore_km': 34.0, 'start_distance_from_port_km': 33.164542999999995, 'end_distance_from_port_km': 34.864434}","{'id': '15742956b-b144-3643-8524-5846c3f1fdd0', 'name': 'THYA', 'ssvid': '351588000', 'flag': 'PAN', 'type': 'cargo', 'public_authorizations': [], 'nextPort': {'id': 'are-fujairah', 'flag': 'ARE', 'name': 'FUJAIRAH', 'portVisitEventId': '94de9cbb2798cbd3eea3cb8ba9b3ad29'}}","{'total_time_hours': 47.028005555555566, 'total_distance_km': 34.483445642956596, 'average_speed_knots': 0.3959251697270936, 'average_distance_from_shore_km': 44.790284440682505}"
2022-09-06T12:52:53Z,2022-09-07T11:54:42Z,1e055a78fa2a827c0015bdca8c4cb439,loitering,"{'lat': 25.4986, 'lon': 57.0801}","{'mpa': [], 'eez': ['8469'], 'rfmo': ['ACAP', 'IOTC', 'IWC', 'RECOFI'], 'fao': ['51', '51.3'], 'major_fao': ['51'], 'eez_12_nm': [], 'high_seas': [], 'mpa_no_take_partial': [], 'mpa_no_take': []}","[57.07930833333333, 25.434955, 57.080868333333335, 25.56216]","{'start_distance_from_shore_km': 46.0, 'end_distance_from_shore_km': 34.0, 'start_distance_from_port_km': 47.777375, 'end_distance_from_port_km': 35.1775}","{'id': '15742956b-b144-3643-8524-5846c3f1fdd0', 'name': 'THYA', 'ssvid': '351588000', 'flag': 'PAN', 'type': 'cargo', 'public_authorizations': [], 'nextPort': {'id': 'are-fujairah', 'flag': 'ARE', 'name': 'FUJAIRAH', 'portVisitEventId': '94de9cbb2798cbd3eea3cb8ba9b3ad29'}}","{'total_time_hours': 23.030252777777783, 'total_distance_km': 19.268471957617013, 'average_speed_knots': 0.4517598059431738, 'average_distance_from_shore_km': 39.79828825724116}"
2022-09-06T16:55:45Z,2022-09-07T01:58:44Z,96126413357c5d7b6b0c9b64859c5152,loitering,"{'lat': 25.5748, 'lon': 56.859}","{'mpa': [], 'eez': ['8360'], 'rfmo': ['IWC', 'RECOFI', 'IOTC', 'ACAP'], 'fao': ['51.3', '51'], 'major_fao': ['51'], 'eez_12_nm': [], 'high_seas': [], 'mpa_no_take_partial': [], 'mpa_no_take': []}","[56.86833166666667, 25.509745, 56.84975, 25.639951666666665]","{'start_distance_from_shore_km': 50.0, 'end_distance_from_shore_km': 48.0, 'start_distance_from_port_km': 25.787521, 'end_distance_from_port_km': 19.334225}","{'id': '93aad72c2-21a5-3f6c-ada9-19d3513a7129', 'name': 'AMIS WEALTH', 'ssvid': '357910000', 'flag': 'PAN', 'type': 'cargo', 'public_authorizations': [], 'nextPort': {'id': 'are-ruwais', 'flag': 'ARE', 'name': 'RUWAIS', 'portVisitEventId': 'd867a7725bf6e235d1c886f907f90494'}}","{'total_time_hours': 9.049680555555558, 'total_distance_km': 16.143846301544883, 'average_speed_knots': 0.963236170707856, 'average_distance_from_shore_km': 48.87967159804368}"
2022-09-07T13:57:33Z,2022-09-08T11:59:56Z,ce18eb9ba269a2733fee78bce5c2ba31,loitering,"{'lat': 25.5121, 'lon': 57.0596}","{'mpa': [], 'eez': ['8469'], 'rfmo': ['IOTC', 'IWC', 'RECOFI', 'ACAP'], 'fao': ['51.3', '51'], 'major_fao': ['51'], 'eez_12_nm': [], 'high_seas': [], 'mpa_no_take_partial': [], 'mpa_no_take': []}","[57.062981666666666, 25.44895, 57.05627166666667, 25.57518333333333]","{'start_distance_from_shore_km': 45.0, 'end_distance_from_shore_km': 34.0, 'start_distance_from_port_km': 45.74598, 'end_distance_from_port_km': 34.613207}","{'id': '15742956b-b144-3643-8524-5846c3f1fdd0', 'name': 'THYA', 'ssvid': '351588000', 'flag': 'PAN', 'type': 'cargo', 'public_authorizations': [], 'nextPort': {'id': 'are-fujairah', 'flag': 'ARE', 'name': 'FUJAIRAH', 'portVisitEventId': '94de9cbb2798cbd3eea3cb8ba9b3ad29'}}","{'total_time_hours': 22.039577777777776, 'total_distance_km': 19.64213928281356, 'average_speed_knots': 0.481220958364906, 'average_distance_from_shore_km': 39.14348602468041}"
2022-09-07T15:59:37Z,2022-09-08T08:57:14Z,169ffb4cade2715e58bb7130e20b52ed,loitering,"{'lat': 25.454, 'lon': 56.7343}","{'mpa': [], 'eez': ['8360'], 'rfmo': ['RECOFI', 'IOTC', 'IWC', 'ACAP'], 'fao': ['51', '51.3'], 'major_fao': ['51'], 'eez_12_nm': [], 'high_seas': [], 'mpa_no_take_partial': [], 'mpa_no_take': []}","[56.847658333333335, 25.455043333333332, 56.62103833333333, 25.453026666666666]","{'start_distance_from_shore_km': 49.0, 'end_distance_from_shore_km': 26.0, 'start_distance_from_port_km': 25.976695, 'end_distance_from_port_km': 5.91142}","{'id': '93aad72c2-21a5-3f6c-ada9-19d3513a7129', 'name': 'AMIS WEALTH', 'ssvid': '357910000', 'flag': 'PAN', 'type': 'cargo', 'public_authorizations': [], 'nextPort': {'id': 'are-ruwais', 'flag': 'ARE', 'name': 'RUWAIS', 'portVisitEventId': 'd867a7725bf6e235d1c886f907f90494'}}","{'total_time_hours': 16.960241666666672, 'total_distance_km': 26.771156975270785, 'average_speed_knots': 0.8523032058905571, 'average_distance_from_shore_km': 39.32578440934731}"
2022-09-08T10:56:47Z,2022-09-09T03:55:44Z,4439b53bfd4f365120c699cb33ad82f9,loitering,"{'lat': 25.5774, 'lon': 56.8839}","{'mpa': [], 'eez': ['8469'], 'rfmo': ['IOTC', 'RECOFI', 'IWC', 'ACAP'], 'fao': ['51', '51.3'], 'major_fao': ['51'], 'eez_12_nm': [], 'high_seas': [], 'mpa_no_take_partial': [], 'mpa_no_take': []}","[56.8356, 25.502235, 56.93217333333333, 25.652515]","{'start_distance_from_shore_km': 48.0, 'end_distance_from_shore_km': 40.0, 'start_distance_from_port_km': 23.920443, 'end_distance_from_port_km': 27.153006}","{'id': '93aad72c2-21a5-3f6c-ada9-19d3513a7129', 'name': 'AMIS WEALTH', 'ssvid': '357910000', 'flag': 'PAN', 'type': 'cargo', 'public_authorizations': [], 'nextPort': {'id': 'are-ruwais', 'flag': 'ARE', 'name': 'RUWAIS', 'portVisitEventId': 'd867a7725bf6e235d1c886f907f90494'}}","{'total_time_hours': 16.982583333333334, 'total_distance_km': 24.753689093001338, 'average_speed_knots': 0.7870370822888435, 'average_distance_from_shore_km': 44.61515465234416}"
2022-09-08T13:59:10Z,2022-09-09T14:59:32Z,3f472048218a8aa71838fe7886bd56e2,loitering,"{'lat': 25.4333, 'lon': 57.0678}","{'mpa': [], 'eez': ['8469'], 'rfmo': ['RECOFI', 'ACAP', 'IWC', 'IOTC'], 'fao': ['51', '51.3'], 'major_fao': ['51'], 'eez_12_nm': [], 'high_seas': [], 'mpa_no_take_partial': [], 'mpa_no_take': []}","[57.054525, 25.378875, 57.081041666666664, 25.487728333333333]","{'start_distance_from_shore_km': 52.0, 'end_distance_from_shore_km': 40.0, 'start_distance_from_port_km': 45.208305, 'end_distance_from_port_km': 41.813133}","{'id': '15742956b-b144-3643-8524-5846c3f1fdd0', 'name': 'THYA', 'ssvid': '351588000', 'flag': 'PAN', 'type': 'cargo', 'public_authorizations': [], 'nextPort': {'id': 'are-fujairah', 'flag': 'ARE', 'name': 'FUJAIRAH', 'portVisitEventId': '94de9cbb2798cbd3eea3cb8ba9b3ad29'}}","{'total_time_hours': 25.00594722222221, 'total_distance_km': 19.437532571699553, 'average_speed_knots': 0.41971727210374793, 'average_distance_from_shore_km': 46.24541222438434}"
2022-09-09T14:55:23Z,2022-09-10T02:59:07Z,191616f6ed97829610686c9f2752f069,loitering,"{'lat': 25.6797, 'lon': 56.7968}","{'mpa': [], 'eez': ['8354'], 'rfmo': ['RECOFI', 'ACAP', 'IOTC', 'IWC'], 'fao': ['51.3', '51'], 'major_fao': ['51'], 'eez_12_nm': [], 'high_seas': [], 'mpa_no_take_partial': [], 'mpa_no_take': []}","[56.73807166666667, 25.648588333333333, 56.855605, 25.710723333333334]","{'start_distance_from_shore_km': 40.0, 'end_distance_from_shore_km': 45.0, 'start_distance_from_port_km': 8.320995, 'end_distance_from_port_km': 20.528355}","{'id': '93aad72c2-21a5-3f6c-ada9-19d3513a7129', 'name': 'AMIS WEALTH', 'ssvid': '357910000', 'flag': 'PAN', 'type': 'cargo', 'public_authorizations': [], 'nextPort': {'id': 'are-ruwais', 'flag': 'ARE', 'name': 'RUWAIS', 'portVisitEventId': 'd867a7725bf6e235d1c886f907f90494'}}","{'total_time_hours': 12.062236111111117, 'total_distance_km': 14.545030027763364, 'average_speed_knots': 0.6510971802918202, 'average_distance_from_shore_km': 45.03647165603161}"
2022-09-10T20:02:01Z,2022-09-12T09:17:40Z,0ace97d0b7f73e4396c197227e4eb96d,loitering,"{'lat': 25.4478, 'lon': 56.7303}","{'mpa': [], 'eez': ['8360'], 'rfmo': ['ACAP', 'IWC', 'IOTC', 'RECOFI'], 'fao': ['51', '51.3'], 'major_fao': ['51'], 'eez_12_nm': [], 'high_seas': [], 'mpa_no_take_partial': [], 'mpa_no_take': []}","[56.717148333333334, 25.420311666666667, 56.74342, 25.475341666666665]","{'start_distance_from_shore_km': 36.0, 'end_distance_from_shore_km': 38.0, 'start_distance_from_port_km': 12.256013000000001, 'end_distance_from_port_km': 16.635918}","{'id': '27feea20d-dcf5-5bd7-e2ef-ff6509bf2312', 'name': 'EQUINOX', 'ssvid': '354815000', 'flag': 'PAN', 'type': 'cargo', 'public_authorizations': [], 'nextPort': {'id': 'idn-cigading', 'flag': 'IDN', 'name': 'CIGADING', 'portVisitEventId': '38e9d3b85b2fefe8492f64a95599ffa5'}}","{'total_time_hours': 37.26108888888889, 'total_distance_km': 9.137538866739625, 'average_speed_knots': 0.13241363645195095, 'average_distance_from_shore_km': 37.60605678641942}"
2022-09-14T13:59:27Z,2022-09-19T03:56:27Z,c17435a1ed2886843ca000aeb9da9431,loitering,"{'lat': 25.4835, 'lon': 56.9252}","{'mpa': [], 'eez': ['8469'], 'rfmo': ['IOTC', 'ACAP', 'RECOFI', 'IWC'], 'fao': ['51.3', '51'], 'major_fao': ['51'], 'eez_12_nm': [], 'high_seas': [], 'mpa_no_take_partial': [], 'mpa_no_take': []}","[56.962235, 25.346041666666668, 56.888198333333335, 25.620961666666666]","{'start_distance_from_shore_km': 58.0, 'end_distance_from_shore_km': 45.0, 'start_distance_from_port_km': 36.240934, 'end_distance_from_port_km': 23.71641}","{'id': '15742956b-b144-3643-8524-5846c3f1fdd0', 'name': 'THYA', 'ssvid': '351588000', 'flag': 'PAN', 'type': 'cargo', 'public_authorizations': [], 'nextPort': {'id': 'are-fujairah', 'flag': 'ARE', 'name': 'FUJAIRAH', 'portVisitEventId': '94de9cbb2798cbd3eea3cb8ba9b3ad29'}}","{'total_time_hours': 109.94980555555551, 'total_distance_km': 53.54622169400429, 'average_speed_knots': 0.2629622358760523, 'average_distance_from_shore_km': 53.66622307227101}"
2022-09-18T23:58:39Z,2022-09-19T13:58:39Z,99beaba3b4f815d189d9d35511a55d43,loitering,"{'lat': 25.519, 'lon': 56.7436}","{'mpa': [], 'eez': ['8360'], 'rfmo': ['ACAP', 'IOTC', 'IWC', 'RECOFI'], 'fao': ['51.3', '51'], 'major_fao': ['51'], 'eez_12_nm': [], 'high_seas': [], 'mpa_no_take_partial': [], 'mpa_no_take': []}","[56.81619333333333, 25.441556666666667, 56.6711, 25.596455]","{'start_distance_from_shore_km': 46.0, 'end_distance_from_shore_km': 32.0, 'start_distance_from_port_km': 22.537761999999997, 'end_distance_from_port_km': 3.892202}","{'id': '1b0027795-5868-504b-e3c9-69953bac6d1d', 'name': 'SEA KSANTI', 'ssvid': '563145900', 'flag': 'SGP', 'type': 'cargo', 'public_authorizations': [], 'nextPort': {'id': 'qat-doha', 'flag': 'QAT', 'name': None, 'portVisitEventId': 'd279b78b53ff5d1c1cac7922b3a7c938'}}","{'total_time_hours': 13.999872222222224, 'total_distance_km': 24.4319889279302, 'average_speed_knots': 0.9423099321328517, 'average_distance_from_shore_km': 37.22719091790113}"
2022-09-19T05:51:49Z,2022-09-20T10:50:06Z,df01bd3c7fdba4fe24097e589e1f5f74,loitering,"{'lat': 25.5434, 'lon': 56.9125}","{'mpa': [], 'eez': ['8469'], 'rfmo': ['IWC', 'RECOFI', 'ACAP', 'IOTC'], 'fao': ['51.3', '51'], 'major_fao': ['51'], 'eez_12_nm': [], 'high_seas': [], 'mpa_no_take_partial': [], 'mpa_no_take': []}","[56.92236, 25.487141666666666, 56.902613333333335, 25.599595]","{'start_distance_from_shore_km': 51.0, 'end_distance_from_shore_km': 46.0, 'start_distance_from_port_km': 31.239498, 'end_distance_from_port_km': 25.287641}","{'id': '15742956b-b144-3643-8524-5846c3f1fdd0', 'name': 'THYA', 'ssvid': '351588000', 'flag': 'PAN', 'type': 'cargo', 'public_authorizations': [], 'nextPort': {'id': 'are-fujairah', 'flag': 'ARE', 'name': 'FUJAIRAH', 'portVisitEventId': '94de9cbb2798cbd3eea3cb8ba9b3ad29'}}","{'total_time_hours': 28.97160833333335, 'total_distance_km': 19.723480952488917, 'average_speed_knots': 0.3675953231727415, 'average_distance_from_shore_km': 47.21007205410461}"
2022-09-19T20:59:51Z,2022-09-20T04:53:57Z,bf655cafa58a73afecc3b67e186ce2a5,loitering,"{'lat': 25.5186, 'lon': 56.9825}","{'mpa': [], 'eez': ['8469'], 'rfmo': ['ACAP', 'RECOFI', 'IWC', 'IOTC'], 'fao': ['51.3', '51'], 'major_fao': ['51'], 'eez_12_nm': [], 'high_seas': [], 'mpa_no_take_partial': [], 'mpa_no_take': []}","[56.997148333333335, 25.48002333333333, 56.96783833333333, 25.557098333333332]","{'start_distance_from_shore_km': 46.0, 'end_distance_from_shore_km': 42.0, 'start_distance_from_port_km': 38.871218999999996, 'end_distance_from_port_km': 33.021152}","{'id': 'adc5f31c5-5a2d-579c-45fa-625581a86cf9', 'name': 'ENGLISH BAY', 'ssvid': '477101000', 'flag': 'HKG', 'type': 'cargo', 'public_authorizations': [], 'nextPort': {'id': 'ind-jakhau', 'flag': 'IND', 'name': None, 'portVisitEventId': '284bd6a3a7fc79a2b87fee9b811145c5'}}","{'total_time_hours': 7.901672222222222, 'total_distance_km': 9.809690282823057, 'average_speed_knots': 0.6703402595095453, 'average_distance_from_shore_km': 44.16357129913086}"
2022-09-20T06:59:58Z,2022-09-20T17:52:17Z,7e5ce25d460afe10eeb9ebc980e81b32,loitering,"{'lat': 25.4326, 'lon': 57.0359}","{'mpa': [], 'eez': ['8469'], 'rfmo': ['ACAP', 'IOTC', 'IWC', 'RECOFI'], 'fao': ['51', '51.3'], 'major_fao': ['51'], 'eez_12_nm': [], 'high_seas': [], 'mpa_no_take_partial': [], 'mpa_no_take': []}","[57.00015666666667, 25.409346666666668, 57.07171833333334, 25.455818333333333]","{'start_distance_from_shore_km': 52.0, 'end_distance_from_shore_km': 44.0, 'start_distance_from_port_km': 40.192226999999995, 'end_distance_from_port_km': 45.228105000000006}","{'id': 'adc5f31c5-5a2d-579c-45fa-625581a86cf9', 'name': 'ENGLISH BAY', 'ssvid': '477101000', 'flag': 'HKG', 'type': 'cargo', 'public_authorizations': [], 'nextPort': {'id': 'ind-jakhau', 'flag': 'IND', 'name': None, 'portVisitEventId': '284bd6a3a7fc79a2b87fee9b811145c5'}}","{'total_time_hours': 10.87208333333333, 'total_distance_km': 16.054621932916206, 'average_speed_knots': 0.7973450969612619, 'average_distance_from_shore_km': 49.45252939015381}"
2022-09-20T12:58:08Z,2022-09-22T08:58:09Z,320e0e167ac65f120f6c892d9d189d4a,loitering,"{'lat': 25.5029, 'lon': 56.8964}","{'mpa': [], 'eez': ['8469'], 'rfmo': ['ACAP', 'IOTC', 'IWC', 'RECOFI'], 'fao': ['51', '51.3'], 'major_fao': ['51'], 'eez_12_nm': [], 'high_seas': [], 'mpa_no_take_partial': [], 'mpa_no_take': []}","[56.895786666666666, 25.425011666666666, 56.89700166666667, 25.580871666666667]","{'start_distance_from_shore_km': 53.0, 'end_distance_from_shore_km': 47.0, 'start_distance_from_port_km': 30.314238, 'end_distance_from_port_km': 25.677867}","{'id': '15742956b-b144-3643-8524-5846c3f1fdd0', 'name': 'THYA', 'ssvid': '351588000', 'flag': 'PAN', 'type': 'cargo', 'public_authorizations': [], 'nextPort': {'id': 'are-fujairah', 'flag': 'ARE', 'name': 'FUJAIRAH', 'portVisitEventId': '94de9cbb2798cbd3eea3cb8ba9b3ad29'}}","{'total_time_hours': 44.00027777777776, 'total_distance_km': 34.21501811134526, 'average_speed_knots': 0.41987534494412315, 'average_distance_from_shore_km': 50.95557191384378}"
2022-09-20T18:45:02Z,2022-09-20T21:59:07Z,9ac7abb53d6ca0dd60f77664f6d7fe17,loitering,"{'lat': 25.4094, 'lon': 57.0637}","{'mpa': [], 'eez': ['8469'], 'rfmo': ['IWC', 'IOTC', 'ACAP', 'RECOFI'], 'fao': ['51', '51.3'], 'major_fao': ['51'], 'eez_12_nm': [], 'high_seas': [], 'mpa_no_take_partial': [], 'mpa_no_take': []}","[57.07691666666667, 25.403315, 57.050486666666664, 25.415413333333333]","{'start_distance_from_shore_km': 49.0, 'end_distance_from_shore_km': 48.0, 'start_distance_from_port_km': 48.214199, 'end_distance_from_port_km': 45.251746}","{'id': 'adc5f31c5-5a2d-579c-45fa-625581a86cf9', 'name': 'ENGLISH BAY', 'ssvid': '477101000', 'flag': 'HKG', 'type': 'cargo', 'public_authorizations': [], 'nextPort': {'id': 'ind-jakhau', 'flag': 'IND', 'name': None, 'portVisitEventId': '284bd6a3a7fc79a2b87fee9b811145c5'}}","{'total_time_hours': 3.234563888888889, 'total_distance_km': 4.6405054301950255, 'average_speed_knots': 0.774655429473604, 'average_distance_from_shore_km': 49.052792548805}"
2022-09-20T19:58:24Z,2022-09-20T20:59:47Z,cbb5a93cbad7d77fbef3d556e321ac67,loitering,"{'lat': 25.4299, 'lon': 56.8321}","{'mpa': [], 'eez': ['8360'], 'rfmo': ['IOTC', 'ACAP', 'RECOFI', 'IWC'], 'fao': ['51', '51.3'], 'major_fao': ['51'], 'eez_12_nm': [], 'high_seas': [], 'mpa_no_take_partial': [], 'mpa_no_take': []}","[56.83453333333333, 25.42941666666667, 56.8297, 25.430366666666668]","{'start_distance_from_shore_km': 47.0, 'end_distance_from_shore_km': 47.0, 'start_distance_from_port_km': 23.339396, 'end_distance_from_port_km': 23.339396}","{'id': '5dd4aa3cf-f624-dcd3-4b9f-7d2f8f85d91e', 'name': 'AEOLIAN VICTORY', 'ssvid': '210354000', 'flag': 'CYP', 'type': 'cargo', 'public_authorizations': [], 'nextPort': {'id': 'are-fujairah', 'flag': 'ARE', 'name': 'FUJAIRAH', 'portVisitEventId': 'db9d68ec0964d23e08d9f2b0b86ffcdd'}}","{'total_time_hours': 1.0230944444444443, 'total_distance_km': 0.5069895331452567, 'average_speed_knots': 0.2675729979662573, 'average_distance_from_shore_km': 47.0}"
2022-09-20T22:59:34Z,2022-09-21T10:56:36Z,2df8681f6397b1846e26a3868456936e,loitering,"{'lat': 25.4885, 'lon': 57.0286}","{'mpa': [], 'eez': ['8469'], 'rfmo': ['IWC', 'ACAP', 'RECOFI', 'IOTC'], 'fao': ['51.3', '51'], 'major_fao': ['51'], 'eez_12_nm': [], 'high_seas': [], 'mpa_no_take_partial': [], 'mpa_no_take': []}","[57.07757333333333, 25.426171666666665, 56.979555, 25.550795]","{'start_distance_from_shore_km': 46.0, 'end_distance_from_shore_km': 42.0, 'start_distance_from_port_km': 47.777375, 'end_distance_from_port_km': 34.26957}","{'id': 'adc5f31c5-5a2d-579c-45fa-625581a86cf9', 'name': 'ENGLISH BAY', 'ssvid': '477101000', 'flag': 'HKG', 'type': 'cargo', 'public_authorizations': [], 'nextPort': {'id': 'ind-jakhau', 'flag': 'IND', 'name': None, 'portVisitEventId': '284bd6a3a7fc79a2b87fee9b811145c5'}}","{'total_time_hours': 11.950627777777775, 'total_distance_km': 18.38327789658201, 'average_speed_knots': 0.8305987061645773, 'average_distance_from_shore_km': 45.745669551289325}"
2022-09-21T12:54:36Z,2022-09-21T22:30:40Z,cd3a9c4e2d1907668a6b10c7d46a2217,loitering,"{'lat': 25.4433, 'lon': 56.9764}","{'mpa': [], 'eez': ['8469'], 'rfmo': ['RECOFI', 'IOTC', 'IWC', 'ACAP'], 'fao': ['51', '51.3'], 'major_fao': ['51'], 'eez_12_nm': [], 'high_seas': [], 'mpa_no_take_partial': [], 'mpa_no_take': []}","[56.98763, 25.416443333333333, 56.965265, 25.470213333333334]","{'start_distance_from_shore_km': 52.0, 'end_distance_from_shore_km': 49.0, 'start_distance_from_port_km': 39.233875, 'end_distance_from_port_km': 36.703016000000005}","{'id': 'adc5f31c5-5a2d-579c-45fa-625581a86cf9', 'name': 'ENGLISH BAY', 'ssvid': '477101000', 'flag': 'HKG', 'type': 'cargo', 'public_authorizations': [], 'nextPort': {'id': 'ind-jakhau', 'flag': 'IND', 'name': None, 'portVisitEventId': '284bd6a3a7fc79a2b87fee9b811145c5'}}","{'total_time_hours': 9.60103611111111, 'total_distance_km': 8.811487131889276, 'average_speed_knots': 0.4955530184830812, 'average_distance_from_shore_km': 51.4488933178821}"
2022-09-21T23:03:20Z,2022-09-22T15:58:09Z,2a5e73821172fa09fec8dfc3b468b187,loitering,"{'lat': 25.5794, 'lon': 56.8909}","{'mpa': [], 'eez': ['8469'], 'rfmo': ['IOTC', 'RECOFI', 'ACAP', 'IWC'], 'fao': ['51.3', '51'], 'major_fao': ['51'], 'eez_12_nm': [], 'high_seas': [], 'mpa_no_take_partial': [], 'mpa_no_take': []}","[56.936348333333335, 25.464688333333335, 56.845373333333335, 25.694033333333334]","{'start_distance_from_shore_km': 52.0, 'end_distance_from_shore_km': 46.0, 'start_distance_from_port_km': 34.695926, 'end_distance_from_port_km': 19.169719}","{'id': 'adc5f31c5-5a2d-579c-45fa-625581a86cf9', 'name': 'ENGLISH BAY', 'ssvid': '477101000', 'flag': 'HKG', 'type': 'cargo', 'public_authorizations': [], 'nextPort': {'id': 'ind-jakhau', 'flag': 'IND', 'name': None, 'portVisitEventId': '284bd6a3a7fc79a2b87fee9b811145c5'}}","{'total_time_hours': 16.91378055555555, 'total_distance_km': 30.31622232687504, 'average_speed_knots': 0.9678173632858045, 'average_distance_from_shore_km': 49.43590723951985}"
2022-09-22T17:59:50Z,2022-09-22T19:58:05Z,ba544748fd5910e281045852a64ffd9e,loitering,"{'lat': 25.5355, 'lon': 56.9769}","{'mpa': [], 'eez': ['8469'], 'rfmo': ['RECOFI', 'IOTC', 'IWC', 'ACAP'], 'fao': ['51', '51.3'], 'major_fao': ['51'], 'eez_12_nm': [], 'high_seas': [], 'mpa_no_take_partial': [], 'mpa_no_take': []}","[56.970108333333336, 25.528365, 56.98366166666667, 25.54256833333333]","{'start_distance_from_shore_km': 44.0, 'end_distance_from_shore_km': 43.0, 'start_distance_from_port_km': 33.966344, 'end_distance_from_port_km': 34.576207000000004}","{'id': 'adc5f31c5-5a2d-579c-45fa-625581a86cf9', 'name': 'ENGLISH BAY', 'ssvid': '477101000', 'flag': 'HKG', 'type': 'cargo', 'public_authorizations': [], 'nextPort': {'id': 'ind-jakhau', 'flag': 'IND', 'name': None, 'portVisitEventId': '284bd6a3a7fc79a2b87fee9b811145c5'}}","{'total_time_hours': 1.9707972222222223, 'total_distance_km': 2.1005380505034354, 'average_speed_knots': 0.5755030494756108, 'average_distance_from_shore_km': 43.35295989481981}"
2022-09-26T07:58:33Z,2022-09-27T11:58:07Z,1abb3f8ba7621e44a6aea323ba522687,loitering,"{'lat': 25.5067, 'lon': 56.9331}","{'mpa': [], 'eez': ['8469'], 'rfmo': ['IWC', 'RECOFI', 'IOTC', 'ACAP'], 'fao': ['51.3', '51'], 'major_fao': ['51'], 'eez_12_nm': [], 'high_seas': [], 'mpa_no_take_partial': [], 'mpa_no_take': []}","[57.01831333333333, 25.458515, 56.84795166666667, 25.554831666666665]","{'start_distance_from_shore_km': 47.0, 'end_distance_from_shore_km': 49.0, 'start_distance_from_port_km': 41.656293, 'end_distance_from_port_km': 21.941637}","{'id': '15742956b-b144-3643-8524-5846c3f1fdd0', 'name': 'THYA', 'ssvid': '351588000', 'flag': 'PAN', 'type': 'cargo', 'public_authorizations': [], 'nextPort': {'id': 'are-fujairah', 'flag': 'ARE', 'name': 'FUJAIRAH', 'portVisitEventId': '94de9cbb2798cbd3eea3cb8ba9b3ad29'}}","{'total_time_hours': 27.99254444444444, 'total_distance_km': 24.54420374123891, 'average_speed_knots': 0.47344069853269805, 'average_distance_from_shore_km': 48.83045440180873}"
2022-09-27T14:51:35Z,2022-09-28T09:59:02Z,2b575d6d6d574e1c5cb66b8578c67d8f,loitering,"{'lat': 25.4107, 'lon': 56.9984}","{'mpa': [], 'eez': ['8469'], 'rfmo': ['IWC', 'ACAP', 'RECOFI', 'IOTC'], 'fao': ['51', '51.3'], 'major_fao': ['51'], 'eez_12_nm': [], 'high_seas': [], 'mpa_no_take_partial': [], 'mpa_no_take': []}","[57.061725, 25.380301666666668, 56.934985, 25.441116666666666]","{'start_distance_from_shore_km': 52.0, 'end_distance_from_shore_km': 54.0, 'start_distance_from_port_km': 46.212934000000004, 'end_distance_from_port_km': 33.438898}","{'id': '15742956b-b144-3643-8524-5846c3f1fdd0', 'name': 'THYA', 'ssvid': '351588000', 'flag': 'PAN', 'type': 'cargo', 'public_authorizations': [], 'nextPort': {'id': 'are-fujairah', 'flag': 'ARE', 'name': 'FUJAIRAH', 'portVisitEventId': '94de9cbb2798cbd3eea3cb8ba9b3ad29'}}","{'total_time_hours': 19.12413333333334, 'total_distance_km': 18.792042561743038, 'average_speed_knots': 0.5305804480225338, 'average_distance_from_shore_km': 49.54675444403811}"
2022-09-29T10:56:52Z,2022-09-29T13:59:33Z,5d727e3fd3e27cfa965b55dd0aa0c441,loitering,"{'lat': 25.4469, 'lon': 56.7339}","{'mpa': [], 'eez': ['8360'], 'rfmo': ['IOTC', 'IWC', 'RECOFI', 'ACAP'], 'fao': ['51', '51.3'], 'major_fao': ['51'], 'eez_12_nm': [], 'high_seas': [], 'mpa_no_take_partial': [], 'mpa_no_take': []}","[56.744303333333335, 25.435356666666667, 56.72342833333333, 25.458445]","{'start_distance_from_shore_km': 38.0, 'end_distance_from_shore_km': 36.0, 'start_distance_from_port_km': 14.746888, 'end_distance_from_port_km': 13.774158}","{'id': '051fb7cdd-ddd3-47d4-ffb0-3acde3a6c798', 'name': 'RUSLANA', 'ssvid': '273450990', 'flag': 'RUS', 'type': 'cargo', 'public_authorizations': [], 'nextPort': {'id': 'are-khorfakkan', 'flag': 'ARE', 'name': 'KHOR FAKKAN', 'portVisitEventId': '0a6eea2c833022dbe76dc70ca05d2de0'}}","{'total_time_hours': 3.0447638888888897, 'total_distance_km': 3.317675417240769, 'average_speed_knots': 0.5883547882757787, 'average_distance_from_shore_km': 37.35139594123307}"
2022-09-29T20:51:42Z,2022-10-05T06:58:42Z,17b56181d51afd25b138195d110a97fb,loitering,"{'lat': 25.6863, 'lon': 56.9299}","{'mpa': [], 'eez': ['8469'], 'rfmo': ['ACAP', 'IOTC', 'RECOFI', 'IWC'], 'fao': ['51.3', '51'], 'major_fao': ['51'], 'eez_12_nm': [], 'high_seas': [], 'mpa_no_take_partial': [], 'mpa_no_take': []}","[56.929325, 25.686933333333332, 56.93053333333334, 25.685725]","{'start_distance_from_shore_km': 39.0, 'end_distance_from_shore_km': 39.0, 'start_distance_from_port_km': 27.148479, 'end_distance_from_port_km': 27.148479}","{'id': 'b24d7000b-b4cf-e581-7a67-86b00fca61e2', 'name': 'ASPHALT EXPRESS', 'ssvid': '371334000', 'flag': 'PAN', 'type': 'cargo', 'public_authorizations': [], 'nextPort': {'id': 'are-minasaqr', 'flag': 'ARE', 'name': 'MINA SAQR', 'portVisitEventId': 'f7021eededb78d7440a125ae0d0083fc'}}","{'total_time_hours': 130.11673333333331, 'total_distance_km': 8.919938854986151, 'average_speed_knots': 0.0370158514417989, 'average_distance_from_shore_km': 39.00000000000001}"
2022-10-05T23:59:45Z,2022-10-06T01:59:45Z,07b844316b8615db9d22a0b68434e165,loitering,"{'lat': 25.5702, 'lon': 56.7487}","{'mpa': [], 'eez': ['8360'], 'rfmo': ['IOTC', 'IWC', 'RECOFI', 'ACAP'], 'fao': ['51', '51.3'], 'major_fao': ['51'], 'eez_12_nm': [], 'high_seas': [], 'mpa_no_take_partial': [], 'mpa_no_take': []}","[56.75389333333333, 25.57126166666667, 56.74348666666667, 25.569081666666666]","{'start_distance_from_shore_km': 39.0, 'end_distance_from_shore_km': 38.0, 'start_distance_from_port_km': 12.044529, 'end_distance_from_port_km': 11.223389}","{'id': 'b19c2b5d1-1987-bcab-f600-e984a14b5ad1', 'name': 'ENCORE', 'ssvid': '354864000', 'flag': 'PAN', 'type': 'cargo', 'public_authorizations': [], 'nextPort': {'id': 'are-khorfakkan', 'flag': 'ARE', 'name': 'KHOR FAKKAN', 'portVisitEventId': '861c67e6ceb89b269a4764355e8f154f'}}","{'total_time_hours': 2.0001527777777777, 'total_distance_km': 1.3194395945221236, 'average_speed_knots': 0.3561929837192846, 'average_distance_from_shore_km': 38.853123593931436}"
2022-10-06T13:59:24Z,2022-10-08T05:58:41Z,4c000c6c6140451aef0c4698bb1a5281,loitering,"{'lat': 25.687, 'lon': 56.9339}","{'mpa': [], 'eez': ['8469'], 'rfmo': ['RECOFI', 'ACAP', 'IOTC', 'IWC'], 'fao': ['51.3', '51'], 'major_fao': ['51'], 'eez_12_nm': [], 'high_seas': [], 'mpa_no_take_partial': [], 'mpa_no_take': []}","[56.934805, 25.687973333333332, 56.93290833333333, 25.686071666666667]","{'start_distance_from_shore_km': 39.0, 'end_distance_from_shore_km': 39.0, 'start_distance_from_port_km': 27.148479, 'end_distance_from_port_km': 27.148479}","{'id': '26164b150-0920-01cd-0058-7b43cc323ef1', 'name': 'QUEEN LUCA', 'ssvid': '351056000', 'flag': 'PAN', 'type': 'cargo', 'public_authorizations': [], 'nextPort': {'id': 'irq-al-basrahoilterminal', 'flag': 'IRQ', 'name': None, 'portVisitEventId': '4042308a9cf67dc4877f72c09e0dac1c'}}","{'total_time_hours': 39.988325000000025, 'total_distance_km': 2.093864676727607, 'average_speed_knots': 0.02827316417266014, 'average_distance_from_shore_km': 38.65479712621333}"
2022-10-16T19:57:24Z,2022-10-27T02:57:49Z,0c683b8b184eac985f383dc0af5275c1,loitering,"{'lat': 25.7167, 'lon': 56.9173}","{'mpa': [], 'eez': ['8469'], 'rfmo': ['ACAP', 'IWC', 'RECOFI', 'IOTC'], 'fao': ['51', '51.3'], 'major_fao': ['51'], 'eez_12_nm': [], 'high_seas': [], 'mpa_no_take_partial': [], 'mpa_no_take': []}","[56.9166, 25.717133333333333, 56.91806666666666, 25.716183333333333]","{'start_distance_from_shore_km': 39.0, 'end_distance_from_shore_km': 39.0, 'start_distance_from_port_km': 26.638488000000002, 'end_distance_from_port_km': 26.638488000000002}","{'id': 'dfb0d112a-a00f-3def-07ab-ffbab2914971', 'name': 'VELA GAS', 'ssvid': '372406000', 'flag': 'PAN', 'type': 'cargo', 'public_authorizations': [], 'nextPort': {'id': 'omn-sohar', 'flag': 'OMN', 'name': None, 'portVisitEventId': 'f15fb792064c19534697d5316741706f'}}","{'total_time_hours': 247.00690277777818, 'total_distance_km': 13.365743855721336, 'average_speed_knots': 0.02921750059202206, 'average_distance_from_shore_km': 38.999999999999936}"
2022-10-24T17:58:06Z,2022-10-24T23:59:12Z,26b4b28abc0cb5e0255a562b7ac787d8,loitering,"{'lat': 25.4378, 'lon': 56.8389}","{'mpa': [], 'eez': ['8360'], 'rfmo': ['IOTC', 'RECOFI', 'ACAP', 'IWC'], 'fao': ['51.3', '51'], 'major_fao': ['51'], 'eez_12_nm': [], 'high_seas': [], 'mpa_no_take_partial': [], 'mpa_no_take': []}","[56.85994166666667, 25.453336666666665, 56.817930000000004, 25.422301666666666]","{'start_distance_from_shore_km': 50.0, 'end_distance_from_shore_km': 46.0, 'start_distance_from_port_km': 26.695978999999998, 'end_distance_from_port_km': 22.207982}","{'id': '15742956b-b144-3643-8524-5846c3f1fdd0', 'name': 'THYA', 'ssvid': '351588000', 'flag': 'PAN', 'type': 'cargo', 'public_authorizations': [], 'nextPort': {'id': 'are-khorfakkan', 'flag': 'ARE', 'name': 'KHOR FAKKAN', 'portVisitEventId': '820d2e21bd4b46265370b8826c3b7fa9'}}","{'total_time_hours': 6.018333333333335, 'total_distance_km': 6.308785438841464, 'average_speed_knots': 0.5660157772215203, 'average_distance_from_shore_km': 48.90588126843654}"
2022-10-25T00:59:16Z,2022-10-25T06:59:14Z,c08ca385b96c74918b72e1fddb3574da,loitering,"{'lat': 25.4479, 'lon': 56.8869}","{'mpa': [], 'eez': ['8360'], 'rfmo': ['RECOFI', 'IWC', 'ACAP', 'IOTC'], 'fao': ['51', '51.3'], 'major_fao': ['51'], 'eez_12_nm': [], 'high_seas': [], 'mpa_no_take_partial': [], 'mpa_no_take': []}","[56.90137333333333, 25.442463333333333, 56.872476666666664, 25.453273333333335]","{'start_distance_from_shore_km': 53.0, 'end_distance_from_shore_km': 51.0, 'start_distance_from_port_km': 30.455422, 'end_distance_from_port_km': 27.679002}","{'id': '15742956b-b144-3643-8524-5846c3f1fdd0', 'name': 'THYA', 'ssvid': '351588000', 'flag': 'PAN', 'type': 'cargo', 'public_authorizations': [], 'nextPort': {'id': 'are-khorfakkan', 'flag': 'ARE', 'name': 'KHOR FAKKAN', 'portVisitEventId': '820d2e21bd4b46265370b8826c3b7fa9'}}","{'total_time_hours': 5.9994444444444435, 'total_distance_km': 8.406347490469148, 'average_speed_knots': 0.7565808070603923, 'average_distance_from_shore_km': 52.97936288088644}"
2022-10-25T21:59:14Z,2022-10-27T04:59:17Z,9ea9f6c9689bd0f9841c3a65af45dbd3,loitering,"{'lat': 25.4707, 'lon': 56.7989}","{'mpa': [], 'eez': ['8360'], 'rfmo': ['IOTC', 'IWC', 'RECOFI', 'ACAP'], 'fao': ['51.3', '51'], 'major_fao': ['51'], 'eez_12_nm': [], 'high_seas': [], 'mpa_no_take_partial': [], 'mpa_no_take': []}","[56.90793833333333, 25.566174999999998, 56.68986833333334, 25.3753]","{'start_distance_from_shore_km': 46.0, 'end_distance_from_shore_km': 32.0, 'start_distance_from_port_km': 26.91266, 'end_distance_from_port_km': 9.041665}","{'id': '1e7c1c83f-ffbd-d43b-ab6e-5beafeb90726', 'name': 'PACIFIC INFINITY', 'ssvid': '373201000', 'flag': 'PAN', 'type': 'cargo', 'public_authorizations': [], 'nextPort': {'id': 'ind-jakhau', 'flag': 'IND', 'name': None, 'portVisitEventId': 'ba0914d20b81f23bc084705426e62254'}}","{'total_time_hours': 31.000833333333393, 'total_distance_km': 35.93047909044718, 'average_speed_knots': 0.6258188748574672, 'average_distance_from_shore_km': 44.22973978174903}"
2022-10-29T06:59:03Z,2022-10-30T03:56:14Z,9fa095a109ebe4f1fe88b4c8bfd2f6fa,loitering,"{'lat': 25.4476, 'lon': 56.8397}","{'mpa': [], 'eez': ['8360'], 'rfmo': ['RECOFI', 'ACAP', 'IWC', 'IOTC'], 'fao': ['51.3', '51'], 'major_fao': ['51'], 'eez_12_nm': [], 'high_seas': [], 'mpa_no_take_partial': [], 'mpa_no_take': []}","[56.92438666666667, 25.338636666666666, 56.755075000000005, 25.556581666666666]","{'start_distance_from_shore_km': 55.0, 'end_distance_from_shore_km': 40.0, 'start_distance_from_port_km': 32.327357, 'end_distance_from_port_km': 13.500811}","{'id': 'ca147cf7b-b162-462d-9846-71fb95fcd075', 'name': 'ASL ROSE', 'ssvid': '636018826', 'flag': 'LBR', 'type': 'cargo', 'public_authorizations': [], 'nextPort': {'id': 'are-sharjah', 'flag': 'ARE', 'name': 'SHARJAH', 'portVisitEventId': '5e24906292a3d22afff43fed9f92a876'}}","{'total_time_hours': 20.953055555555586, 'total_distance_km': 32.42765080290675, 'average_speed_knots': 0.8356552401004539, 'average_distance_from_shore_km': 49.96958063869494}"
2022-10-31T11:59:14Z,2022-11-11T04:59:12Z,18b075a8694ec1d778b35e00090a10c8,loitering,"{'lat': 25.5991, 'lon': 56.9792}","{'mpa': [], 'eez': ['8469'], 'rfmo': ['IWC', 'IOTC', 'ACAP', 'RECOFI'], 'fao': ['51.3', '51'], 'major_fao': ['51'], 'eez_12_nm': [], 'high_seas': [], 'mpa_no_take_partial': [], 'mpa_no_take': []}","[56.97971666666667, 25.599733333333333, 56.97875, 25.5985]","{'start_distance_from_shore_km': 39.0, 'end_distance_from_shore_km': 39.0, 'start_distance_from_port_km': 33.010715, 'end_distance_from_port_km': 33.010715}","{'id': '23c4b08b5-51ba-f6c6-6a48-440f5c9790be', 'name': 'PVT AROMA', 'ssvid': '574003240', 'flag': 'VNM', 'type': 'cargo', 'public_authorizations': [], 'nextPort': {'id': 'omn-sohar', 'flag': 'OMN', 'name': None, 'portVisitEventId': 'bdd8f17a87b03ae1c16592f4dcf95642'}}","{'total_time_hours': 256.9994444444446, 'total_distance_km': 19.549132057758005, 'average_speed_knots': 0.04107280028974008, 'average_distance_from_shore_km': 38.99999999999999}"
2022-11-05T23:58:29Z,2022-11-06T04:59:20Z,26a00f7dd4bd2aa78052a3dbfbd6097c,loitering,"{'lat': 26.2626, 'lon': 55.6896}","{'mpa': [], 'eez': ['8469'], 'rfmo': ['IOTC', 'RECOFI', 'ACAP', 'IWC'], 'fao': ['51', '51.2'], 'major_fao': ['51'], 'eez_12_nm': [], 'high_seas': [], 'mpa_no_take_partial': [], 'mpa_no_take': []}","[55.653895000000006, 26.228833333333334, 55.72528833333333, 26.296385]","{'start_distance_from_shore_km': 33.0, 'end_distance_from_shore_km': 37.0, 'start_distance_from_port_km': 27.974863000000003, 'end_distance_from_port_km': 25.924504000000002}","{'id': 'a75a9b7ef-f03e-7d20-91cb-65c49da02afc', 'name': 'SHINING BLISS', 'ssvid': '565097000', 'flag': 'SGP', 'type': 'cargo', 'public_authorizations': [], 'nextPort': {'id': 'omn-omn-22', 'flag': 'OMN', 'name': 'OMN-22', 'portVisitEventId': '7bb3f559526b91217389d64f5d875d17'}}","{'total_time_hours': 5.014166666666666, 'total_distance_km': 10.571193030298724, 'average_speed_knots': 1.1383721317640398, 'average_distance_from_shore_km': 37.12712328767122}"
2022-11-08T20:58:36Z,2022-11-19T17:32:49Z,1a591609e7a36d05db0ee48fed2fec5c,loitering,"{'lat': 25.7249, 'lon': 56.9321}","{'mpa': [], 'eez': ['8469'], 'rfmo': ['ACAP', 'IWC', 'IOTC', 'RECOFI'], 'fao': ['51', '51.3'], 'major_fao': ['51'], 'eez_12_nm': [], 'high_seas': [], 'mpa_no_take_partial': [], 'mpa_no_take': []}","[56.93180666666667, 25.724853333333332, 56.93233333333333, 25.725003333333333]","{'start_distance_from_shore_km': 38.0, 'end_distance_from_shore_km': 38.0, 'start_distance_from_port_km': 27.619207, 'end_distance_from_port_km': 27.863236}","{'id': '3a98bc276-675b-a9c2-6cf7-f13aac831d80', 'name': 'LIANXING', 'ssvid': '352898801', 'flag': 'PAN', 'type': 'cargo', 'public_authorizations': [], 'nextPort': {'id': 'are-fujairah', 'flag': 'ARE', 'name': 'FUJAIRAH', 'portVisitEventId': 'c132dc062fc39641454c07fee0f60327'}}","{'total_time_hours': 260.57027777777796, 'total_distance_km': 13.854809110520312, 'average_speed_knots': 0.028710098878529045, 'average_distance_from_shore_km': 37.99999999999998}"
2022-11-12T01:06:28Z,2022-11-12T16:58:45Z,1b7d6f6e71d5b0e4cf62ce0633622704,loitering,"{'lat': 25.455, 'lon': 56.7326}","{'mpa': [], 'eez': ['8360'], 'rfmo': ['IWC', 'ACAP', 'IOTC', 'RECOFI'], 'fao': ['51', '51.3'], 'major_fao': ['51'], 'eez_12_nm': [], 'high_seas': [], 'mpa_no_take_partial': [], 'mpa_no_take': []}","[56.74410833333333, 25.515296666666664, 56.721165, 25.394605000000002]","{'start_distance_from_shore_km': 38.0, 'end_distance_from_shore_km': 35.0, 'start_distance_from_port_km': 15.201812, 'end_distance_from_port_km': 12.054555}","{'id': 'b8d7416b7-740e-dac6-0cef-d3fce1851eee', 'name': 'SONDOS', 'ssvid': '352001521', 'flag': 'PAN', 'type': 'bunker', 'public_authorizations': [], 'nextPort': {'id': 'are-fujairah', 'flag': 'ARE', 'name': 'FUJAIRAH', 'portVisitEventId': '07685d78188d2b8574a587e610dbb467'}}","{'total_time_hours': 15.87138888888889, 'total_distance_km': 19.290048317593737, 'average_speed_knots': 0.6562622150457276, 'average_distance_from_shore_km': 43.80977025562122}"
2022-12-04T07:58:43Z,2022-12-06T17:59:02Z,500c3255ce1c844c6f1c3eb130c05c6b,loitering,"{'lat': 25.7632, 'lon': 56.8811}","{'mpa': [], 'eez': ['8469'], 'rfmo': ['RECOFI', 'ACAP', 'IWC', 'IOTC'], 'fao': ['51.3', '51'], 'major_fao': ['51'], 'eez_12_nm': [], 'high_seas': [], 'mpa_no_take_partial': [], 'mpa_no_take': []}","[56.87354833333333, 25.752475, 56.88856166666667, 25.773925000000002]","{'start_distance_from_shore_km': 43.0, 'end_distance_from_shore_km': 40.0, 'start_distance_from_port_km': 22.842509999999997, 'end_distance_from_port_km': 25.583812}","{'id': '6201b3cbe-e194-2907-9f2c-7b6a2b5b9642', 'name': 'OURANOS', 'ssvid': '352001693', 'flag': 'PAN', 'type': 'bunker', 'public_authorizations': [], 'nextPort': {'id': 'irq-ummqasr', 'flag': 'IRQ', 'name': None, 'portVisitEventId': '7073a93c615d1a2c58261e230fec3eb4'}}","{'total_time_hours': 58.0052777777778, 'total_distance_km': 4.979060967416451, 'average_speed_knots': 0.046348848711268875, 'average_distance_from_shore_km': 40.00620854895146}"
2022-12-10T16:57:05Z,2022-12-10T18:58:36Z,b6ab5f465a273799f1da7e35ac18a402,loitering,"{'lat': 25.4541, 'lon': 56.895}","{'mpa': [], 'eez': ['8360'], 'rfmo': ['IOTC', 'IWC', 'ACAP', 'RECOFI'], 'fao': ['51', '51.3'], 'major_fao': ['51'], 'eez_12_nm': [], 'high_seas': [], 'mpa_no_take_partial': [], 'mpa_no_take': []}","[56.875483333333335, 25.434366666666666, 56.91458333333333, 25.473866666666666]","{'start_distance_from_shore_km': 52.0, 'end_distance_from_shore_km': 53.0, 'start_distance_from_port_km': 28.318625, 'end_distance_from_port_km': 31.573305}","{'id': '5f23d844f-f490-fc61-3da1-821006f7ff60', 'name': 'THE ETERNAL', 'ssvid': '372787000', 'flag': 'PAN', 'type': 'cargo', 'public_authorizations': [], 'nextPort': {'id': 'egy-suezsouthanchorage', 'flag': 'EGY', 'name': 'SUEZ SOUTH ANCHORAGE', 'portVisitEventId': 'a1b8218f0b217a551ce60531e8f8e29e'}}","{'total_time_hours': 2.0252777777777777, 'total_distance_km': 5.9973043271123085, 'average_speed_knots': 1.5989338891438032, 'average_distance_from_shore_km': 52.90558510638299}"
2022-12-10T21:59:36Z,2022-12-15T13:56:59Z,622bbfc557679c3e2e79b1e32df3c7ea,loitering,"{'lat': 25.7041, 'lon': 56.9285}","{'mpa': [], 'eez': ['8469'], 'rfmo': ['RECOFI', 'ACAP', 'IWC', 'IOTC'], 'fao': ['51.3', '51'], 'major_fao': ['51'], 'eez_12_nm': [], 'high_seas': [], 'mpa_no_take_partial': [], 'mpa_no_take': []}","[56.91941666666666, 25.698800000000002, 56.9375, 25.709433333333333]","{'start_distance_from_shore_km': 39.0, 'end_distance_from_shore_km': 37.0, 'start_distance_from_port_km': 26.266713, 'end_distance_from_port_km': 28.407363}","{'id': '5f23d844f-f490-fc61-3da1-821006f7ff60', 'name': 'THE ETERNAL', 'ssvid': '372787000', 'flag': 'PAN', 'type': 'cargo', 'public_authorizations': [], 'nextPort': {'id': 'egy-suezsouthanchorage', 'flag': 'EGY', 'name': 'SUEZ SOUTH ANCHORAGE', 'portVisitEventId': 'a1b8218f0b217a551ce60531e8f8e29e'}}","{'total_time_hours': 111.95638888888895, 'total_distance_km': 10.33421137114827, 'average_speed_knots': 0.04984108360031962, 'average_distance_from_shore_km': 37.0543138355017}"
2022-12-12T19:52:32Z,2022-12-13T23:58:02Z,2b91ad99298685ede7fbaa7a8cf1c124,loitering,"{'lat': 25.6979, 'lon': 56.9136}","{'mpa': [], 'eez': ['8469'], 'rfmo': ['IOTC', 'RECOFI', 'IWC', 'ACAP'], 'fao': ['51.3', '51'], 'major_fao': ['51'], 'eez_12_nm': [], 'high_seas': [], 'mpa_no_take_partial': [], 'mpa_no_take': []}","[56.913425, 25.697661666666665, 56.91385666666667, 25.69813]","{'start_distance_from_shore_km': 40.0, 'end_distance_from_shore_km': 40.0, 'start_distance_from_port_km': 25.27307, 'end_distance_from_port_km': 25.27307}","{'id': '8f6e2cdb5-5f06-5ba9-a9f2-e5c8071e8a04', 'name': 'ALI M', 'ssvid': '518100369', 'flag': 'COK', 'type': 'cargo', 'public_authorizations': [], 'nextPort': {'id': 'egy-suezsouthanchorage', 'flag': 'EGY', 'name': 'SUEZ SOUTH ANCHORAGE', 'portVisitEventId': '57ea0b495506b1ec3637b7e18c1cac98'}}","{'total_time_hours': 28.091666666666704, 'total_distance_km': 0.3090151732714222, 'average_speed_knots': 0.005939656310137767, 'average_distance_from_shore_km': 39.870337887136394}"
2022-12-24T09:59:01Z,2022-12-24T22:59:21Z,1a1d203a704c7c412250f063185fac57,loitering,"{'lat': 25.4072, 'lon': 56.7361}","{'mpa': [], 'eez': ['8360'], 'rfmo': ['IOTC', 'IWC', 'ACAP', 'RECOFI'], 'fao': ['51.3', '51'], 'major_fao': ['51'], 'eez_12_nm': [], 'high_seas': [], 'mpa_no_take_partial': [], 'mpa_no_take': []}","[56.729335, 25.31712, 56.74286166666666, 25.497315]","{'start_distance_from_shore_km': 36.0, 'end_distance_from_shore_km': 38.0, 'start_distance_from_port_km': 14.197814000000001, 'end_distance_from_port_km': 17.042811}","{'id': 'bf11abe34-40f2-48be-ad7e-44d7da90c7cf', 'name': 'BAHRI WAFI', 'ssvid': '403518000', 'flag': 'SAU', 'type': 'cargo', 'public_authorizations': [], 'nextPort': {'id': 'are-minasaqr', 'flag': 'ARE', 'name': 'MINA SAQR', 'portVisitEventId': '2293476c488be0e59938f5ae1a99ca96'}}","{'total_time_hours': 13.00555555555557, 'total_distance_km': 20.308472973765465, 'average_speed_knots': 0.8431549196910043, 'average_distance_from_shore_km': 37.21816208393624}"
2022-12-26T13:57:50Z,2023-02-02T15:59:45Z,b46e1373ee25d347f24a4b8553fcabe5,loitering,"{'lat': 25.7291, 'lon': 56.8899}","{'mpa': [], 'eez': ['8469'], 'rfmo': ['IOTC', 'ACAP', 'IWC', 'RECOFI'], 'fao': ['51', '51.3'], 'major_fao': ['51'], 'eez_12_nm': [], 'high_seas': [], 'mpa_no_take_partial': [], 'mpa_no_take': []}","[56.88528833333333, 25.74215, 56.894526666666664, 25.71614]","{'start_distance_from_shore_km': 41.0, 'end_distance_from_shore_km': 42.0, 'start_distance_from_port_km': 24.32298, 'end_distance_from_port_km': 23.707009999999997}","{'id': 'd34fbca92-25d3-ad14-0718-654aa6e2de13', 'name': 'KYALAMI', 'ssvid': '636017895', 'flag': 'LBR', 'type': 'cargo', 'public_authorizations': [], 'nextPort': {'id': 'ind-mundra', 'flag': 'IND', 'name': None, 'portVisitEventId': '74f002858d3478ec4735022a068228d9'}}","{'total_time_hours': 914.0319444444452, 'total_distance_km': 150.97209674475798, 'average_speed_knots': 0.08918551617892874, 'average_distance_from_shore_km': 41.51473440266458}"
2022-12-30T01:50:52Z,2022-12-31T06:53:40Z,b3b97a15586f9ffb003a1d7bcbd4103a,loitering,"{'lat': 25.7271, 'lon': 56.9209}","{'mpa': [], 'eez': ['8469'], 'rfmo': ['IWC', 'RECOFI', 'ACAP', 'IOTC'], 'fao': ['51', '51.3'], 'major_fao': ['51'], 'eez_12_nm': [], 'high_seas': [], 'mpa_no_take_partial': [], 'mpa_no_take': []}","[56.91965833333334, 25.726786666666666, 56.92215833333333, 25.72733]","{'start_distance_from_shore_km': 38.0, 'end_distance_from_shore_km': 38.0, 'start_distance_from_port_km': 26.8915, 'end_distance_from_port_km': 26.8915}","{'id': 'b46504ab1-154f-a153-f0e0-6268191de76c', 'name': 'FAN SHUN', 'ssvid': '353430000', 'flag': 'PAN', 'type': 'cargo', 'public_authorizations': [], 'nextPort': {'id': 'are-jebelali', 'flag': 'ARE', 'name': 'JEBEL ALI', 'portVisitEventId': '26a7c5d2241833dbd0e528885fffe8d5'}}","{'total_time_hours': 29.046666666666663, 'total_distance_km': 1.1770906725885462, 'average_speed_knots': 0.02188127554332542, 'average_distance_from_shore_km': 38.0}"
